# File exported by ZBrush version 2025
# www.zbrush.com
#Vertex Count 15737
#Face Count 16042
#Auto scale x=1.000000 y=1.000000 z=1.000000
#Auto offset x=0.000000 y=0.000000 z=0.000000
v 0.26952189 -0.04514438 1.46826934
v 0.29786068 -0.04822193 1.47450971
v 0.31694242 -0.05140833 1.47004389
v 0.27145493 -0.07968813 1.47478914
v 0.29664522 -0.08234421 1.48213243
v 0.31647193 -0.08219769 1.47685468
v 0.27430927 -0.10383617 1.47880125
v 0.29721823 -0.10688056 1.48130369
v 0.31114402 -0.10425283 1.47843265
v 0.24544659 0.04315995 1.43640947
v 0.26853388 0.04241079 1.44475626
v 0.29869997 0.04411815 1.44047761
v 0.24536104 0.01447144 1.44284212
v 0.26565903 0.01160282 1.45334851
v 0.29990357 0.00885366 1.44927835
v 0.24729299 -0.01348317 1.44406616
v 0.26536458 -0.01481389 1.45921349
v 0.29874163 -0.01622533 1.46112859
v 0.312895 -0.02125384 1.45406019
v 0.25780364 -0.04374625 1.44754362
v 0.31624066 -0.04540821 1.45542979
v 0.26851266 -0.07667464 1.45472466
v 0.31416165 -0.07603184 1.45975339
v 0.27477824 -0.10101202 1.46683001
v 0.30130183 -0.09977392 1.46567368
v 0.26328712 0.14684607 1.40794444
v 0.29677128 0.14795464 1.40845596
v 0.24239888 0.10554815 1.40958809
v 0.26857018 0.10966645 1.42027258
v 0.2985771 0.10956303 1.41515934
v 0.2415013 0.07010289 1.42017889
v 0.26844626 0.07484656 1.4309678
v 0.29848662 0.0723282 1.42412352
v 0.23736512 0.04519182 1.42046916
v 0.30099493 0.04583578 1.42204558
v 0.24170273 0.01805927 1.42245996
v 0.29341936 0.01579325 1.42126941
v 0.24799521 -0.01033418 1.42442083
v 0.26275914 -0.00978282 1.41521894
v 0.2943089 -0.01306629 1.42453765
v 0.2677477 -0.03574398 1.4258995
v 0.29479095 -0.03984512 1.42969632
v 0.29212552 -0.06851996 1.44058024
v 0.26697129 0.29579883 1.37607908
v 0.29685914 0.28943562 1.37804973
v 0.24672888 0.26559239 1.37470364
v 0.26861593 0.26251223 1.38495576
v 0.29840016 0.25677496 1.38663387
v 0.31885013 0.26208052 1.37593483
v 0.24428942 0.23377384 1.3809731
v 0.26647037 0.23205286 1.39074814
v 0.29808539 0.2286354 1.39163041
v 0.31780451 0.23093162 1.38086557
v 0.24194078 0.20245194 1.38506281
v 0.26443943 0.20158802 1.39686894
v 0.29702308 0.20025876 1.3975687
v 0.31608256 0.203069 1.38548719
v 0.23947173 0.17380717 1.38716697
v 0.26222467 0.17569106 1.40137994
v 0.29619938 0.17544658 1.40258729
v 0.3149937 0.1794517 1.38963258
v 0.2379743 0.13741767 1.392596
v 0.30936831 0.14928217 1.39178419
v 0.23512944 0.10807272 1.38964605
v 0.30184087 0.11138947 1.39223408
v 0.23973438 0.08029452 1.39000368
v 0.26755583 0.07475586 1.38424837
v 0.29179319 0.0808354 1.39309287
v 0.24449697 0.04719514 1.39903628
v 0.26678335 0.05094 1.3934319
v 0.2841539 0.04768747 1.40102303
v 0.26107317 0.022549 1.40605235
v 0.26512709 0.39001703 1.34739267
v 0.29689556 0.38886889 1.34519076
v 0.24334038 0.36044549 1.34861874
v 0.26657933 0.35979387 1.36033177
v 0.29685419 0.357647 1.36122763
v 0.32106408 0.35778719 1.346614
v 0.24412877 0.32878834 1.35587906
v 0.26516485 0.32966744 1.36810231
v 0.29501628 0.32541596 1.3700068
v 0.32012397 0.3267495 1.3547846
v 0.24404433 0.29416021 1.36122059
v 0.32069754 0.29138329 1.3613733
v 0.23957663 0.26753369 1.3583343
v 0.32251435 0.26638722 1.35949909
v 0.2367703 0.23761743 1.3595469
v 0.31987181 0.23496395 1.36067748
v 0.23585532 0.20702283 1.35983419
v 0.31369683 0.20512452 1.36373841
v 0.23905663 0.17809727 1.35797941
v 0.26605033 0.16727818 1.34950137
v 0.29701763 0.17179893 1.35686206
v 0.31163597 0.17804783 1.36986565
v 0.23920777 0.14012338 1.36587142
v 0.26629775 0.13487164 1.35979628
v 0.2980256 0.14635956 1.36929416
v 0.24111899 0.10869684 1.3730396
v 0.26722407 0.10494305 1.36911535
v 0.29049605 0.10972876 1.37593221
v 0.37850421 1.07223439 1.3215636
v 0.39465612 1.07330751 1.32589197
v 0.42156872 1.06544733 1.32425212
v 0.39564544 1.06102871 1.32455349
v 0.42467027 1.05470824 1.32278692
v 0.43543851 1.05488455 1.3192898
v 0.23944196 0.41886949 1.31556868
v 0.26570403 0.41990515 1.32714605
v 0.2950735 0.41883254 1.32117712
v 0.2371446 0.38821178 1.33141636
v 0.32337826 0.3864935 1.32297813
v 0.23232585 0.36032152 1.33040309
v 0.32821917 0.35886076 1.32370209
v 0.23374693 0.32714247 1.33163642
v 0.32683175 0.32684239 1.32338595
v 0.23516425 0.29756844 1.3297398
v 0.32291227 0.29739326 1.32646071
v 0.24043098 0.26721984 1.3308773
v 0.31732261 0.27068445 1.33262848
v 0.24269375 0.24017365 1.33234071
v 0.26393428 0.23412767 1.32510614
v 0.29446643 0.23694451 1.32809138
v 0.31135994 0.24045899 1.33941865
v 0.2421469 0.20585733 1.34193325
v 0.26359373 0.2013852 1.33494579
v 0.29617565 0.20869803 1.34161257
v 0.36347746 1.07811546 1.29374527
v 0.39212197 1.08207225 1.29935956
v 0.4228664 1.06960833 1.29505825
v 0.39040574 1.05467462 1.30033803
v 0.42447775 1.04839444 1.29612433
v 0.43605193 1.05261492 1.29351067
v 0.23775911 0.44388195 1.28592395
v 0.26679366 0.44558298 1.29313576
v 0.2949723 0.44209125 1.28817677
v -0.26189655 0.41813355 1.28319668
v -0.23290735 0.41747963 1.28652954
v -0.20935764 0.41698813 1.28094601
v 0.21073369 0.42111051 1.28431057
v 0.32136917 0.41798424 1.29417979
v -0.28815364 0.39083373 1.28012108
v -0.2606827 0.39031702 1.29160344
v -0.23303559 0.38994273 1.29322624
v -0.20967146 0.39111197 1.28624939
v 0.20911029 0.39392393 1.29197871
v 0.3297398 0.39327085 1.29364395
v -0.28696858 0.36616426 1.27809834
v -0.26027691 0.36330276 1.28719687
v -0.233379 0.3603034 1.28733778
v -0.20934626 0.36144545 1.2817353
v 0.20969581 0.35968869 1.29405951
v 0.32996553 0.35990402 1.2936505
v 0.21193149 0.32616931 1.29394149
v 0.32598668 0.32600599 1.29285407
v 0.21581015 0.29712703 1.28892922
v 0.31667202 0.29802164 1.29634523
v 0.23906242 0.26938939 1.29692709
v 0.26763823 0.26643681 1.30036103
v 0.29892271 0.27034676 1.3046205
v 0.33629798 1.10424375 1.25177538
v 0.35957682 1.10025572 1.26346409
v 0.39111173 1.09115088 1.26338887
v 0.34237811 1.08547282 1.26514959
v 0.35778972 1.07338452 1.26733803
v 0.41952088 1.07096242 1.26234149
v 0.38946285 1.05727386 1.26677298
v 0.42274701 1.05331766 1.26747322
v 0.23839084 0.47208637 1.25128519
v 0.26963204 0.46935278 1.25613927
v -0.29272154 0.45061478 1.25070643
v -0.25919705 0.45341834 1.26022613
v -0.23127809 0.45506292 1.2605679
v -0.2060644 0.45009651 1.25807213
v -0.17589856 0.44558128 1.24814033
v 0.17423859 0.44489279 1.2483139
v 0.20824939 0.44699555 1.26328635
v 0.29694184 0.45755377 1.26002764
v 0.31973305 0.4448201 1.26018977
v -0.32424601 0.41868463 1.24764943
v -0.2919662 0.41968643 1.269575
v -0.17918416 0.41804513 1.26337134
v -0.14783442 0.41441363 1.24992501
v 0.17138898 0.41754168 1.2600125
v 0.33192682 0.42392557 1.26613092
v -0.32175755 0.3881962 1.25519835
v -0.17574042 0.39404046 1.26714468
v -0.14261288 0.39104771 1.25404357
v -0.07432586 0.38902097 1.24918961
v -0.04460515 0.38593828 1.25066971
v -0.01572695 0.38589683 1.25168979
v 0.01685215 0.38873645 1.25250458
v 0.04711466 0.3914448 1.25345218
v 0.07629348 0.39330971 1.25455677
v 0.10817975 0.39399632 1.2557826
v 0.1370034 0.39467918 1.25669896
v 0.16905692 0.39209756 1.26506567
v 0.33679068 0.39584898 1.26710498
v -0.32332944 0.36029601 1.25297653
v -0.17440664 0.36374306 1.26680934
v -0.14039462 0.36283007 1.25713992
v -0.10847939 0.36217045 1.25462698
v -0.07653325 0.35902974 1.25590825
v -0.04472767 0.35714513 1.25713753
v -0.01545157 0.35670384 1.25827169
v 0.01576121 0.3576138 1.25954926
v 0.04633127 0.3583683 1.26102995
v 0.07642601 0.3593319 1.2625736
v 0.10896123 0.36029794 1.26361942
v 0.13772824 0.36137783 1.26371753
v 0.16958162 0.35992568 1.26927495
v 0.33629882 0.36215972 1.26731133
v -0.290789 0.33420878 1.26205349
v -0.26186549 0.33105155 1.27071511
v -0.23183921 0.32724505 1.27147901
v -0.20575203 0.32927668 1.26943671
v -0.17400422 0.32999742 1.26261365
v -0.14069703 0.32874941 1.25901401
v -0.10958654 0.32707619 1.25924861
v -0.07786808 0.32675743 1.26039695
v -0.04348674 0.32654297 1.26140809
v -0.01415241 0.32653784 1.26248812
v 0.01471424 0.3264752 1.26381552
v 0.04565731 0.3259148 1.26540374
v 0.07741832 0.32610374 1.26710307
v 0.11080184 0.32495239 1.26822841
v 0.13888952 0.32579875 1.26809668
v 0.17052805 0.32638043 1.2714951
v 0.33169597 0.33010631 1.26564192
v -0.29224079 0.30558818 1.24724102
v -0.26211887 0.30234482 1.25458133
v -0.23050791 0.29781565 1.25636088
v -0.20296129 0.29955327 1.25784659
v -0.17338666 0.29829272 1.25757384
v -0.14046135 0.29571202 1.25839185
v -0.10932736 0.29402455 1.26001489
v -0.07693123 0.29492247 1.26128912
v -0.04207008 0.29549205 1.2622025
v -0.01330296 0.29588258 1.26302921
v 0.01441488 0.29574146 1.2641077
v 0.04678373 0.29498988 1.26555466
v 0.0777714 0.29505899 1.26703643
v 0.10922141 0.29358455 1.2682265
v 0.13856041 0.29583972 1.26851177
v 0.17170509 0.29779386 1.27013421
v 0.31962412 0.30241268 1.26202607
v -0.20311097 0.27191439 1.24907457
v -0.17229622 0.26958382 1.25194835
v -0.13976627 0.26519727 1.25402307
v -0.10927038 0.26352441 1.25587618
v -0.07650567 0.26557442 1.25779235
v -0.04411555 0.26655656 1.25862574
v -0.0159858 0.2668527 1.25913333
v 0.012905 0.26685851 1.25994229
v 0.04796436 0.26614642 1.26117527
v 0.07845897 0.26590973 1.26251375
v 0.10823585 0.2652204 1.26393723
v 0.13887321 0.26624396 1.26437676
v 0.17057105 0.26550734 1.26295793
v 0.20614484 0.27016902 1.27099227
v 0.26250356 0.26425248 1.26218211
v 0.29505503 0.27287727 1.25538897
v -0.07547833 0.2355661 1.24846375
v -0.04438512 0.23726305 1.24973213
v -0.01629051 0.23922887 1.25107169
v 0.01190489 0.23926696 1.25150966
v 0.04604917 0.23717434 1.25131893
v 0.07922054 0.23698945 1.25231659
v 0.11147603 0.23768568 1.25394523
v 0.14108103 0.23834835 1.2551676
v 0.16982591 0.23611241 1.25327396
v 0.20069098 0.24002723 1.2525599
v 0.2373622 0.24677607 1.25550389
v 0.31066542 1.12865865 1.2178266
v 0.33120364 1.13076496 1.22484898
v 0.36047607 1.12327289 1.22768366
v 0.32076263 1.10880851 1.23231875
v 0.38913118 1.10425877 1.22779202
v 0.33397102 1.09234786 1.23513436
v 0.35728058 1.08051228 1.23489213
v 0.38836354 1.07097733 1.23638892
v 0.4093309 1.07667076 1.23891854
v 0.41154146 1.06292223 1.24490428
v -0.25850123 0.50813639 1.21698808
v 0.10977888 0.50851452 1.21768426
v 0.13738665 0.50931572 1.21794199
v 0.26630714 0.50251388 1.22353339
v -0.32946649 0.47797185 1.21949672
v -0.29578399 0.47882658 1.22863829
v -0.26024007 0.48291003 1.23324608
v -0.23290847 0.48978406 1.23039615
v -0.20568987 0.48750928 1.22881531
v -0.1737872 0.48231872 1.22596025
v -0.14275616 0.47910523 1.22374439
v -0.11318254 0.47964853 1.22274124
v -0.08045353 0.48064243 1.22255158
v -0.04701152 0.48165899 1.22227692
v -0.01839447 0.48573255 1.22120988
v 0.01219657 0.48594057 1.22198295
v 0.04587675 0.4821245 1.22460722
v 0.07812796 0.48074176 1.22651779
v 0.11166292 0.47908169 1.22829842
v 0.14230443 0.48082977 1.22853612
v 0.17583844 0.48537135 1.22878956
v 0.20990574 0.48575207 1.23397135
v 0.23611538 0.49384087 1.23019433
v 0.2958498 0.48369216 1.22971522
v 0.3254705 0.47745248 1.22486782
v -0.36225974 0.44705247 1.21966457
v -0.32700425 0.44614744 1.23426032
v -0.14539203 0.44300419 1.23893714
v -0.11334599 0.44829696 1.23299813
v -0.08077268 0.45133096 1.23153877
v -0.04820822 0.45345476 1.23116433
v -0.01863124 0.45802545 1.23024559
v 0.01335521 0.45796656 1.2314285
v 0.04685757 0.45373672 1.23440253
v 0.07902249 0.45190668 1.23657262
v 0.11093913 0.4487268 1.23893332
v 0.14046418 0.44707891 1.24137747
v 0.35285615 0.44700634 1.22758364
v 0.38647198 0.44798713 1.21463418
v -0.36375889 0.42184448 1.22582602
v -0.11186409 0.4207814 1.24168705
v -0.07734969 0.42337912 1.2398734
v -0.04668074 0.42358946 1.24020218
v -0.01748792 0.42457687 1.24070477
v 0.01528639 0.425264 1.2419554
v 0.04749828 0.42493298 1.24377369
v 0.07893268 0.42495089 1.24538826
v 0.1103089 0.42231756 1.2475419
v 0.13803981 0.42096799 1.24984037
v 0.35920685 0.42247092 1.23450136
v -0.39284527 0.39594048 1.21858739
v -0.36238211 0.39374959 1.2298479
v -0.10794273 0.39283263 1.2484548
v 0.36032789 0.39510607 1.23710358
v 0.39192536 0.39531433 1.21954608
v -0.38976943 0.36226835 1.21991169
v -0.36156809 0.36243429 1.2304964
v 0.35912233 0.36291882 1.23815524
v 0.38889223 0.36209338 1.22064685
v -0.38796901 0.32920661 1.21773481
v -0.36130327 0.3284192 1.2258346
v -0.32819354 0.32756197 1.24073302
v 0.35593342 0.33127427 1.23691391
v 0.38646251 0.33004561 1.21945452
v -0.36122757 0.29962641 1.22036337
v -0.32899987 0.3002091 1.2312355
v 0.35124489 0.29829371 1.23000073
v -0.33023339 0.27144196 1.22188258
v -0.29581451 0.27276641 1.23259544
v -0.26354929 0.26940119 1.23936939
v -0.23157361 0.26748311 1.24381303
v 0.3303762 0.27100348 1.22814464
v -0.29631048 0.23959595 1.21982383
v -0.26290389 0.23905268 1.22793674
v -0.23453711 0.23350738 1.23092198
v -0.20661416 0.23504868 1.23607468
v -0.17285507 0.23274803 1.23980498
v -0.14032095 0.23090076 1.24275231
v -0.10957327 0.23180717 1.24546468
v 0.26344031 0.23921307 1.24095988
v 0.29311293 0.2381947 1.22944259
v 0.32480424 0.23873338 1.21664667
v -0.25982722 0.2109462 1.21525406
v -0.20482125 0.20299689 1.22146129
v -0.17126408 0.2001532 1.22464764
v -0.14033281 0.19816584 1.22690224
v -0.11111468 0.19738158 1.22871828
v -0.07815287 0.19747747 1.23024129
v -0.04446471 0.19864441 1.23190689
v -0.01190849 0.20519107 1.23634219
v 0.01582805 0.20522573 1.23642921
v 0.04588242 0.19848027 1.23224353
v 0.08061568 0.19734844 1.2313416
v 0.11434324 0.19948983 1.23245692
v 0.14228202 0.20164261 1.23368334
v 0.17028255 0.2005662 1.23219001
v 0.20124808 0.2028279 1.2305994
v 0.2336398 0.20738986 1.2288531
v 0.26579892 0.20838701 1.22147917
v -0.01028662 0.18050578 1.22187125
v 0.01676116 0.18053638 1.22185874
v 0.29803317 1.15700733 1.1939795
v 0.32969689 1.15874075 1.19703495
v 0.29331326 1.14199399 1.19745349
v 0.36123982 1.14696478 1.19846677
v 0.38193547 1.12705552 1.20161747
v 0.30770912 1.12061023 1.20678079
v 0.33167171 1.10259103 1.20461356
v 0.38716566 1.10952985 1.20475125
v 0.36157006 1.09258043 1.20643603
v 0.3889485 1.09024643 1.21324944
v -0.36371684 0.56946909 1.18755817
v -0.32948571 0.57509785 1.18875217
v -0.30004447 0.57557952 1.19028329
v -0.27135008 0.57425797 1.19195747
v -0.24102169 0.57398235 1.19283556
v -0.20563957 0.57367461 1.19343662
v -0.16686496 0.57760238 1.1922748
v -0.13390794 0.58124434 1.19090247
v -0.10944268 0.58182066 1.19047761
v -0.08255051 0.58003497 1.19082856
v -0.05239179 0.574871 1.19228625
v -0.02111771 0.57474315 1.19217813
v 0.01537361 0.57497739 1.19212031
v 0.05129504 0.57472133 1.19247102
v 0.08271017 0.58023041 1.19103395
v 0.10979601 0.58256703 1.19069278
v 0.13528934 0.58229142 1.19117426
v 0.16704827 0.57885754 1.19268405
v 0.19879947 0.57505106 1.19400119
v 0.23052775 0.57356154 1.19400513
v 0.2609522 0.57381951 1.19277358
v 0.28979975 0.57384872 1.1909914
v 0.31898778 0.57335484 1.18846726
v -0.42790764 0.54007881 1.18732428
v -0.39845413 0.5419988 1.1915307
v -0.3676086 0.5457164 1.1943041
v -0.33348929 0.54980719 1.19609355
v -0.30015829 0.54402935 1.20012641
v -0.26609927 0.54104745 1.20318102
v -0.2387626 0.54404068 1.20254612
v -0.20910835 0.54581296 1.20217537
v -0.17407444 0.55083894 1.20071661
v -0.14088335 0.55040252 1.20088779
v -0.11282223 0.54679191 1.2019248
v -0.0824723 0.54693931 1.2016263
v -0.05120845 0.54482382 1.20204913
v -0.02124173 0.54535603 1.20173597
v 0.01283209 0.5455901 1.20181345
v 0.04836586 0.54445523 1.20275473
v 0.08119586 0.54749608 1.20253956
v 0.11006055 0.54639315 1.2037754
v 0.13481816 0.54691731 1.20409309
v 0.16643637 0.55047881 1.20303392
v 0.19735065 0.54940581 1.20322799
v 0.23042893 0.54539144 1.20423865
v 0.26353415 0.54136425 1.20466852
v 0.29362773 0.54280471 1.20152735
v 0.3221386 0.54407203 1.19835674
v 0.35277968 0.54941707 1.19319748
v 0.38556537 0.54748201 1.18912386
v -0.45369553 0.51806181 1.18787312
v -0.4263899 0.5146715 1.1940701
v -0.39622101 0.51826345 1.19808518
v -0.36538487 0.51968991 1.20163893
v -0.33099988 0.51700359 1.20621132
v -0.29571685 0.50985169 1.21276831
v -0.23284682 0.5156238 1.21394455
v -0.2071402 0.51836323 1.21191358
v -0.17600077 0.51927292 1.21067988
v -0.14439325 0.51634097 1.21137452
v -0.11409752 0.51298081 1.2125411
v -0.08020657 0.51384842 1.21219205
v -0.04701913 0.5138213 1.21200513
v -0.01889704 0.51495981 1.211627
v 0.01093339 0.51501184 1.212044
v 0.04412769 0.51338827 1.21353769
v 0.07706345 0.51281362 1.2149707
v 0.16983091 0.51822954 1.21492886
v 0.2002303 0.52076959 1.21445775
v 0.2323791 0.51709318 1.21651673
v 0.29586869 0.51035022 1.21407938
v 0.32651418 0.51177835 1.20831382
v 0.3597874 0.51941943 1.20135223
v 0.39428639 0.5207861 1.19639968
v 0.42467773 0.52143615 1.19076669
v -0.48536261 0.48514202 1.18678689
v -0.45752501 0.4876784 1.19323134
v -0.42806425 0.48850548 1.1993432
v -0.39517137 0.4877839 1.20519983
v -0.3630996 0.48257869 1.21120345
v 0.35951378 0.48272258 1.21192991
v 0.39388516 0.48569047 1.20526647
v 0.42859479 0.48887264 1.19859099
v 0.45754766 0.48876196 1.19221258
v 0.48472493 0.48448064 1.18634951
v -0.48808938 0.45231336 1.19071126
v -0.45937222 0.45589578 1.19785273
v -0.42823916 0.45656991 1.20486629
v -0.39435231 0.45285111 1.21180415
v 0.4258911 0.4543789 1.20562982
v 0.45918473 0.45561933 1.19789266
v 0.48789715 0.45202091 1.19080472
v -0.48886662 0.42188334 1.1929326
v -0.45943707 0.42558598 1.20097518
v -0.42997995 0.42694795 1.20806813
v -0.39695137 0.42546489 1.21531343
v 0.39318111 0.42288005 1.21732389
v 0.42971968 0.42660075 1.20798325
v 0.46077704 0.42564603 1.20056164
v 0.48995348 0.42171168 1.19264686
v -0.48651057 0.39176422 1.19398856
v -0.45639497 0.3954001 1.20281016
v -0.42697045 0.39652073 1.21044254
v 0.42852181 0.39654091 1.20975637
v 0.46082478 0.39498746 1.20151186
v 0.49083018 0.39121711 1.19273567
v -0.48744374 0.3597128 1.19191718
v -0.4585998 0.36285224 1.20093393
v -0.42719504 0.36335778 1.20987808
v 0.42723286 0.36339005 1.20959425
v 0.45975905 0.36282357 1.20058751
v 0.48854661 0.35959136 1.19160652
v -0.48549518 0.32818535 1.18849372
v -0.45678794 0.33076229 1.19790804
v -0.42500317 0.33093488 1.2074716
v 0.42470428 0.33100628 1.20746016
v 0.45656091 0.33077007 1.19793701
v 0.48501488 0.32813108 1.18863844
v -0.45710164 0.29971075 1.1917293
v -0.42322695 0.30155456 1.20279693
v -0.38948887 0.30099231 1.2126795
v 0.38855409 0.3019064 1.21388328
v 0.42352652 0.30161917 1.20252776
v 0.45631483 0.29922169 1.19176483
v -0.4195151 0.27219563 1.19637489
v -0.39043855 0.27233853 1.20523881
v -0.36265686 0.2707892 1.21259284
v 0.36164832 0.27023553 1.2146101
v 0.39127025 0.27198576 1.20471358
v 0.41913592 0.27170181 1.1961956
v -0.41474944 0.24361664 1.18773126
v -0.38914603 0.2397203 1.1937623
v -0.36211428 0.23497253 1.19957423
v -0.32956406 0.2361741 1.20933902
v 0.3602935 0.23780316 1.20280909
v 0.38902801 0.2398473 1.19392466
v 0.41373652 0.24304693 1.18778789
v -0.32656309 0.20106425 1.19293427
v -0.29264813 0.20758688 1.20549368
v -0.23302649 0.20398443 1.21713709
v 0.29633021 0.20719787 1.20981025
v 0.32423675 0.2056483 1.19843328
v 0.3584674 0.20344492 1.18573713
v -0.29075342 0.17759871 1.18746471
v -0.26386714 0.17822843 1.19376504
v -0.23550863 0.17205095 1.19581699
v -0.20322917 0.17227751 1.20209646
v -0.17031717 0.17233967 1.20741915
v -0.14088191 0.17192953 1.21066033
v -0.11185097 0.17060989 1.21217036
v -0.07942402 0.16859108 1.2125101
v -0.04438526 0.17078803 1.21510744
v 0.04420998 0.17081582 1.21511244
v 0.07894639 0.16839233 1.21257257
v 0.11346685 0.17050096 1.21269059
v 0.14371138 0.1721149 1.21201229
v 0.1727963 0.17135956 1.20905137
v 0.20182952 0.17202103 1.20608007
v 0.23179127 0.17321926 1.20146513
v 0.26322069 0.17671333 1.19644403
v 0.29378104 0.17746821 1.18823361
v -0.1704597 0.14750371 1.18896365
v -0.14141844 0.14959494 1.19413495
v -0.11173217 0.14749866 1.19500231
v -0.07879984 0.14364311 1.19398903
v -0.0438481 0.14210893 1.19399571
v -0.01023989 0.14509423 1.19636309
v 0.01640076 0.145105 1.19634294
v 0.04317376 0.14211934 1.19396758
v 0.07730962 0.14366069 1.19398713
v 0.11176374 0.14735633 1.19493746
v 0.14288926 0.14956149 1.19422459
v 0.17146134 0.14854751 1.19026541
v 0.19995494 0.14572916 1.18373894
v 0.2728149 1.16990995 1.16649651
v 0.29622057 1.17711377 1.17204093
v 0.33022415 1.1786735 1.16958975
v 0.36042136 1.16460061 1.16759777
v 0.28210517 1.14828121 1.17662167
v 0.29835867 1.1327281 1.17747008
v 0.37648123 1.14262187 1.17332541
v 0.32954752 1.12048173 1.17294621
v 0.36180338 1.11806416 1.17427372
v 0.3824501 1.11776042 1.1862148
v -0.06930118 0.80367082 1.15518069
v 0.05436912 0.80292242 1.15484571
v -0.32542079 0.6674577 1.15699875
v -0.29042065 0.67151951 1.15772557
v -0.26464042 0.67307287 1.15823078
v -0.23937261 0.67291522 1.15897679
v -0.20737679 0.67179125 1.15991735
v -0.17257824 0.66883492 1.16119778
v -0.14097228 0.66844004 1.1612997
v -0.11091369 0.67218005 1.15987718
v -0.08149632 0.67299753 1.15946698
v -0.04681968 0.67313683 1.15928649
v -0.01044294 0.67349898 1.15904891
v 0.02309235 0.67312109 1.15921521
v 0.05479366 0.67322433 1.15927743
v 0.08571785 0.67236614 1.15966451
v 0.11581441 0.66964757 1.16076231
v 0.14404267 0.665699 1.16227293
v 0.1696316 0.66833859 1.1614561
v 0.19746272 0.67193496 1.15993499
v 0.22592611 0.67301929 1.15839731
v 0.25580197 0.67373067 1.15538716
v -0.42363601 0.63935619 1.15638876
v -0.39312374 0.63898539 1.16093325
v -0.35936543 0.63795137 1.16499638
v -0.32216915 0.63610875 1.16874098
v -0.29090219 0.64473509 1.16745257
v -0.26698136 0.6467868 1.16763389
v -0.24105218 0.64480459 1.16896343
v -0.20804882 0.64122837 1.17066383
v -0.1743507 0.63781118 1.17202305
v -0.14491924 0.64061784 1.1710186
v -0.1162034 0.64611959 1.16897559
v -0.08618086 0.64635068 1.16870153
v -0.05277594 0.64603853 1.1686542
v -0.01751899 0.64662659 1.16838765
v 0.01854698 0.64577329 1.16866898
v 0.05295876 0.64587944 1.16869878
v 0.08474389 0.64593029 1.16882097
v 0.1167394 0.64301717 1.17002391
v 0.14828786 0.63840866 1.17177367
v 0.17763643 0.63926291 1.17155921
v 0.20581847 0.64287138 1.17012023
v 0.23189277 0.64588069 1.16828656
v 0.25908619 0.64645707 1.16615736
v 0.29205167 0.64559042 1.1627115
v 0.32516354 0.63760376 1.16121923
v 0.35578405 0.63377237 1.15732061
v -0.45746362 0.6131345 1.15954792
v -0.42485326 0.61233764 1.16573643
v -0.39228981 0.60633754 1.17239177
v -0.35692879 0.60298347 1.17732763
v -0.32310879 0.60655427 1.17895793
v -0.29603672 0.61373138 1.17798972
v -0.27113336 0.61418044 1.17878377
v -0.24117609 0.61112672 1.18059349
v -0.20501466 0.60735756 1.18231689
v -0.16821724 0.60687279 1.18256473
v -0.13774946 0.61229795 1.18057978
v -0.1125292 0.61674714 1.17888474
v -0.08449493 0.61543625 1.17911291
v -0.05349596 0.61290961 1.1797533
v -0.0209863 0.61383545 1.17933249
v 0.01600013 0.61350077 1.17943286
v 0.05203599 0.61287468 1.17976188
v 0.08393634 0.6151874 1.17919898
v 0.11362238 0.61577963 1.17924761
v 0.14265273 0.61374652 1.18017888
v 0.17477355 0.60995984 1.18167758
v 0.2068762 0.60858362 1.18206882
v 0.23643054 0.61110413 1.18057525
v 0.26374793 0.61369681 1.17827892
v 0.29203024 0.61339229 1.1758964
v 0.32271605 0.60758715 1.17446303
v 0.35518413 0.60486131 1.17064714
v 0.38719052 0.60657084 1.16381812
v 0.41735011 0.6093679 1.15611243
v -0.51551055 0.57922816 1.15659499
v -0.48800584 0.58174467 1.16306197
v -0.45871901 0.58252197 1.16931426
v -0.42847967 0.57698977 1.17652702
v -0.39729338 0.57168871 1.1829611
v 0.35226646 0.57583284 1.18326973
v 0.38508373 0.57410121 1.17858219
v 0.41593858 0.57641273 1.17162227
v 0.44797489 0.57981407 1.16307449
v 0.47942027 0.57796251 1.15601944
v -0.54212582 0.54837095 1.15696609
v -0.50959384 0.54901695 1.16688215
v -0.48111054 0.55101108 1.17366194
v -0.45520508 0.54748511 1.18022823
v 0.41695776 0.54858613 1.18283796
v 0.44776499 0.55228287 1.17487967
v 0.47879171 0.54939234 1.16849911
v 0.51185727 0.54789853 1.15997576
v -0.5490297 0.51631736 1.16245746
v -0.51515245 0.51901519 1.17228579
v -0.48085379 0.52014106 1.18110418
v 0.45133823 0.52337199 1.18430817
v 0.47939401 0.51963436 1.17867469
v 0.51174449 0.51751786 1.1706767
v 0.54581457 0.51555585 1.16067719
v -0.5793302 0.48434248 1.15761017
v -0.55091524 0.48436814 1.16778063
v -0.5197342 0.48522758 1.17726016
v 0.51695758 0.48501247 1.17725658
v 0.54933643 0.48405933 1.16742968
v 0.57907193 0.48524493 1.15668547
v -0.58195334 0.45289799 1.16080212
v -0.552199 0.45282369 1.17114663
v -0.520904 0.45218211 1.18107342
v 0.52000272 0.45224118 1.18122291
v 0.55214917 0.45256498 1.17111241
v 0.58232069 0.45352631 1.16045928
v -0.58496165 0.42174223 1.16189634
v -0.55409395 0.42126864 1.17250871
v -0.521806 0.42013555 1.18293404
v 0.52154165 0.42014968 1.18304467
v 0.55384361 0.42122113 1.17265009
v 0.58481019 0.42182558 1.16197085
v -0.58447134 0.3900161 1.16226577
v -0.554636 0.3893823 1.17234754
v -0.52144408 0.38885295 1.18312382
v 0.52251118 0.38874948 1.18282878
v 0.55444812 0.38951224 1.17244315
v 0.58417707 0.39014279 1.16241145
v -0.5815891 0.35898652 1.16157555
v -0.55268752 0.35798642 1.17100799
v -0.52114242 0.35773205 1.18122148
v 0.52081799 0.35783687 1.1813488
v 0.55218607 0.35811716 1.1711899
v 0.58136117 0.35898882 1.16164827
v -0.57852864 0.33039206 1.15924453
v -0.55027771 0.32881146 1.16804492
v -0.51955395 0.32775098 1.17765927
v 0.51833152 0.328074 1.17814838
v 0.5498293 0.32766884 1.16789209
v 0.57914412 0.32813656 1.15849161
v -0.57739794 0.30119168 1.1539694
v -0.54979229 0.2998645 1.16247546
v -0.52165031 0.29801258 1.17095232
v -0.48898044 0.29700413 1.18101584
v 0.48790115 0.29697817 1.1813699
v 0.52067363 0.2983624 1.17139124
v 0.55138921 0.29515263 1.16066527
v -0.54832923 0.26876753 1.15457463
v -0.51982241 0.26961791 1.16387105
v -0.49059826 0.26652303 1.17205739
v -0.45682561 0.26777207 1.18299686
v 0.4539957 0.26663315 1.18347966
v 0.48898899 0.26578974 1.17231535
v 0.52137416 0.26875144 1.16309094
v -0.51770556 0.2407307 1.15453541
v -0.48560601 0.23967152 1.16412377
v -0.45092773 0.23964555 1.17478084
v 0.44672137 0.23853348 1.17564392
v 0.48167553 0.2386727 1.16493678
v 0.51731956 0.23977905 1.15427804
v -0.47849911 0.21105331 1.15370631
v -0.44675064 0.21106153 1.16313493
v -0.41832453 0.21119676 1.17175674
v -0.39284294 0.20366364 1.17532014
v -0.36132466 0.19816263 1.18138909
v 0.39201331 0.20504735 1.17644798
v 0.41872632 0.21076411 1.17145943
v 0.44627988 0.21016788 1.16290259
v 0.47691765 0.21069136 1.15407621
v -0.4229857 0.18209213 1.1545217
v -0.39363151 0.17659232 1.159276
v -0.35860234 0.17140823 1.16552233
v -0.32234305 0.17346285 1.17672801
v 0.32268506 0.17433202 1.17763567
v 0.35755616 0.17288307 1.16676795
v 0.39331239 0.17664703 1.15939641
v 0.42314273 0.18179109 1.15431284
v -0.32315182 0.1473886 1.15775871
v -0.29395082 0.14618596 1.16381645
v -0.26783764 0.14178453 1.16620397
v -0.23586255 0.13765205 1.16978073
v -0.20222163 0.14221012 1.17976629
v 0.23322872 0.13993641 1.17270612
v 0.26647692 0.14154107 1.16670012
v 0.29494991 0.14614868 1.16359829
v 0.32303285 0.14718863 1.15767407
v -0.20202282 0.11330404 1.15545749
v -0.17096027 0.1166967 1.16289007
v -0.14089942 0.11737369 1.16705298
v -0.11089137 0.11557006 1.16829347
v -0.07778319 0.1147968 1.16987109
v -0.04328961 0.11461555 1.17107224
v -0.01022275 0.11455274 1.17147088
v 0.01610757 0.11455732 1.17144358
v 0.04263913 0.11459489 1.17103731
v 0.07627762 0.11477094 1.16982507
v 0.11046505 0.11548206 1.16817152
v 0.14164948 0.11704452 1.16665303
v 0.17166513 0.11674585 1.16284918
v 0.20114406 0.11516273 1.15711736
v 0.24732565 1.19371318 1.13081979
v 0.26457619 1.19716537 1.1395576
v 0.29654815 1.19779586 1.14388966
v 0.32783138 1.19182872 1.14063596
v 0.26214715 1.17323601 1.13955187
v 0.346336 1.17286765 1.13671636
v 0.29008913 1.15091466 1.15014386
v 0.32417246 1.14409887 1.14263689
v 0.35568648 1.14624774 1.14907991
v -0.10618829 0.85832417 1.12878644
v -0.07443657 0.86108398 1.13777136
v -0.0471789 0.86071926 1.1368165
v -0.02004279 0.86004233 1.13205885
v 0.01265691 0.85809183 1.13187944
v 0.04482166 0.8611105 1.1364057
v 0.07482506 0.86158764 1.13740491
v 0.10753172 0.8567571 1.12954032
v -0.13812217 0.82267785 1.12561821
v -0.10674903 0.82854259 1.14366698
v -0.07371026 0.83229446 1.15321016
v -0.04694655 0.83052557 1.15138435
v -0.01934115 0.83146393 1.14346909
v 0.01526344 0.82934725 1.14385616
v 0.0497733 0.83131367 1.1518228
v 0.07662463 0.83106648 1.15285337
v 0.10705874 0.82606661 1.1439886
v 0.13821843 0.82234889 1.12576568
v -0.13720262 0.79672032 1.1310749
v -0.10507382 0.80163228 1.14595437
v -0.04256176 0.80084288 1.15335488
v -0.01419454 0.80170136 1.14572954
v 0.02105819 0.80138629 1.14685416
v 0.07787563 0.8009243 1.15514612
v 0.10601392 0.79890507 1.14642953
v 0.13674658 0.79721272 1.13114011
v -0.2230218 0.7677021 1.12375688
v -0.19463284 0.76629304 1.1250267
v -0.16631358 0.76774215 1.12643027
v -0.13609901 0.7689206 1.13272404
v -0.10580603 0.77017402 1.14174509
v -0.07180292 0.76980066 1.14830374
v -0.04417666 0.76885998 1.14720511
v -0.01402683 0.77019202 1.1420449
v 0.01926297 0.7702775 1.14277744
v 0.04769906 0.77047878 1.1479789
v 0.07306538 0.76904761 1.1482526
v 0.10445193 0.77030867 1.14204812
v 0.1352047 0.76987338 1.13286137
v 0.16500052 0.76831126 1.12628531
v 0.19287596 0.7676506 1.12374842
v -0.38518917 0.73623859 1.12323665
v -0.35271745 0.73686039 1.1272844
v -0.31999069 0.73893833 1.12965154
v -0.28878191 0.7413119 1.13102698
v -0.25775322 0.74168968 1.13259124
v -0.22514645 0.74055051 1.13430869
v -0.19492006 0.74028503 1.13496398
v -0.16433855 0.74052357 1.13529515
v -0.13407516 0.74087166 1.13706231
v -0.10369084 0.73991298 1.14065051
v -0.07252626 0.73899304 1.14349567
v -0.04431861 0.73929536 1.1429634
v -0.01303405 0.74042421 1.14046979
v 0.01987124 0.74040544 1.1407485
v 0.04692171 0.73974865 1.14313006
v 0.07315883 0.73912274 1.14351606
v 0.10306842 0.74112707 1.14055514
v 0.13357916 0.741696 1.13694977
v 0.16405412 0.74072569 1.13523376
v 0.19446577 0.74035275 1.13436532
v 0.22792638 0.74075603 1.13171899
v 0.25945603 0.73822069 1.12849164
v 0.29228872 0.73571038 1.12340557
v -0.48503252 0.6963672 1.12075281
v -0.45625549 0.69668555 1.12771797
v -0.42744898 0.70139241 1.13146257
v -0.39440324 0.7081446 1.13406086
v -0.36351221 0.70926797 1.13747918
v -0.32629647 0.70664477 1.14192295
v -0.29015144 0.70890975 1.1435616
v -0.25906467 0.70934546 1.14490485
v -0.22897133 0.70933282 1.14591336
v -0.19756883 0.70962125 1.14640116
v -0.16495133 0.70877116 1.14686703
v -0.1338469 0.70800536 1.14726531
v -0.10301335 0.70860254 1.14750146
v -0.07282205 0.70846211 1.14796304
v -0.04133654 0.70875352 1.14767718
v -0.00844837 0.70936787 1.14685201
v 0.02379745 0.7092545 1.14702343
v 0.05302233 0.70865976 1.14778304
v 0.08060064 0.70828545 1.14803719
v 0.10735266 0.70920938 1.14734864
v 0.13510611 0.7083143 1.14719116
v 0.16410945 0.70889502 1.14684104
v 0.19541335 0.7094416 1.14612877
v 0.22779765 0.70884943 1.14432418
v 0.25913199 0.70741587 1.14120852
v 0.29305374 0.70694327 1.13591611
v 0.32712087 0.70556658 1.12976408
v 0.35791611 0.70297503 1.12401986
v -0.5208112 0.66503739 1.1240158
v -0.48788508 0.66299378 1.13421654
v -0.45735704 0.66515278 1.14037525
v -0.42688882 0.66981208 1.14431166
v -0.39707154 0.67597776 1.14649534
v -0.36475744 0.6749742 1.15072274
v 0.29219651 0.67679143 1.14909517
v 0.32729011 0.67459839 1.143978
v 0.35778436 0.67128944 1.13921642
v 0.38984757 0.6740114 1.13067889
v 0.4189386 0.67414599 1.12345218
v -0.54998338 0.63815283 1.12548303
v -0.52105522 0.63401669 1.13644766
v -0.48935869 0.63517534 1.14451122
v -0.45681357 0.63765901 1.1508516
v 0.38937431 0.64057505 1.14708876
v 0.4199022 0.64349061 1.13871741
v 0.45163995 0.6447196 1.13019442
v 0.48153019 0.64274972 1.12328505
v -0.57711571 0.61116874 1.12550878
v -0.54889518 0.61215871 1.13560617
v -0.52138012 0.60938417 1.14508843
v -0.49017167 0.61052954 1.15301895
v 0.45090347 0.61217796 1.14682579
v 0.4826084 0.61123573 1.13910603
v 0.51647162 0.61316454 1.1287651
v -0.70920622 0.57298988 1.12450933
v -0.68143165 0.57094395 1.12380456
v -0.61029321 0.57811391 1.1247673
v -0.57599163 0.58091342 1.13580596
v -0.54360568 0.58122873 1.14726662
v 0.51448744 0.57938742 1.14560675
v 0.54836297 0.58002167 1.13511633
v 0.57843649 0.57712245 1.12632787
v -0.70782983 0.54288756 1.12630891
v -0.67894506 0.54183936 1.12686193
v -0.64608204 0.54454231 1.12634003
v -0.61331021 0.54761636 1.13203787
v -0.57969284 0.54888987 1.14350462
v 0.54492843 0.54735451 1.14998889
v 0.576083 0.54613173 1.13996219
v 0.60853999 0.54665339 1.12906646
v 0.70877581 0.54724288 1.12406384
v -0.64444488 0.51342004 1.12939035
v -0.61336493 0.51689672 1.13849782
v -0.58156776 0.5163902 1.15074849
v 0.57828068 0.51622736 1.14926314
v 0.6125952 0.51706945 1.1368196
v 0.64500403 0.51336276 1.12799406
v -0.64409792 0.48085475 1.13203191
v -0.61243999 0.48377376 1.14438951
v 0.6128782 0.48587581 1.14337825
v 0.64409744 0.48059606 1.13203561
v -0.64529961 0.44928556 1.13532435
v -0.61462479 0.45043391 1.14832854
v 0.61481392 0.45245873 1.14788746
v 0.64354342 0.44876343 1.13625955
v 0.67056751 0.45300662 1.12370729
v -0.67216241 0.42669132 1.12541711
v -0.64427059 0.41935873 1.13892722
v -0.61587864 0.41918259 1.15058445
v 0.61601537 0.41987496 1.15043234
v 0.64399623 0.41929358 1.1390903
v 0.67022156 0.42601648 1.12641286
v -0.66967666 0.39620888 1.12888002
v -0.64293754 0.39057916 1.14071178
v -0.61429107 0.38868978 1.15160989
v 0.61413466 0.38883522 1.15168166
v 0.64294314 0.39069443 1.14069581
v 0.66944861 0.39628857 1.1289916
v -0.66957664 0.36487945 1.12938857
v -0.64303559 0.3619492 1.14001131
v -0.61254072 0.35774344 1.15070164
v 0.61219954 0.35800644 1.15087783
v 0.64287889 0.36211818 1.14008963
v 0.66946512 0.36502164 1.1294465
v -0.66869425 0.33332592 1.12820053
v -0.64118552 0.33245623 1.1382755
v -0.61019396 0.32701832 1.14814293
v 0.60996854 0.32683381 1.14816451
v 0.640881 0.33277323 1.1384437
v 0.66851294 0.33348524 1.1282953
v -0.67007219 0.30290693 1.12367582
v -0.64001381 0.3038733 1.13423299
v -0.6086936 0.29811188 1.14341044
v 0.58038562 0.29459255 1.15131926
v 0.60977965 0.2966592 1.14272129
v 0.63979381 0.30393445 1.13432216
v 0.66947329 0.30256032 1.12376332
v -0.64243984 0.27035388 1.12579155
v -0.61061066 0.26696255 1.1349591
v -0.57934868 0.2666679 1.14422571
v 0.55239564 0.26279622 1.15140152
v 0.58190012 0.26197361 1.14202094
v 0.61112779 0.26793825 1.13505458
v 0.64210635 0.27053836 1.12593817
v -0.61237549 0.2367852 1.12465858
v -0.58153671 0.23241274 1.13205003
v -0.54937893 0.23597294 1.14302623
v 0.5506984 0.23281405 1.14153492
v 0.58102893 0.23165346 1.13201725
v 0.61100703 0.23836921 1.12559878
v -0.54964715 0.2029331 1.12918138
v -0.51437461 0.20842838 1.14204525
v 0.51451486 0.20804429 1.14184284
v 0.55050969 0.20233537 1.12873458
v -0.51651692 0.1765884 1.12508702
v -0.48520839 0.17770627 1.13415265
v -0.45337528 0.18044428 1.14490687
v 0.45261558 0.18062546 1.14524948
v 0.48224547 0.17906035 1.13573694
v 0.51535677 0.17720776 1.1257255
v -0.45815771 0.14846178 1.12357378
v -0.42413723 0.14828094 1.13234794
v -0.39085248 0.14557509 1.13902151
v -0.35677146 0.1452623 1.14768779
v 0.3563317 0.14527893 1.14780211
v 0.39068287 0.14548309 1.13899159
v 0.42410838 0.14823663 1.13231825
v 0.45800006 0.14848947 1.1236267
v -0.35562443 0.11756935 1.12644183
v -0.32528623 0.11732149 1.13332307
v -0.29707676 0.11313363 1.13621735
v -0.2675848 0.11001166 1.1400547
v -0.23377904 0.10935524 1.14653062
v 0.23366838 0.11090128 1.14777326
v 0.26745119 0.11035037 1.14027261
v 0.29703727 0.11319075 1.13620734
v 0.32495671 0.11729697 1.13335919
v 0.35544565 0.11755882 1.12646269
v -0.23084093 0.08755143 1.12681245
v -0.20168528 0.08554483 1.12956142
v -0.17191399 0.08383894 1.13233673
v -0.14095056 0.08287057 1.1353594
v -0.11025708 0.08246129 1.13811528
v -0.07673604 0.08382374 1.14178824
v -0.04266944 0.08461154 1.14389228
v -0.01013143 0.08440071 1.14425587
v 0.01578633 0.08440641 1.14423382
v 0.04193808 0.08457334 1.1438539
v 0.07521411 0.08372626 1.14166998
v 0.10957745 0.08241806 1.13805925
v 0.14092811 0.08277041 1.13523674
v 0.17204517 0.08359815 1.13207626
v 0.20139695 0.08564543 1.12965107
v 0.23080593 0.08790732 1.12708449
v 0.26534217 1.21589386 1.10804009
v 0.24234259 1.20462775 1.10224032
v 0.29855486 1.21117937 1.1114006
v 0.32345956 1.19496929 1.11391067
v 0.262977 1.1824367 1.1057105
v 0.29289603 1.17031908 1.11088681
v 0.32229095 1.17161035 1.115561
v -0.1075264 0.89006692 1.10171914
v -0.07862769 0.8927356 1.10692405
v -0.05109679 0.89189815 1.107342
v -0.02163206 0.88866293 1.10644626
v 0.01046026 0.88813853 1.10549533
v 0.0416008 0.89234113 1.10592794
v 0.07356846 0.8927105 1.10706281
v 0.10595725 0.88857132 1.10403502
v 0.13523714 0.88979727 1.09137404
v -0.17204389 0.86189854 1.09268045
v -0.1392461 0.85666 1.10919475
v 0.13686189 0.85482668 1.11157143
v 0.17094482 0.85859441 1.09417533
v -0.28916734 0.82995879 1.092682
v -0.25687688 0.82902216 1.09641623
v -0.22863185 0.82996761 1.09798359
v -0.20312598 0.83320784 1.09871053
v -0.17223614 0.83046811 1.10658133
v 0.17386992 0.8286857 1.10665512
v 0.20235298 0.8328005 1.09778356
v 0.22955858 0.83105707 1.09451091
v -0.39406633 0.79886442 1.09241604
v -0.36375784 0.79950153 1.09751224
v -0.32800081 0.80264997 1.10094404
v -0.28902787 0.80242192 1.10544109
v -0.25719958 0.8020401 1.10816836
v -0.22578704 0.80053323 1.11045968
v -0.19900861 0.8012371 1.11158192
v -0.17049384 0.80079233 1.1164968
v 0.17068846 0.80090671 1.11623358
v 0.19833098 0.80145251 1.11044049
v 0.22895026 0.80128359 1.10686588
v 0.2627018 0.80100721 1.10148644
v 0.29720413 0.79818606 1.09520936
v -0.45632284 0.76924824 1.09375023
v -0.42604258 0.7694121 1.10082864
v -0.38923412 0.76899695 1.10786938
v -0.35662835 0.77033287 1.11208748
v -0.32201707 0.77258747 1.11514496
v -0.28876695 0.77275013 1.11816954
v -0.25682628 0.77144086 1.12078738
v 0.22734603 0.77068615 1.11944484
v 0.26183003 0.77065992 1.11440658
v 0.29561966 0.7677685 1.10877966
v 0.33056017 0.76816964 1.10036301
v 0.36070179 0.76542365 1.09380841
v -0.51703798 0.73496002 1.09314727
v -0.48614502 0.73640471 1.10202133
v -0.45735338 0.7367984 1.10947644
v -0.42554706 0.73639142 1.11633443
v 0.32880473 0.73661363 1.11500608
v 0.36053043 0.73474854 1.10827183
v 0.39056918 0.73499196 1.10042715
v 0.41789317 0.73292589 1.09398293
v -0.55186903 0.70471435 1.09547722
v -0.51870596 0.70156347 1.1084795
v 0.38964796 0.70455086 1.11557889
v 0.41851466 0.70383608 1.1085062
v 0.4499216 0.70498096 1.099388
v 0.48005604 0.7024464 1.09207546
v -0.58239209 0.67413723 1.09727978
v -0.55147832 0.67099094 1.11116516
v 0.4510203 0.67648005 1.1138668
v 0.48198354 0.67423075 1.10657548
v 0.5153321 0.67264854 1.0977199
v -0.61287283 0.64014577 1.0987401
v -0.5800634 0.64037239 1.11288881
v 0.51410055 0.64358395 1.11374115
v 0.54619652 0.64408594 1.10378015
v 0.57738286 0.64115035 1.09482955
v -0.75745552 0.59980952 1.09720361
v -0.73342752 0.60824906 1.10328757
v -0.70640063 0.60975706 1.10697495
v -0.67846649 0.60954195 1.10579347
v -0.64538431 0.61051839 1.10543453
v -0.61138641 0.60941922 1.11318802
v 0.5493288 0.61361062 1.11871147
v 0.58024358 0.61010766 1.11014032
v 0.61047899 0.60812026 1.10077023
v 0.63927972 0.60439622 1.09662699
v 0.67006021 0.60348695 1.09872698
v 0.7038778 0.60485363 1.10320735
v 0.73358678 0.60459452 1.10359931
v 0.75394225 0.59893322 1.09907865
v -0.76447457 0.57614529 1.10138857
v -0.73698949 0.57775747 1.11683559
v -0.64641082 0.57574272 1.11991119
v 0.60787642 0.57770192 1.1161766
v 0.63738668 0.57802498 1.11090827
v 0.66861623 0.57869613 1.11351251
v 0.70456636 0.57878601 1.11885929
v 0.73650997 0.5789079 1.11598682
v 0.76144254 0.5773909 1.10227394
v -0.76386755 0.54578661 1.10301828
v -0.7366631 0.54576683 1.11950933
v 0.6413986 0.54667824 1.12241983
v 0.67447656 0.54723203 1.12208509
v 0.73822897 0.5465309 1.1188029
v 0.76322573 0.54702848 1.10322213
v -0.75873923 0.51525211 1.09711289
v -0.73164367 0.51240229 1.11274433
v -0.70447474 0.51151096 1.11960625
v -0.67612659 0.51178574 1.12348628
v 0.67668575 0.51202338 1.12262475
v 0.7073121 0.51318389 1.11910867
v 0.73348629 0.5123012 1.11197519
v 0.75937223 0.5144757 1.09612011
v -0.73176175 0.48124325 1.09936428
v -0.70402681 0.48288482 1.11132359
v -0.67517161 0.48237472 1.12077379
v 0.67323029 0.48082482 1.12195742
v 0.70419633 0.48341214 1.11158299
v 0.73257982 0.4816026 1.09920811
v -0.70754861 0.45497873 1.10591757
v -0.67587107 0.45529237 1.12096786
v 0.70554733 0.45439836 1.10699951
v -0.73360031 0.41801893 1.09245502
v -0.70540356 0.4249162 1.10870492
v 0.70502817 0.4249781 1.10899567
v 0.73236686 0.41813617 1.09361934
v -0.73114723 0.38819316 1.09781944
v -0.70343756 0.39408937 1.11276316
v 0.7034167 0.39425998 1.11282944
v 0.73075127 0.38873469 1.09797704
v -0.73125177 0.36091578 1.1002773
v -0.70368373 0.36284089 1.11401116
v 0.70352184 0.36299404 1.11412286
v 0.731552 0.36114001 1.10010635
v -0.73380148 0.33252871 1.099123
v -0.70435965 0.32910287 1.11271095
v 0.7041561 0.32927829 1.11287403
v 0.73369681 0.33278995 1.09925222
v -0.7323122 0.302823 1.0981481
v -0.70348191 0.29675722 1.1099677
v 0.70325756 0.29706028 1.11012709
v 0.73218989 0.30299788 1.09827232
v -0.73297822 0.2741203 1.09384608
v -0.70461487 0.26487639 1.10352611
v -0.67484456 0.26648426 1.11416888
v 0.67394024 0.26468545 1.11393499
v 0.70407539 0.26445639 1.10358464
v 0.73276549 0.2729696 1.093611
v -0.70416492 0.23524864 1.0951128
v -0.67488873 0.23465864 1.10477542
v -0.64385116 0.23948136 1.1162182
v 0.64360451 0.23895663 1.11609673
v 0.67513287 0.23233065 1.10394561
v 0.70404952 0.23399964 1.0947436
v -0.67391389 0.20289574 1.0919137
v -0.64365917 0.2097392 1.10481822
v -0.61309999 0.20604445 1.11209154
v -0.58212536 0.19994926 1.1182239
v 0.58244091 0.20128062 1.11879026
v 0.61234432 0.20773038 1.11307334
v 0.64339923 0.2100507 1.10505199
v 0.6741302 0.20239318 1.0916692
v -0.64122319 0.18096464 1.09111523
v -0.61244207 0.1771923 1.09751057
v -0.58230948 0.17156237 1.10336959
v -0.55029845 0.1746 1.11465096
v 0.55046266 0.1745163 1.11454498
v 0.58283764 0.17187258 1.10332822
v 0.61222457 0.17749424 1.09769249
v 0.64106178 0.18107678 1.09119319
v -0.55148983 0.1457953 1.09617066
v -0.51894635 0.14326122 1.10321641
v -0.48990055 0.14446179 1.11219084
v 0.48864269 0.14510735 1.11287736
v 0.51876837 0.14349779 1.10335063
v 0.55187344 0.14574883 1.09596395
v -0.48430088 0.11689174 1.09347629
v -0.45507919 0.11768563 1.10165798
v -0.4220978 0.11434079 1.10742199
v -0.38652339 0.11463951 1.11647582
v 0.38635885 0.11468462 1.11652612
v 0.42188075 0.11440592 1.10749077
v 0.45495078 0.11768823 1.10166835
v 0.48406541 0.11700253 1.09358072
v -0.38197004 0.0869532 1.09254407
v -0.35423535 0.08867906 1.10034656
v -0.32770615 0.08619667 1.10380458
v -0.29906612 0.08293807 1.10699796
v -0.26164478 0.08238245 1.11467528
v -0.23333141 0.07211859 1.10962128
v 0.23311713 0.07212194 1.10964977
v 0.26148265 0.08241516 1.11470246
v 0.29884859 0.08292079 1.10700869
v 0.3275243 0.08622503 1.1038475
v 0.35408565 0.08870992 1.10038614
v 0.38172927 0.08698864 1.09259605
v -0.2046034 0.06261025 1.10453724
v -0.17499299 0.05790941 1.1044476
v -0.14319914 0.05442012 1.10501647
v -0.11094854 0.05052956 1.10423541
v -0.07626721 0.04877088 1.10557961
v -0.04244313 0.04831384 1.10736906
v -0.01018287 0.04816592 1.10831952
v 0.01544828 0.04823674 1.10840201
v 0.04152084 0.04830665 1.10745286
v 0.07485216 0.04878709 1.10566163
v 0.11016382 0.05029962 1.10393405
v 0.14286422 0.05443625 1.10504818
v 0.17475923 0.05792663 1.10449135
v 0.20434957 0.0625319 1.10448813
v 0.23697301 1.22473907 1.07755541
v 0.26581272 1.22865748 1.07969713
v 0.29708683 1.21969449 1.08066248
v 0.2188363 1.21433627 1.07009482
v 0.23493517 1.19855153 1.07702469
v 0.3184925 1.20049262 1.08649241
v 0.26673334 1.18540906 1.07586121
v 0.2965976 1.18067169 1.08244538
v 0.31384068 1.1829288 1.0879898
v -0.17237541 0.92188894 1.05996942
v -0.14248296 0.91970515 1.06612014
v -0.11060626 0.91956269 1.07276833
v -0.08209952 0.92414927 1.07277631
v -0.05248711 0.92439669 1.07321381
v -0.02076676 0.92241281 1.07348966
v 0.01099763 0.92235207 1.0730288
v 0.04186587 0.92440515 1.07290387
v 0.07392537 0.92432779 1.07318353
v 0.10720033 0.92103266 1.07232546
v 0.1402547 0.92138898 1.0665152
v -0.26738515 0.89258831 1.06382918
v -0.23693025 0.89214855 1.06811809
v -0.2084839 0.89533191 1.0696237
v -0.17309378 0.89415723 1.07542944
v -0.14158728 0.89177376 1.08625245
v 0.17147633 0.89382642 1.07674741
v 0.20468023 0.89651721 1.06894826
v 0.22965297 0.89247441 1.06721055
v 0.25661155 0.89111971 1.06270265
v -0.36712199 0.86241972 1.06324684
v -0.33417326 0.86358988 1.0692054
v -0.29706808 0.86374026 1.07491481
v -0.26314455 0.86342221 1.0795772
v -0.23389911 0.8633396 1.08260428
v -0.20666387 0.86504614 1.08458089
v 0.2015347 0.86410325 1.0846405
v 0.22814309 0.86279273 1.08118772
v 0.25898242 0.86288571 1.07553815
v 0.29262474 0.86194992 1.06799578
v 0.32559734 0.85931873 1.06003511
v -0.4291237 0.83161258 1.06621384
v -0.39742445 0.83220815 1.07378387
v -0.3671891 0.83228093 1.08017492
v -0.33115103 0.83299762 1.08573126
v 0.26199644 0.83218908 1.08831238
v 0.29606455 0.83084011 1.08118867
v 0.32972616 0.82939088 1.07291579
v 0.36295563 0.82750284 1.06402087
v -0.52086269 0.78722333 1.06316876
v -0.49060922 0.79454422 1.06974995
v -0.45920383 0.80070185 1.075778
v -0.428009 0.80067348 1.08407163
v 0.33165133 0.79910779 1.08610582
v 0.36268356 0.79724961 1.0783739
v 0.39162218 0.79759776 1.06969904
v 0.41915848 0.79468345 1.06258463
v -0.55055081 0.75837153 1.0678606
v -0.51877403 0.76015728 1.07935273
v -0.48782444 0.76653397 1.08619833
v 0.39063841 0.76621198 1.08516836
v 0.41833266 0.7639473 1.07826936
v 0.44779899 0.76375591 1.06943142
v 0.47859841 0.76191842 1.06061852
v -0.58374559 0.72996556 1.06891882
v -0.55068683 0.73266887 1.08175957
v 0.44882372 0.73366934 1.08473324
v 0.47998645 0.73166614 1.07641136
v 0.51366573 0.73144984 1.06582927
v -0.61669457 0.70275741 1.0669341
v -0.58338433 0.70439875 1.08242726
v 0.51317215 0.70144152 1.0825572
v 0.54412347 0.70243752 1.07207453
v 0.57302808 0.70067197 1.06312704
v -0.6458863 0.67271018 1.06615781
v -0.61557382 0.67334067 1.08185958
v 0.54725766 0.67305153 1.08750271
v 0.5764445 0.67098891 1.07868766
v 0.60518479 0.66970539 1.068542
v 0.63403683 0.66845727 1.05773997
v -0.73109018 0.6271488 1.08044147
v -0.70171392 0.63667082 1.07992863
v -0.67221635 0.64152646 1.08002769
v -0.64204293 0.64112871 1.08699441
v 0.60879474 0.63896465 1.08460128
v 0.63878321 0.63558745 1.07718324
v 0.67071139 0.63431108 1.07316911
v 0.70134896 0.63238644 1.07465648
v 0.73149561 0.62454658 1.07812988
v -0.76337182 0.6084932 1.07697618
v 0.76116526 0.60646492 1.07650291
v -0.78674197 0.57821679 1.07213926
v 0.78390508 0.57635664 1.07228303
v -0.78937864 0.5436989 1.07428062
v 0.78749746 0.54217779 1.07543611
v -0.78562378 0.51552289 1.0704019
v 0.7853291 0.51247263 1.0689156
v -0.76070249 0.48376441 1.07984662
v 0.76205271 0.48403295 1.07959914
v -0.76419782 0.45068427 1.06923055
v -0.73546373 0.44918221 1.0902698
v 0.73557156 0.44894564 1.09054517
v 0.7640742 0.45030486 1.06990122
v -0.76670295 0.42120865 1.06877791
v 0.76263684 0.42207068 1.07126462
v -0.76543211 0.39133045 1.07510638
v 0.76542151 0.39326155 1.07354497
v -0.78828042 0.35694751 1.06438589
v -0.76290452 0.36201277 1.0811485
v 0.76451748 0.36134362 1.07976484
v 0.79169559 0.35414284 1.0601232
v -0.78923839 0.32844907 1.06616485
v -0.76460301 0.333139 1.0819149
v 0.76519143 0.3328877 1.0815835
v 0.78849506 0.32748049 1.06643211
v -0.79099297 0.29777675 1.06523895
v -0.76470768 0.30167079 1.08130145
v 0.76497995 0.30116969 1.08114314
v 0.7895143 0.29734939 1.06641364
v -0.79304254 0.26667287 1.06186354
v -0.76572561 0.27118128 1.07764267
v 0.76604062 0.2692978 1.07712483
v 0.79321366 0.26635813 1.06173753
v -0.76840543 0.23563309 1.0685631
v -0.73566335 0.24167761 1.08487296
v 0.73496329 0.23901034 1.08430504
v 0.76717937 0.23348116 1.06861925
v -0.73767072 0.2085132 1.07261657
v -0.70597583 0.20308424 1.08154988
v 0.70636373 0.20277485 1.08124017
v 0.73832738 0.20689034 1.07173299
v -0.73445057 0.17962059 1.06029939
v -0.70524895 0.17220765 1.06606721
v -0.67150998 0.17127534 1.07617187
v 0.67146778 0.171337 1.07616424
v 0.70507603 0.17248398 1.06624722
v 0.73487448 0.17922951 1.05992507
v -0.64159745 0.14456802 1.06816375
v -0.61190366 0.14119109 1.07476794
v -0.58152365 0.14183041 1.08475494
v 0.58191955 0.14169213 1.08445382
v 0.61178946 0.14104545 1.07461142
v 0.64148169 0.14450237 1.06807065
v -0.57913303 0.11350766 1.06394052
v -0.54989481 0.11447082 1.07283055
v -0.51585161 0.111864 1.080513
v 0.51601064 0.11188811 1.08044171
v 0.55037671 0.11442878 1.07257938
v 0.57959044 0.11328375 1.06353414
v -0.48374715 0.08587713 1.06687116
v -0.45485997 0.08421576 1.07244205
v -0.42088186 0.08351129 1.08014631
v 0.42063438 0.08355284 1.08020043
v 0.45461565 0.08426843 1.07250809
v 0.48345309 0.08590945 1.06692385
v -0.38155221 0.06131964 1.06523191
v -0.35584026 0.06007869 1.06858325
v -0.32918989 0.05599258 1.06885588
v -0.29950156 0.05351696 1.07217586
v -0.26690238 0.05339524 1.0792098
v -0.23588605 0.04950022 1.08109533
v -0.20660045 0.04324487 1.0797007
v -0.17648246 0.03908913 1.08035397
v -0.14366655 0.03248457 1.07739162
v 0.14323934 0.03230936 1.07716631
v 0.17612484 0.03913492 1.08044564
v 0.20632138 0.04323468 1.07969784
v 0.23570266 0.04948892 1.08109724
v 0.26673781 0.05339215 1.07923531
v 0.29932516 0.05353003 1.07220935
v 0.32903295 0.05601961 1.06889486
v 0.35563421 0.06010701 1.06862676
v 0.38128003 0.06134244 1.0652759
v -0.10984046 0.02280562 1.06986725
v -0.07474826 0.01709441 1.06712079
v -0.04225237 0.01618249 1.06954646
v -0.01066326 0.01710121 1.0729103
v 0.01556249 0.01746314 1.07332682
v 0.04201456 0.01722896 1.07109665
v 0.07480207 0.01909705 1.06993293
v 0.10951201 0.02269368 1.06967222
v 0.21337667 1.22517931 1.04970908
v 0.23513469 1.23880541 1.04488802
v 0.26424461 1.23870289 1.04416179
v 0.29452344 1.22664094 1.04623699
v 0.21391102 1.21052908 1.04938221
v 0.23264908 1.19706094 1.04655361
v 0.26471939 1.18810296 1.0460813
v 0.30817213 1.20468568 1.05509269
v 0.29729235 1.18884086 1.05968999
v -0.14317689 0.97850906 1.03098189
v -0.11377744 0.97766244 1.03494882
v -0.08340519 0.97866797 1.03696477
v -0.05146056 0.97901201 1.03904438
v -0.01998138 0.97907489 1.04031992
v 0.01113405 0.97915875 1.04060447
v 0.04150622 0.97951161 1.03963112
v 0.07286472 0.97964441 1.03757321
v 0.10416042 0.97871202 1.03551101
v 0.13806341 0.9791193 1.03134083
v -0.24011373 0.95266419 1.03204655
v -0.20805555 0.95444923 1.03639888
v -0.17557832 0.95395541 1.04145407
v -0.14508414 0.95241105 1.04636788
v -0.11471063 0.95172494 1.05024743
v -0.08409254 0.95331805 1.05141806
v -0.05219691 0.95287412 1.05337536
v -0.01996981 0.95217853 1.05441975
v 0.01159005 0.95224654 1.05445885
v 0.04224314 0.95306432 1.05379605
v 0.07276108 0.95376133 1.05230617
v 0.10452602 0.95305228 1.0504316
v 0.13951331 0.95326852 1.04662025
v 0.17678169 0.95575165 1.04021227
v 0.20881798 0.95473063 1.03612136
v 0.24041669 0.9526723 1.03149557
v -0.33420938 0.92292285 1.03239512
v -0.30267787 0.92471754 1.03840732
v -0.27132102 0.92514759 1.04412174
v -0.24023008 0.92428541 1.04992723
v -0.20787374 0.92494547 1.05397164
v 0.17651297 0.92562592 1.05749011
v 0.2091273 0.92723006 1.05221247
v 0.23673346 0.92477482 1.049232
v 0.26218816 0.92357301 1.04439377
v 0.29097846 0.92381674 1.03658735
v 0.32022976 0.92019093 1.02998447
v -0.42523044 0.89055985 1.02906739
v -0.3969137 0.89246571 1.0365144
v -0.3665629 0.89425492 1.04357278
v -0.3354308 0.89499831 1.05054116
v -0.30210185 0.89489924 1.05697202
v 0.29077768 0.89284968 1.0533781
v 0.32478123 0.89079999 1.04465031
v 0.36062341 0.89007985 1.03331089
v -0.47468596 0.8616864 1.03224217
v -0.45231121 0.86505508 1.03788518
v -0.42735296 0.86395394 1.04658961
v -0.39802187 0.86360889 1.05506491
v 0.36085629 0.85855358 1.04950904
v 0.38971635 0.85979682 1.03931665
v 0.41604822 0.85757291 1.03117775
v -0.54511869 0.82127726 1.03125166
v -0.51473248 0.82325208 1.04301714
v -0.48403546 0.82762235 1.05178988
v -0.45756363 0.83222353 1.05758929
v 0.39098295 0.82885277 1.0545659
v 0.41720229 0.82702183 1.04682159
v 0.44828563 0.82826006 1.03542614
v -0.58024615 0.7915529 1.03388679
v -0.55021166 0.78687292 1.05137872
v 0.44926774 0.79549932 1.05237889
v 0.48064601 0.79497247 1.04212713
v 0.51151526 0.79448282 1.03167367
v -0.6129297 0.76044881 1.03652429
v -0.58236932 0.75859224 1.05337834
v 0.5119493 0.76258879 1.04921388
v 0.54400628 0.76639199 1.03593754
v -0.66020023 0.72180354 1.03148889
v -0.64086198 0.72807586 1.04013872
v -0.61499345 0.72878253 1.05418849
v 0.54424518 0.73419368 1.05407416
v 0.57260555 0.73401343 1.04419624
v 0.60248398 0.73391068 1.0330013
v -0.67209172 0.70065522 1.03529715
v -0.64612764 0.70185494 1.05087292
v 0.60413724 0.70166719 1.0508548
v 0.6360799 0.70330011 1.03651928
v -0.70906519 0.66428363 1.0416969
v -0.6760264 0.67161226 1.05188727
v 0.66710591 0.66838604 1.04633808
v 0.69937783 0.66200494 1.04282105
v -0.76416075 0.62644964 1.04531848
v -0.73378413 0.64664292 1.04721117
v 0.73167026 0.64524114 1.04755783
v 0.7631796 0.62420666 1.04661774
v -0.78792947 0.59887093 1.04685497
v 0.78534352 0.59792661 1.0476315
v -0.79828739 0.57581532 1.04709315
v 0.79552781 0.57562828 1.04840838
v -0.80146718 0.54419159 1.0464257
v 0.7997564 0.54364073 1.04898858
v -0.79868662 0.51410472 1.04725456
v 0.79799979 0.51405334 1.04740667
v -0.79181385 0.48888549 1.04942178
v 0.79236447 0.48803833 1.04826092
v -0.79434096 0.4540095 1.04146742
v 0.79296749 0.4530088 1.04124641
v -0.79780376 0.42268648 1.04351997
v 0.79476594 0.42500942 1.04191124
v -0.81998372 0.38709333 1.03326451
v -0.79363375 0.3896417 1.05464601
v 0.79853081 0.39220544 1.04560637
v -0.81777501 0.35585048 1.04127931
v 0.82010269 0.35623258 1.03391182
v -0.8226813 0.32810217 1.04079985
v 0.81740981 0.33038729 1.04180383
v -0.82702022 0.29804271 1.0391041
v 0.81962943 0.29803878 1.04353284
v -0.82731342 0.26659271 1.03888177
v 0.82528495 0.26644086 1.03936255
v -0.82510292 0.23548492 1.03710556
v -0.79533797 0.23254688 1.05443382
v 0.79470264 0.2328684 1.05487728
v 0.82486766 0.23543469 1.03659069
v -0.82203072 0.20416489 1.03166878
v -0.79405951 0.20001438 1.0455209
v -0.76836508 0.20077014 1.05706882
v 0.76837623 0.20012658 1.05692982
v 0.79479575 0.20063848 1.04550838
v 0.82147115 0.20478612 1.03201174
v -0.79225868 0.17189507 1.03424215
v -0.76353585 0.17222219 1.04593706
v 0.76438367 0.17233406 1.0456295
v 0.79505831 0.17157197 1.03282976
v -0.75879758 0.1417315 1.02943468
v -0.73139476 0.14419753 1.04002976
v -0.70418024 0.13912388 1.04593253
v -0.67183554 0.13940373 1.05628407
v 0.67155027 0.13965109 1.05651378
v 0.70279872 0.14045596 1.04743504
v 0.73093104 0.14438653 1.04034447
v 0.75902628 0.14126598 1.02889263
v -0.67078113 0.11141691 1.03531205
v -0.63995522 0.10921369 1.04178738
v -0.60887765 0.10857966 1.05098319
v 0.60881936 0.10830189 1.05067837
v 0.63962185 0.10921157 1.04181778
v 0.66941666 0.11267943 1.03675591
v 0.69815743 0.11333462 1.02892684
v -0.60708093 0.08316849 1.02849006
v -0.5796827 0.08508326 1.03834331
v -0.5490244 0.08125846 1.04377448
v -0.51485109 0.08168892 1.05487179
v 0.51479667 0.081729 1.05487752
v 0.54925406 0.08124063 1.04364156
v 0.57992273 0.08492187 1.03806996
v 0.60693764 0.08294542 1.02826213
v -0.516106 0.05891877 1.03179311
v -0.48784709 0.05689835 1.03632521
v -0.45322045 0.05323227 1.04031515
v -0.4143249 0.05383925 1.04933548
v -0.38536232 0.04573027 1.04442429
v -0.35827723 0.03943324 1.04073178
v 0.35798877 0.03945279 1.04077696
v 0.3851467 0.04575438 1.0444591
v 0.41521757 0.05396341 1.04931139
v 0.45437327 0.05344343 1.04034423
v 0.48763057 0.05695135 1.03638887
v 0.51579034 0.05896263 1.03186178
v -0.32899677 0.03241092 1.03646421
v -0.29623401 0.02718383 1.03654015
v -0.26352462 0.02431901 1.041018
v -0.23272278 0.02242934 1.04475426
v -0.20366182 0.02044246 1.04696309
v -0.17521436 0.01832651 1.04998803
v -0.14316195 0.01358064 1.05014586
v -0.10884679 0.00449809 1.04399359
v 0.07573452 0.00083347 1.04472231
v 0.10973978 0.00534981 1.04503405
v 0.14250251 0.01326213 1.04977083
v 0.17456159 0.01808079 1.0496881
v 0.20322015 0.02050443 1.0471313
v 0.23230034 0.02231297 1.04457902
v 0.26335713 0.02431603 1.04102551
v 0.29608315 0.0272053 1.03658795
v 0.3288269 0.0324313 1.0364983
v -0.07307885 -0.00489585 1.0368309
v -0.04037795 -0.01113136 1.03443515
v -0.01033616 -0.01206323 1.03783202
v 0.0157433 -0.01091321 1.0391066
v 0.04217496 -0.00760815 1.03927469
v 0.23228395 1.25147593 1.0082612
v 0.25945961 1.24917435 1.00498497
v 0.20744973 1.23636305 1.01415181
v 0.2892189 1.23151016 1.00944256
v 0.21071791 1.21047556 1.01833915
v 0.23105746 1.19681131 1.01551747
v 0.26426363 1.19136047 1.01083552
v 0.29563272 1.20229578 1.02019286
v -0.04582468 1.03755474 0.99710375
v -0.01931252 1.03598105 1.00075316
v 0.00975174 1.0360856 1.00101089
v 0.0415918 1.03784894 0.99743557
v -0.1745699 1.00887227 1.00252127
v -0.14459317 1.00769138 1.00892424
v -0.1138997 1.01037895 1.0110948
v -0.08209019 1.01235306 1.01373982
v -0.04962666 1.01224041 1.01763546
v -0.02029165 1.0125252 1.01929271
v 0.00978898 1.01264262 1.01967275
v 0.04104941 1.01283431 1.0181837
v 0.07786329 1.01328277 1.01385831
v 0.11283576 1.01089489 1.01118683
v 0.14453569 1.00752353 1.0094912
v 0.17413635 1.0074265 1.0042777
v 0.20243555 1.00767481 0.99715626
v -0.29731124 0.97830283 0.99889022
v -0.2682178 0.97897088 1.00606608
v -0.23700965 0.98271209 1.00998067
v -0.20649567 0.98530173 1.01472473
v -0.17560014 0.98230493 1.02328014
v 0.1750755 0.98268985 1.02327442
v 0.20588931 0.9836353 1.01655578
v 0.23756146 0.98230743 1.01017427
v 0.27005672 0.98053771 1.0034821
v -0.36372393 0.95134162 1.00204777
v -0.33225455 0.95219504 1.01075029
v -0.30058476 0.9535827 1.01844143
v -0.27145677 0.9536243 1.02515959
v 0.27080142 0.95329982 1.02388858
v 0.29813754 0.95529002 1.01425337
v 0.32256409 0.95097482 1.00908398
v 0.35216808 0.94926607 1.00002515
v -0.45408505 0.91567111 0.99827015
v -0.42662489 0.91832953 1.0070244
v -0.39701271 0.92364031 1.01337909
v -0.36591985 0.92409187 1.02297854
v 0.35476732 0.92067056 1.01790618
v 0.38835412 0.92246091 1.0042355
v -0.50889253 0.88558852 0.99995398
v -0.47588646 0.88996815 1.01052284
v -0.45156055 0.89161586 1.01899337
v 0.39088147 0.89118546 1.02194809
v 0.41890034 0.88926315 1.01238036
v 0.44888141 0.88781505 1.00142169
v -0.54188954 0.85893189 1.00523233
v -0.50739681 0.85963183 1.02084565
v 0.44752931 0.85820198 1.01929223
v 0.48232966 0.85986256 1.0050075
v -0.57811838 0.82582068 1.01124668
v 0.48181557 0.82887345 1.02306783
v 0.51304745 0.82818782 1.01185858
v 0.5427165 0.82752263 1.00083947
v -0.63914907 0.79407775 0.99876236
v -0.60957384 0.79489088 1.01585507
v 0.54261958 0.79645323 1.0192914
v 0.57541 0.79807162 1.00559186
v -0.64678931 0.76024437 1.01682448
v 0.57459962 0.7678442 1.02382135
v 0.6048913 0.76607149 1.01293349
v 0.63780629 0.76439118 0.9996885
v -0.6774038 0.73977088 1.0089817
v 0.63606512 0.73479843 1.01844167
v 0.66994655 0.7339189 1.00269317
v -0.72320342 0.69952929 0.9991312
v -0.70005357 0.70644658 1.01348614
v 0.66751694 0.70324164 1.02225518
v 0.7016865 0.69680619 1.01011538
v -0.73422515 0.66623717 1.01716625
v 0.73468458 0.6698544 1.01194727
v -0.76582336 0.63775479 1.01435315
v 0.76795232 0.63491463 1.0144099
v -0.78853237 0.60778081 1.01870799
v 0.78906279 0.60730022 1.01623654
v -0.80366075 0.57909792 1.01673638
v 0.80322682 0.57867831 1.01421618
v -0.81098991 0.54952448 1.01450181
v 0.81087112 0.54635471 1.01327729
v -0.81729489 0.5174427 1.01104724
v 0.81311225 0.51842856 1.01289391
v -0.820894 0.48752886 1.00940513
v 0.81592237 0.48885321 1.00987052
v -0.82528621 0.45561558 1.01028204
v 0.8195917 0.4564206 1.00864028
v -0.84821885 0.41707062 0.99930179
v -0.82568275 0.41960835 1.01980352
v 0.8244133 0.42561185 1.01012492
v -0.84776401 0.38889947 1.00719165
v 0.8280946 0.39155107 1.01590216
v -0.85012906 0.36106807 1.0112195
v 0.84488797 0.35777616 1.00702679
v -0.85577422 0.33269071 1.01124334
v 0.84798044 0.32996028 1.01065135
v -0.86047983 0.29991558 1.0108782
v 0.85126626 0.29754835 1.0138998
v -0.87693452 0.26030731 0.9989171
v -0.85803914 0.2667723 1.015239
v 0.85736471 0.26785785 1.0117526
v -0.87701004 0.23211976 0.99879539
v -0.85482615 0.23820029 1.01684474
v 0.85813391 0.2385423 1.01144075
v -0.85486853 0.20662 1.0110383
v 0.85509741 0.20860829 1.00987243
v -0.85372805 0.17450867 1.00213408
v -0.82243228 0.17443932 1.02067816
v 0.82277 0.17401447 1.02037644
v 0.85377603 0.17543998 1.00168144
v -0.82483297 0.14460639 1.0028516
v -0.79068112 0.14285388 1.01778614
v 0.79292416 0.14091882 1.01527214
v 0.82427954 0.14374955 1.00273323
v -0.78876769 0.11402683 0.99728739
v -0.75952863 0.11252291 1.00754427
v -0.73106372 0.10954792 1.01450264
v -0.70160335 0.10991585 1.02499556
v 0.72992587 0.11039593 1.01551532
v 0.76132232 0.11042925 1.00481295
v -0.70049083 0.08500564 1.00242471
v -0.67105698 0.08494111 1.01054704
v -0.63880801 0.08028143 1.01555705
v 0.63864141 0.08010903 1.01539838
v 0.67078828 0.08513855 1.01077926
v 0.69920623 0.08628898 1.00388693
v -0.60808044 0.06079078 1.00489807
v -0.57988691 0.05869265 1.01126146
v -0.5443561 0.05224477 1.01532828
v -0.52047556 0.04282428 1.0113554
v 0.52030026 0.04289859 1.01144909
v 0.5442698 0.05230881 1.01539099
v 0.5798617 0.05864854 1.0111835
v 0.60789263 0.06072633 1.00483882
v -0.49184048 0.0343659 1.00777065
v -0.45211854 0.03046157 1.01154422
v -0.41767969 0.02838511 1.01447176
v -0.38681834 0.02199862 1.00927972
v -0.3584221 0.01812473 1.00816118
v -0.33005279 0.01477429 1.00884032
v -0.2964676 0.00870396 1.00924801
v 0.29629474 0.00869905 1.00926625
v 0.32985892 0.01479308 1.00888037
v 0.35827219 0.01814818 1.00818777
v 0.38793835 0.02213279 1.0092355
v 0.42219537 0.02884343 1.01427125
v 0.45663577 0.03102781 1.01145565
v 0.49291047 0.03456632 1.00780153
v -0.26205399 0.00064366 1.00962781
v -0.22927054 -0.0036539 1.01036059
v -0.19631525 -0.0061274 1.00852799
v -0.16973254 -0.00742717 1.01091814
v -0.14157515 -0.00881394 1.01581907
v -0.11131303 -0.01179231 1.01836383
v -0.07643398 -0.02016504 1.01393234
v 0.07480521 -0.01813591 1.0174402
v 0.10964337 -0.0135641 1.01615238
v 0.14092807 -0.0096296 1.01471877
v 0.17240433 -0.00731945 1.01066148
v 0.19876727 -0.00469604 1.01070225
v 0.22896337 -0.00354593 1.01058554
v 0.26161563 0.00049986 1.00944304
v -0.04013767 -0.03311977 1.00746381
v -0.0098443 -0.04154384 1.00655412
v 0.01428763 -0.04091616 1.00721287
v 0.03926296 -0.03195125 1.00972998
v 0.20956876 1.25250077 0.986072
v 0.23645082 1.25915515 0.98026377
v 0.26334506 1.25253784 0.97699356
v 0.19734862 1.23355877 0.98813372
v 0.28999078 1.23202896 0.98043215
v 0.2071193 1.2074989 0.98816323
v 0.23216743 1.19314813 0.98580026
v 0.29388773 1.2030425 0.97965252
v 0.27018174 1.18785333 0.97278076
v -0.04573041 1.06240749 0.9712702
v -0.0187558 1.06235003 0.97361016
v 0.01274509 1.06244564 0.97366261
v 0.04535888 1.06238842 0.9714756
v -0.20190291 1.03526949 0.96826058
v -0.17179222 1.03780579 0.9742738
v -0.14507278 1.04139125 0.97687912
v -0.1134537 1.04458117 0.97944539
v -0.07915209 1.04296755 0.98675131
v 0.07982937 1.04297709 0.98713296
v 0.11476369 1.04406583 0.98011082
v 0.14487412 1.04041612 0.97798204
v 0.17126326 1.0369569 0.9751867
v 0.20263147 1.03256285 0.97052741
v -0.29679715 1.00370717 0.97430759
v -0.26683771 1.0068078 0.9799931
v -0.23424977 1.01293408 0.98286926
v -0.20391055 1.01238393 0.99217754
v 0.23372148 1.01016402 0.98569226
v 0.2648729 1.00642919 0.98090541
v 0.29437428 1.00527846 0.97323525
v -0.38652214 0.9792149 0.96745502
v -0.35950559 0.97918129 0.97776377
v -0.32931745 0.98142075 0.98578155
v 0.29967317 0.98350507 0.99183863
v 0.32892948 0.98303234 0.98113369
v 0.35978853 0.97802901 0.97387492
v 0.38980546 0.97392493 0.96474653
v -0.45134884 0.94837558 0.96888613
v -0.42302572 0.95183277 0.97883176
v -0.39295965 0.95354443 0.98976886
v 0.3853009 0.94956731 0.98683691
v 0.41984105 0.94986319 0.97144371
v -0.51101291 0.91488045 0.97254127
v -0.48121935 0.9181028 0.98379087
v 0.41958603 0.92141223 0.99221742
v 0.44678795 0.91960561 0.98146438
v 0.47727718 0.91839587 0.96845138
v -0.5443741 0.88762432 0.98030936
v 0.48257029 0.88783717 0.98758459
v 0.51794511 0.88997185 0.9708271
v -0.60828673 0.85696506 0.96986138
v -0.57748597 0.85999822 0.98567688
v 0.5159862 0.86079311 0.99100309
v 0.54484152 0.86040282 0.97930514
v 0.57534098 0.85907101 0.96678692
v -0.63960743 0.82474583 0.97536915
v -0.60988956 0.82691502 0.99253118
v 0.5759263 0.8270055 0.98751997
v 0.61040186 0.82531726 0.97315341
v -0.67111671 0.79647433 0.97536075
v 0.6089226 0.79628622 0.99252331
v 0.64136421 0.79531282 0.97818887
v -0.70353436 0.76734697 0.97186183
v -0.67462015 0.76833552 0.99305832
v 0.67204576 0.76301538 0.98379373
v 0.70190197 0.76005369 0.96889174
v -0.73182237 0.72809338 0.97361147
v -0.70581978 0.73642909 0.99016642
v 0.70051354 0.73126429 0.98777651
v 0.72707152 0.73233556 0.9696685
v -0.74168503 0.70201015 0.9806782
v 0.72686028 0.70074176 0.99090474
v 0.7539395 0.69794684 0.97035765
v -0.76102358 0.67610228 0.97891652
v 0.7635889 0.67046201 0.97957646
v -0.78430348 0.63829863 0.98158907
v 0.78490656 0.63669621 0.9813385
v -0.79936945 0.6087054 0.9873116
v 0.8006767 0.60824453 0.98245465
v -0.81606143 0.57736086 0.98407059
v 0.81384849 0.57728779 0.98123931
v -0.82714676 0.54924255 0.9824506
v 0.8226549 0.54463803 0.98268199
v -0.83983361 0.51756829 0.97794032
v 0.82764512 0.51724749 0.98382997
v -0.84930932 0.48550528 0.97718143
v 0.83505797 0.48815718 0.98026096
v -0.85424983 0.4509406 0.98300385
v 0.84362888 0.45812475 0.97690099
v -0.8641237 0.42398482 0.98129367
v 0.85046607 0.42633673 0.97791189
v -0.8730545 0.39466869 0.98016691
v 0.85402643 0.38773131 0.98634004
v -0.87880826 0.36400595 0.98181521
v 0.86211806 0.36014109 0.98522335
v -0.88340282 0.33148708 0.98378157
v 0.87477886 0.32903105 0.97868585
v -0.88615346 0.29057249 0.98697173
v 0.88027715 0.29494386 0.98121357
v -0.89047604 0.26077207 0.9855073
v 0.88412725 0.26652506 0.98309207
v -0.89513194 0.23103363 0.98186492
v 0.88619136 0.23791348 0.98459065
v -0.90717804 0.19978289 0.96916437
v -0.8850907 0.20012083 0.98748982
v 0.88687247 0.20708462 0.98353219
v -0.88571941 0.16829848 0.97778093
v 0.88488954 0.17287433 0.97817289
v -0.88363993 0.14021055 0.96642315
v -0.85494858 0.14578619 0.98758065
v 0.85469454 0.14562626 0.98747682
v 0.88425838 0.14167657 0.96581077
v -0.85639166 0.11672466 0.96560001
v -0.82291132 0.11299303 0.97984969
v 0.79360353 0.10944178 0.99111962
v 0.82429468 0.11124225 0.97781604
v 0.85616904 0.11639765 0.96555435
v -0.78945994 0.08558414 0.97044169
v -0.76140272 0.08374813 0.97994458
v -0.73106908 0.07973401 0.98671913
v 0.73093611 0.07955119 0.98643314
v 0.76306492 0.0828317 0.97841715
v 0.79283165 0.08305627 0.96643459
v -0.70103722 0.05964393 0.97450661
v -0.67096567 0.05640902 0.9798628
v -0.6362648 0.05242931 0.98620438
v -0.61075174 0.04571988 0.98616707
v -0.58146715 0.03884286 0.9872595
v 0.58153265 0.03892539 0.98729282
v 0.61090225 0.04617598 0.98676371
v 0.63610124 0.05242742 0.98617714
v 0.67091071 0.05638829 0.97984778
v 0.70072251 0.05971598 0.97460717
v -0.54918956 0.02910159 0.98507082
v -0.51724541 0.02258237 0.98467057
v -0.48752069 0.01771953 0.98468852
v -0.45459419 0.01598865 0.98857462
v -0.42578277 0.01119943 0.98558545
v 0.42694789 0.01130221 0.98547804
v 0.4556728 0.01621693 0.98864245
v 0.48727327 0.01775147 0.9847356
v 0.5169816 0.02267394 0.98483097
v 0.54918229 0.02922092 0.98520737
v -0.39411217 0.00219878 0.97560912
v -0.35916003 -0.0011264 0.97614884
v -0.32891067 -0.00198451 0.98089712
v -0.29934883 -0.00698804 0.98265373
v -0.26762151 -0.01761336 0.98171681
v -0.23330816 -0.02574232 0.98028594
v 0.20575274 -0.02663294 0.98008424
v 0.23600351 -0.02421288 0.98254525
v 0.26746273 -0.01758535 0.9818288
v 0.29910633 -0.0070371 0.98262083
v 0.3287462 -0.0019756 0.98091721
v 0.35886728 -0.00110942 0.97619158
v 0.39384174 0.00223912 0.97567576
v -0.19484721 -0.03118196 0.97391086
v -0.16608777 -0.03275391 0.97359216
v -0.13926562 -0.03552629 0.97550022
v -0.11210462 -0.03756381 0.97866773
v -0.07966573 -0.04103861 0.9808017
v -0.04315032 -0.05191694 0.98077035
v 0.04120986 -0.05162945 0.98270517
v 0.07568008 -0.04042024 0.98321497
v 0.11057782 -0.03639992 0.98066908
v 0.14304935 -0.03302109 0.9784615
v 0.17824201 -0.02981568 0.97621023
v -0.01106504 -0.06414019 0.98051631
v 0.01543711 -0.06365147 0.98135685
v 0.20724259 1.2573601 0.95109546
v 0.23719887 1.26057195 0.95015943
v 0.26723957 1.25019097 0.95026809
v 0.18924275 1.23304116 0.95332479
v 0.29342699 1.22756946 0.95274364
v 0.20104889 1.20470082 0.95299625
v 0.30042287 1.20000815 0.94945478
v 0.23292273 1.18556547 0.95068693
v 0.27081409 1.18110108 0.94872188
v 0.28907424 1.18466162 0.94530141
v -0.16870272 1.06176161 0.94500297
v -0.14244812 1.06694078 0.94572401
v -0.11178347 1.06961941 0.94936013
v -0.07486178 1.06921231 0.95741784
v -0.0496117 1.07411265 0.95512878
v -0.01836366 1.0773139 0.95277965
v 0.01622467 1.07737922 0.95272696
v 0.04954374 1.07409024 0.95519447
v 0.07668555 1.0685954 0.95819532
v 0.11274044 1.06863963 0.95022386
v 0.14315614 1.06537115 0.94601583
v 0.17001915 1.05963707 0.94572627
v -0.26571255 1.03271377 0.95079779
v -0.22909534 1.04118609 0.95192796
v -0.20014697 1.05200266 0.94740587
v 0.203067 1.04941296 0.94796717
v 0.23070466 1.03886151 0.95257425
v 0.26370447 1.03047382 0.95307886
v -0.38438153 1.00196945 0.94325995
v -0.35545945 1.00770652 0.94854521
v -0.3233779 1.01224422 0.95558613
v -0.29672908 1.02315759 0.95221704
v 0.29468888 1.0203545 0.95576608
v 0.32291135 1.01180887 0.95503222
v 0.35753995 1.00727498 0.94616407
v 0.38623371 1.00149059 0.93978142
v -0.44676014 0.97940254 0.93877238
v -0.41749927 0.98082786 0.95142245
v 0.42310252 0.97470045 0.94806772
v 0.45241552 0.97585958 0.93319845
v -0.51312917 0.9492098 0.93766045
v -0.48352512 0.95205807 0.94940644
v 0.44854274 0.95021736 0.95727872
v 0.47882217 0.95114809 0.941841
v -0.57455045 0.91483676 0.93749153
v -0.54367101 0.91761469 0.95296967
v 0.51350104 0.92129743 0.94945311
v 0.54381209 0.92137932 0.93552327
v -0.60767042 0.8866198 0.94373947
v -0.57800519 0.88830936 0.96128058
v 0.54622423 0.89122933 0.95747327
v 0.57272082 0.89119315 0.94506937
v -0.66701054 0.84940868 0.93565654
v -0.63811552 0.85351121 0.95285725
v 0.60773718 0.85876584 0.95162057
v 0.63825035 0.85637593 0.93756604
v -0.69614082 0.82330358 0.93541944
v -0.66942548 0.82475245 0.95483017
v 0.64142638 0.82456028 0.95863747
v 0.66750103 0.82905036 0.94135534
v -0.70021832 0.79619038 0.9534266
v 0.67071753 0.79748094 0.96175539
v 0.69855022 0.79632008 0.9459424
v -0.73271411 0.76540368 0.94791585
v 0.72961044 0.76361811 0.9471634
v -0.76278173 0.73176872 0.94284212
v 0.76174497 0.72669971 0.94523173
v -0.7836343 0.70578444 0.93870842
v -0.76189053 0.70438754 0.96081435
v 0.7727096 0.70339334 0.95000165
v -0.79336917 0.67317688 0.94742965
v 0.7904129 0.68021982 0.94575417
v -0.81240403 0.63692134 0.94834625
v 0.80469536 0.63997548 0.95289427
v -0.82406795 0.60891068 0.95196509
v 0.81903046 0.60777425 0.95245152
v -0.83995288 0.5764659 0.95017153
v 0.83082425 0.5764606 0.951586
v -0.85170131 0.54767108 0.95068073
v 0.84001004 0.54176724 0.95368051
v -0.86295914 0.51559138 0.95126402
v 0.84754383 0.5120269 0.95415747
v -0.8773576 0.48096001 0.94843119
v 0.85635817 0.48310548 0.95164704
v -0.88311743 0.45430445 0.95162677
v 0.86596047 0.45433118 0.94841802
v -0.88847947 0.42250669 0.95574301
v 0.87446957 0.42203119 0.94797158
v -0.89867687 0.38857376 0.95418119
v 0.88143628 0.38782453 0.95023071
v -0.90719741 0.35675704 0.95259207
v 0.88526678 0.35794329 0.95527505
v -0.91420626 0.32486745 0.9513064
v 0.89562094 0.32806408 0.95170044
v -0.91794896 0.29164835 0.95254468
v 0.90424448 0.29461222 0.95075446
v -0.91765677 0.26274871 0.95636153
v 0.91173625 0.26450151 0.9492914
v -0.92023837 0.23346599 0.95567703
v 0.91547417 0.23635047 0.95069229
v -0.92426902 0.20196345 0.95190167
v 0.91667228 0.20628911 0.95324486
v -0.91862702 0.17386706 0.95289945
v 0.91667705 0.17429369 0.95193648
v -0.91703736 0.13969115 0.94127237
v 0.9188233 0.14379678 0.94061625
v -0.88809925 0.11232431 0.94422435
v 0.88809013 0.11199294 0.94401615
v -0.85401785 0.08391249 0.9368534
v -0.82164877 0.080831 0.95023328
v 0.82301646 0.08036108 0.94911968
v 0.85394358 0.08396204 0.93695533
v -0.79429239 0.06212827 0.94159042
v -0.76359951 0.05591742 0.94649732
v -0.72889673 0.05031218 0.95309031
v -0.70234084 0.04200416 0.95230329
v 0.702021 0.04188575 0.95219659
v 0.7289136 0.05046292 0.95329403
v 0.76580625 0.0585208 0.94962245
v 0.79598313 0.06177879 0.9405353
v -0.6699773 0.0321651 0.94987899
v -0.63878762 0.02407069 0.94809937
v -0.61004769 0.01989659 0.95083415
v -0.58008158 0.01642698 0.95619523
v -0.54722338 0.0094613 0.95626485
v 0.54747736 0.0095424 0.95618689
v 0.58073926 0.01682483 0.95641607
v 0.61086255 0.02157644 0.95317244
v 0.6390531 0.02455896 0.94865322
v 0.66989874 0.03218076 0.94981443
v -0.50907498 0.00211961 0.95400357
v -0.476902 -0.00245593 0.95327282
v -0.448152 -0.00504907 0.95437771
v -0.42320883 -0.00765604 0.95442348
v -0.39632177 -0.01114769 0.95228135
v -0.36266619 -0.01318419 0.95459258
v -0.32919529 -0.01648668 0.95644259
v -0.29796311 -0.02314373 0.95575314
v 0.2977935 -0.02315879 0.95576429
v 0.32904806 -0.01646985 0.95647132
v 0.36242055 -0.01314122 0.9546597
v 0.39605099 -0.01116244 0.95225805
v 0.42379295 -0.00783162 0.95402479
v 0.4482997 -0.00473711 0.95476627
v 0.47654938 -0.00235703 0.95346278
v 0.50904202 0.00221989 0.95411807
v -0.26573199 -0.0358155 0.95296657
v -0.23381233 -0.0478158 0.95042085
v -0.20013731 -0.05302932 0.94753432
v -0.1708007 -0.05117475 0.95008879
v -0.14051711 -0.05453149 0.94906342
v 0.11005573 -0.05741695 0.95047378
v 0.14116384 -0.05135056 0.95326197
v 0.17378386 -0.05015135 0.95087373
v 0.20289167 -0.05171633 0.94949066
v 0.23359435 -0.0477985 0.95055425
v 0.26528471 -0.03598255 0.95278477
v -0.11012925 -0.06070559 0.94575262
v -0.07725496 -0.06437467 0.9469093
v -0.04221279 -0.07358142 0.95021617
v -0.01133042 -0.08369371 0.9538213
v 0.01524415 -0.08359672 0.95439428
v 0.04084451 -0.07503528 0.95009291
v 0.07443743 -0.06747174 0.94493281
v 0.2056553 1.25452876 0.91879797
v 0.23665995 1.2566204 0.91803014
v 0.18192187 1.23084926 0.92192679
v 0.26849409 1.2455945 0.91823709
v 0.2928574 1.2258203 0.91937291
v 0.18649834 1.20341742 0.92054098
v 0.30046206 1.20114064 0.91917848
v 0.21237313 1.18414807 0.92246967
v 0.23715923 1.17687523 0.92586302
v 0.26900675 1.17605161 0.92580014
v 0.29157513 1.18304252 0.92159628
v -0.0125747 1.09259915 0.92381578
v 0.02150147 1.09260296 0.92366987
v -0.23177534 1.06252241 0.92043256
v -0.20132279 1.06847047 0.922028
v -0.17139497 1.07495403 0.92252147
v -0.14270217 1.08004307 0.92246258
v -0.11328148 1.08362984 0.92423915
v -0.08148245 1.08570098 0.928038
v -0.049798 1.08859789 0.92808044
v 0.05189044 1.08876061 0.92777156
v 0.08202073 1.08550024 0.92765939
v 0.11392106 1.0830717 0.92253547
v 0.14448623 1.07908451 0.91812855
v 0.17197984 1.07306909 0.91908955
v 0.20269724 1.06699669 0.91621363
v 0.23356027 1.06150591 0.91347342
v -0.35668826 1.02898955 0.92067444
v -0.32702076 1.03739023 0.92163735
v -0.29704505 1.04464507 0.92275643
v -0.2652632 1.05306756 0.92260813
v 0.2656998 1.05109453 0.92039936
v 0.29918652 1.03992354 0.92681443
v 0.32902002 1.0355277 0.92233276
v 0.35696995 1.02920961 0.91933643
v -0.44787222 1.0098586 0.91009402
v -0.41411131 1.00779163 0.92302769
v -0.38810104 1.01643347 0.92323505
v 0.38665902 1.01828432 0.91997903
v 0.41543629 1.00764536 0.91991686
v 0.45048809 1.00918316 0.90777826
v -0.51443344 0.98338902 0.90859019
v -0.48159012 0.98426675 0.91929709
v 0.48459637 0.98070168 0.91671174
v 0.5158326 0.98301553 0.9052869
v -0.57268053 0.94390922 0.90840745
v -0.54419255 0.95002996 0.92123234
v 0.51137399 0.95346522 0.92524611
v 0.5415169 0.95223671 0.9127832
v 0.56941026 0.94609057 0.90198636
v -0.60668301 0.91483491 0.91552138
v 0.56949007 0.91889303 0.92456901
v 0.6004405 0.91947567 0.90712511
v -0.66524952 0.87835341 0.90908867
v -0.63804841 0.8842166 0.9243443
v 0.60280978 0.89264762 0.92886781
v 0.63729542 0.88995331 0.9110673
v -0.69592988 0.847952 0.91340231
v 0.66650515 0.85843229 0.91920727
v 0.69603771 0.85256648 0.90467059
v -0.72574877 0.8226062 0.90962743
v 0.69435608 0.82844567 0.92547905
v 0.72549933 0.82404542 0.90590095
v -0.76076483 0.79010164 0.90275764
v -0.73042094 0.79505461 0.9281761
v 0.73001492 0.79584199 0.92383474
v -0.76533567 0.76301389 0.91867548
v 0.76615816 0.76450789 0.91524362
v -0.79095876 0.72954225 0.91565072
v 0.7932282 0.73286795 0.91094881
v -0.80243337 0.70579576 0.9189012
v 0.79310119 0.70739364 0.92779684
v 0.81467974 0.70617818 0.9055624
v -0.82326304 0.67371666 0.91521394
v 0.81989204 0.67568981 0.91612672
v -0.84163999 0.6397897 0.91427981
v 0.82906186 0.64126157 0.9224708
v -0.85287213 0.61227464 0.91659963
v 0.8438096 0.60784053 0.91945368
v -0.8646512 0.58047175 0.91967296
v 0.8537814 0.57801675 0.91925275
v -0.87915593 0.54816162 0.91883325
v 0.85946047 0.54540419 0.92459166
v -0.89060735 0.51509714 0.9198783
v 0.86701059 0.51349854 0.92626178
v -0.90638524 0.47827461 0.91598391
v 0.87743246 0.48318013 0.92280876
v -0.91302883 0.45071893 0.91822767
v 0.88715148 0.45432078 0.91947102
v -0.91701734 0.41954004 0.92370998
v 0.89546781 0.41943284 0.91999304
v -0.92351603 0.38739839 0.92569124
v 0.90526735 0.38408345 0.9186716
v -0.93121361 0.35600361 0.92455875
v 0.91047292 0.3560661 0.92121166
v -0.94019651 0.3244957 0.92060458
v 0.91635733 0.3295151 0.92243564
v -0.94642746 0.29371601 0.91851532
v 0.92442631 0.29686188 0.92247414
v -0.94675141 0.26558381 0.92208987
v 0.93544209 0.2627877 0.91830176
v -0.94833767 0.23570752 0.9233092
v 0.94386577 0.23442736 0.91486364
v -0.94953107 0.20408158 0.92366659
v 0.9462831 0.20676162 0.9177525
v -0.94912368 0.1741666 0.92182678
v 0.94652724 0.17631444 0.92059534
v -0.94533062 0.14196541 0.91695076
v 0.94741594 0.14665754 0.91599011
v -0.93982029 0.1108433 0.90635007
v -0.91804504 0.10849992 0.92111396
v 0.92020165 0.11164452 0.92116373
v 0.9421792 0.11711704 0.90784192
v -0.88844549 0.08296851 0.91661888
v 0.88764607 0.08214177 0.91664636
v -0.85326623 0.06058364 0.91099536
v -0.821756 0.05647135 0.92133981
v -0.79571831 0.04577242 0.91805112
v 0.76622086 0.04011666 0.92368984
v 0.79877221 0.04850373 0.92085194
v 0.82304394 0.05660988 0.9208576
v 0.85359704 0.06073885 0.91099262
v -0.76120746 0.03196186 0.91318571
v -0.7308312 0.02409601 0.9147365
v -0.70268291 0.02079839 0.92110675
v -0.6703763 0.01132756 0.91767907
v 0.67021775 0.01123214 0.9174782
v 0.70245188 0.0207743 0.9210118
v 0.73218643 0.02677418 0.91814529
v -0.63820064 0.00092556 0.91097414
v -0.60916984 -0.00384209 0.91247868
v -0.58090817 -0.00440464 0.92140603
v -0.54980218 -0.00747738 0.92568373
v -0.511635 -0.01338907 0.92495846
v -0.47769829 -0.01764993 0.92605471
v -0.44820484 -0.02254348 0.92599487
v -0.42256122 -0.0252585 0.92751514
v -0.39529424 -0.026869 0.92728352
v 0.39583045 -0.02708171 0.92684996
v 0.42489391 -0.02560404 0.92660439
v 0.45005282 -0.0217002 0.92679733
v 0.47767549 -0.01741872 0.92644149
v 0.51162684 -0.0133692 0.92485165
v 0.54983043 -0.00782837 0.9247877
v 0.58138501 -0.00437498 0.92095041
v 0.60916662 -0.0017995 0.91590333
v 0.63811838 0.00210596 0.9131453
v -0.36114427 -0.03085308 0.92519974
v -0.32497263 -0.03741122 0.92338579
v -0.2938565 -0.04356998 0.92422431
v -0.26294523 -0.05463458 0.92380958
v 0.26278728 -0.054687 0.9237985
v 0.29371488 -0.04357036 0.9242509
v 0.32479035 -0.03739432 0.92341351
v 0.36096578 -0.03081548 0.92523682
v -0.23220646 -0.07153861 0.91912949
v -0.20217715 -0.08206652 0.91575217
v -0.171624 -0.08168059 0.917984
v -0.1396982 -0.08083403 0.92019009
v -0.10921451 -0.08329968 0.9200077
v -0.07672418 -0.08716593 0.92079758
v 0.11142067 -0.08462509 0.91896867
v 0.14089274 -0.07949521 0.9215976
v 0.17056819 -0.08020722 0.91924119
v 0.20126621 -0.08137165 0.91649067
v 0.23167605 -0.07162997 0.91901177
v -0.04114051 -0.10091806 0.91967457
v -0.01033779 -0.10902822 0.92491704
v 0.01522949 -0.10864247 0.92545807
v 0.04186547 -0.1033682 0.91793227
v 0.07658402 -0.09718902 0.91090357
v 0.20576123 1.25224101 0.89294827
v 0.2345089 1.25303411 0.89045333
v 0.17951668 1.23055088 0.89389908
v 0.26614993 1.24230229 0.88545823
v 0.28816181 1.22730827 0.88548362
v 0.17904117 1.20260274 0.89119017
v 0.29715719 1.20482683 0.88906627
v 0.20112791 1.18016219 0.88695406
v 0.23396162 1.17024505 0.89210647
v 0.26647657 1.17203235 0.89633202
v 0.28995627 1.1827588 0.89537239
v -0.14297998 1.09354233 0.89220571
v -0.11427803 1.0973742 0.89261823
v -0.0836344 1.0993011 0.89614749
v -0.05198942 1.10128688 0.89756923
v -0.01421094 1.10371863 0.89577853
v 0.02114741 1.10384559 0.89519912
v 0.05283151 1.10157084 0.89653444
v 0.08454935 1.09940469 0.89339613
v 0.11394363 1.09709322 0.88624107
v 0.14081597 1.0928924 0.88304603
v -0.54807305 1.07197403 0.87458407
v -0.51861643 1.07439649 0.87779867
v -0.48751959 1.07632994 0.873088
v -0.30031445 1.06362915 0.89107978
v -0.26847967 1.0694971 0.89346361
v -0.23535746 1.07708168 0.89236652
v -0.20571918 1.08202934 0.89390981
v -0.17484113 1.08718168 0.89492762
v 0.16687569 1.08599805 0.88809871
v 0.19718493 1.08125877 0.88439703
v 0.22902685 1.07667815 0.88135469
v 0.26369902 1.066715 0.88868361
v 0.48697564 1.07618987 0.87358534
v 0.518893 1.07795918 0.87579858
v -0.55211263 1.04702496 0.88131833
v -0.51981592 1.04832923 0.88627272
v -0.48703545 1.04790294 0.8844884
v -0.4550234 1.04410052 0.88308572
v -0.42323011 1.03974747 0.885324
v -0.39221507 1.03951561 0.89081859
v -0.36100682 1.04721021 0.89185786
v -0.33078867 1.05572652 0.89168894
v 0.30017352 1.0566591 0.89682924
v 0.3321737 1.05181479 0.8948574
v 0.36170697 1.04672408 0.89158505
v 0.39104494 1.04087901 0.8894003
v 0.42259681 1.0405898 0.88474345
v 0.45480048 1.04429721 0.8835935
v 0.48644667 1.04819726 0.88536465
v 0.51898849 1.05108332 0.88571035
v 0.5519672 1.05376792 0.87868779
v -0.5531789 1.01935899 0.88299822
v -0.51771289 1.0193367 0.89212262
v -0.48284035 1.01709795 0.89746648
v 0.48511833 1.01659059 0.89675819
v 0.51895415 1.01982414 0.89161467
v 0.55113786 1.02182579 0.88263124
v -0.5762301 0.9796909 0.87961995
v -0.54905176 0.98399102 0.89404749
v 0.54577434 0.9852221 0.8927747
v 0.57396554 0.98072993 0.87895238
v -0.60566169 0.94457078 0.88458418
v 0.60163122 0.94816684 0.88045239
v -0.66453391 0.90786182 0.87812668
v -0.63818633 0.91613042 0.89059329
v 0.63880491 0.9186958 0.88377237
v -0.69269603 0.87935668 0.88450408
v 0.67410361 0.88731372 0.88843447
v -0.72619438 0.85021793 0.88338458
v 0.70181 0.86748939 0.8867017
v 0.72410464 0.85246372 0.88174855
v -0.75621587 0.81984776 0.88122415
v 0.75761783 0.82113266 0.87819868
v -0.78386962 0.79018199 0.8776775
v 0.76486641 0.79394745 0.89472985
v 0.78620767 0.79152977 0.87415444
v -0.7932434 0.76332616 0.88849902
v 0.79438817 0.76461541 0.8863964
v -0.82016873 0.7320677 0.88041228
v 0.82067024 0.72840237 0.88288343
v -0.82845878 0.70432567 0.89027947
v 0.83006978 0.70474517 0.8876841
v -0.84847885 0.67399287 0.88615828
v 0.84322977 0.6719048 0.8896569
v -0.8643555 0.64376342 0.88533604
v 0.85320323 0.64045488 0.89230799
v -0.87985158 0.61259967 0.88421827
v 0.86421412 0.60813653 0.89226555
v -0.89051735 0.58031755 0.88913434
v 0.87523829 0.57487332 0.89116823
v -0.90595018 0.54664057 0.88755404
v 0.88381993 0.54288196 0.8918271
v -0.9160248 0.51661211 0.88861614
v 0.89119869 0.51199418 0.89302569
v -0.92571044 0.48332753 0.89021599
v 0.90057134 0.48365181 0.88992536
v -0.93552875 0.45048669 0.89023542
v 0.90964347 0.4580658 0.88591814
v -0.94478702 0.41795605 0.88958692
v 0.91659218 0.42448681 0.88769447
v -0.95006167 0.38763362 0.89225792
v 0.92395389 0.38895967 0.88996607
v -0.95478332 0.35698777 0.89436423
v 0.93065571 0.35850405 0.89152276
v -0.96173167 0.32612323 0.8925054
v 0.93897891 0.32798576 0.89066487
v -0.96903425 0.29473695 0.88906204
v 0.94723749 0.29433924 0.89096397
v -0.9725402 0.26460313 0.88901388
v 0.95674151 0.26024824 0.88925606
v -0.97677552 0.23270466 0.88656073
v 0.96836721 0.23078055 0.88209438
v -0.97622954 0.19969652 0.88940012
v 0.97361683 0.20394919 0.88166308
v -0.97539001 0.17059026 0.88928717
v 0.9730767 0.17393873 0.88636755
v -0.96909511 0.1408647 0.88974535
v 0.96941542 0.14190822 0.8876841
v -0.95600688 0.11125319 0.89002394
v 0.95622277 0.11326323 0.89069938
v -0.94608783 0.0920245 0.88430064
v -0.9200989 0.08292058 0.89521163
v 0.91994035 0.08259901 0.89516669
v 0.94609141 0.0934651 0.88511234
v -0.88415271 0.05927879 0.89025872
v -0.85625684 0.04872025 0.8917154
v -0.82805407 0.03979694 0.89241647
v 0.83028101 0.04008403 0.89167535
v 0.85710215 0.04901864 0.89173054
v 0.88398361 0.0592299 0.89042425
v -0.79611885 0.02915917 0.89085751
v -0.76194918 0.0174009 0.88824141
v -0.731449 0.00966665 0.88925737
v -0.70264667 0.00490704 0.89343559
v 0.70219451 0.00447102 0.89282608
v 0.73127985 0.01020629 0.8901515
v 0.7640165 0.02182279 0.89454251
v 0.79855674 0.03019379 0.89126938
v -0.67286318 -0.00381073 0.88887202
v -0.64153611 -0.01218854 0.88431572
v -0.61035037 -0.0164582 0.8879255
v -0.58037543 -0.01947014 0.89355784
v -0.54796266 -0.02368545 0.8947165
v 0.54670929 -0.02486576 0.89275872
v 0.58021956 -0.01998104 0.89228034
v 0.60909467 -0.01539621 0.89031487
v 0.6407783 -0.00997083 0.88918459
v 0.67259609 -0.00329108 0.89002287
v -0.51183801 -0.0298691 0.89176571
v -0.48079568 -0.03486147 0.89285355
v -0.45144027 -0.04257319 0.89299529
v -0.42537751 -0.04612797 0.89653784
v -0.39602363 -0.0463141 0.89834243
v -0.36025378 -0.05034796 0.89494913
v 0.35985177 -0.05036613 0.89496958
v 0.39615467 -0.04672725 0.89772522
v 0.42808169 -0.04588517 0.896025
v 0.45532119 -0.04042061 0.89442533
v 0.48062706 -0.03467619 0.89303565
v 0.51092553 -0.03042694 0.89102786
v -0.32235485 -0.06013628 0.88981378
v -0.2908256 -0.06961333 0.88846468
v -0.26092457 -0.07980589 0.89050221
v 0.26078814 -0.07982041 0.89053177
v 0.29067057 -0.06961305 0.88847678
v 0.32214075 -0.06010025 0.88987112
v -0.2295503 -0.09840391 0.88801991
v -0.20153719 -0.112796 0.88486719
v -0.17150688 -0.11520259 0.88604342
v -0.14004078 -0.11384014 0.88804352
v -0.10944435 -0.1147205 0.88909125
v -0.07693123 -0.11743333 0.89096504
v 0.11055704 -0.11712915 0.8865413
v 0.14061376 -0.11384943 0.88785779
v 0.17068976 -0.11452394 0.88666009
v 0.20106944 -0.11269342 0.88496387
v 0.22940328 -0.0984811 0.88798719
v -0.04547938 -0.13491269 0.8846243
v -0.00983168 -0.13765886 0.89737689
v 0.01606405 -0.13719928 0.89768767
v 0.04317598 -0.13481518 0.88650298
v 0.07745799 -0.12736377 0.88087391
v -0.00789373 -0.16191071 0.87437671
v 0.01685484 -0.1617545 0.87387913
v 0.20382627 1.24949526 0.86850929
v 0.23225286 1.25010168 0.86465168
v 0.17574738 1.2297225 0.8651579
v 0.26498767 1.23808932 0.85471379
v 0.28624829 1.22381329 0.85540664
v 0.17104476 1.20286607 0.86147522
v 0.29551214 1.20290076 0.85988509
v 0.18236577 1.17607164 0.85355413
v 0.20324721 1.166327 0.85681802
v 0.26348501 1.16488707 0.85807961
v 0.28810721 1.18011689 0.86337578
v 0.23119585 1.1516112 0.84842616
v -0.57636755 1.10232782 0.84399169
v -0.54533326 1.10393738 0.85318511
v -0.51875954 1.10839271 0.85467624
v -0.49128508 1.10727143 0.85305488
v -0.46108561 1.10197401 0.84545308
v -0.23642893 1.09216451 0.85970091
v -0.20767964 1.09683752 0.86007273
v -0.17798565 1.09965419 0.86387926
v -0.14640423 1.1037538 0.86445963
v -0.11584828 1.10741663 0.86452835
v -0.08279921 1.11077356 0.86394047
v -0.05103899 1.11334335 0.86248874
v -0.01675729 1.11485648 0.86127847
v 0.01682689 1.1149888 0.8607946
v 0.0507318 1.11284852 0.86336261
v 0.08253328 1.10951006 0.86412161
v 0.10937896 1.10651469 0.85942912
v 0.13783711 1.10562253 0.85508143
v 0.16506524 1.10396885 0.85641485
v 0.19766767 1.10152959 0.85175651
v 0.23235738 1.10013473 0.84714835
v 0.46117425 1.10175061 0.84576761
v 0.49086201 1.10661077 0.85345286
v 0.51834195 1.10843992 0.85457086
v 0.54607594 1.10709345 0.85144668
v 0.57584863 1.10244774 0.84496104
v -0.60082751 1.07945883 0.84455692
v -0.57832706 1.07885134 0.86044758
v -0.45545035 1.07626879 0.86235058
v -0.42074734 1.071388 0.85368788
v -0.38938754 1.06553411 0.85581684
v -0.36174458 1.0671786 0.85954535
v -0.33169454 1.07326674 0.86087667
v -0.30161416 1.07977128 0.86068344
v -0.26990482 1.0846368 0.86266446
v 0.2608152 1.08347964 0.85503566
v 0.29530191 1.07447028 0.86235165
v 0.32868692 1.0699265 0.8616144
v 0.3639884 1.06625628 0.85845506
v 0.3908233 1.06618022 0.85508447
v 0.42103877 1.07197237 0.85377401
v 0.45513922 1.07620716 0.86302948
v 0.55081951 1.08181226 0.86901575
v 0.57919538 1.08211422 0.85875833
v 0.60040408 1.07937073 0.84609067
v -0.60179382 1.04897904 0.85095763
v -0.58024764 1.050915 0.86732029
v 0.57999402 1.05230236 0.86704814
v 0.60148876 1.04912531 0.85172462
v -0.60372352 1.01326882 0.84899079
v -0.58005893 1.01704883 0.86904841
v 0.57831531 1.01746201 0.87021827
v 0.60255575 1.01368641 0.85194325
v -0.60460054 0.9801293 0.85692447
v 0.60433709 0.98166936 0.85591447
v -0.65823507 0.93651425 0.85107076
v -0.63626277 0.94849836 0.85683333
v 0.63719129 0.95098543 0.85296201
v -0.67564988 0.91932201 0.85507118
v 0.66908979 0.91908812 0.86042827
v 0.69475638 0.91018074 0.84735596
v -0.72543788 0.87821674 0.85427349
v -0.69905877 0.89762282 0.8583877
v 0.70099926 0.88627678 0.86816477
v 0.72596979 0.88075566 0.85028666
v -0.75719291 0.84930443 0.85129141
v 0.75723463 0.84884715 0.85149765
v -0.77915883 0.81735718 0.85788285
v 0.77971839 0.81718874 0.85733854
v -0.7980234 0.79393005 0.85676729
v 0.79915857 0.79372859 0.8557778
v -0.81645017 0.76538628 0.85825812
v 0.81726968 0.76490819 0.85798001
v -0.84480655 0.73216921 0.84897118
v 0.84791827 0.72910869 0.84601283
v -0.85495054 0.70000058 0.86032575
v 0.85390394 0.70182883 0.85799741
v -0.87226557 0.66835701 0.8599978
v 0.86658155 0.67074048 0.85922682
v -0.88951259 0.63832503 0.85660445
v 0.87935113 0.63966 0.85708224
v -0.90824389 0.60512572 0.85217821
v 0.88738703 0.60921001 0.85953027
v -0.91783618 0.57527148 0.85687863
v 0.89621788 0.57539737 0.86144137
v -0.92854642 0.54613256 0.85830819
v 0.90810191 0.54297399 0.85728979
v -0.9383887 0.51888078 0.85796761
v 0.91659462 0.51055866 0.85699462
v -0.94638192 0.48817694 0.86023855
v 0.92332762 0.48109287 0.85766643
v -0.95679926 0.45211052 0.86065334
v 0.93035423 0.45657426 0.85596585
v -0.96872592 0.41678011 0.8574168
v 0.93918728 0.42389708 0.85453504
v -0.97625267 0.38485497 0.85723358
v 0.94685626 0.39016413 0.85558891
v -0.98017352 0.35621595 0.85968083
v 0.95200568 0.3595184 0.85963022
v -0.98334759 0.32759934 0.86223673
v 0.95956069 0.32685411 0.86090779
v -0.98780524 0.29625931 0.86240047
v 0.96927952 0.29304039 0.859218
v -0.99246311 0.26427698 0.86089575
v 0.97791045 0.26112687 0.85805779
v -0.99905037 0.23203778 0.85475009
v 0.98730731 0.23156447 0.8542608
v -0.99608361 0.19868578 0.86085134
v 0.992356 0.20514184 0.85406249
v -0.99409484 0.16862094 0.86281251
v 0.99180823 0.17437624 0.85959374
v -0.99008357 0.13971352 0.86257129
v 0.98992759 0.14038208 0.86001443
v -0.98069036 0.11055503 0.86112338
v 0.98074072 0.11065915 0.86033248
v -0.9703201 0.08555293 0.85279351
v -0.95204317 0.07466149 0.85801589
v 0.95188021 0.0746413 0.85812598
v 0.97030985 0.08568602 0.85269612
v -0.92029857 0.06012001 0.86453402
v -0.89048194 0.04529706 0.86304634
v 0.89042878 0.0453682 0.86325371
v 0.92000031 0.05987214 0.86464846
v -0.85604667 0.03256463 0.86311721
v -0.82529711 0.02310732 0.86346602
v -0.79297196 0.01353847 0.86263704
v -0.76310145 0.00535513 0.8629297
v 0.76241457 0.00593478 0.86434787
v 0.79411435 0.01339064 0.86173236
v 0.82725524 0.02345789 0.86299133
v 0.85682332 0.03287413 0.86323535
v -0.73339581 -0.00270608 0.86222827
v -0.70459795 -0.0083168 0.86482232
v -0.67471814 -0.01595269 0.86159062
v -0.642946 -0.02327612 0.8594495
v 0.64252722 -0.02174692 0.86308509
v 0.67453348 -0.01543126 0.86278623
v 0.70426648 -0.00859897 0.86442828
v 0.73249894 -0.00327425 0.86168313
v -0.60896509 -0.03097478 0.86011606
v -0.57828909 -0.03950347 0.85910266
v -0.54798281 -0.04241183 0.86164689
v -0.51447624 -0.04538713 0.86039286
v -0.48288041 -0.05163845 0.85907816
v 0.45899742 -0.05688902 0.86142969
v 0.48759579 -0.04982192 0.85975527
v 0.51555073 -0.04612094 0.85900759
v 0.54705083 -0.04300423 0.86060893
v 0.57981109 -0.0378675 0.86097252
v 0.60889452 -0.0307976 0.86048632
v -0.4474557 -0.06220858 0.85877877
v -0.41873362 -0.06747584 0.86307215
v -0.39161443 -0.06876495 0.86516392
v -0.3616659 -0.07147431 0.8640145
v -0.32549116 -0.08010841 0.86171627
v 0.32530278 -0.08012387 0.86170035
v 0.36194318 -0.07173813 0.86354267
v 0.39451223 -0.06908276 0.86382919
v 0.42718571 -0.06522376 0.86310011
v -0.29075741 -0.09361191 0.85835772
v -0.26069995 -0.10639128 0.85832494
v 0.26056787 -0.10639452 0.85834133
v 0.29060387 -0.09360274 0.85837209
v -0.229422 -0.12381448 0.85872966
v -0.20154553 -0.14096923 0.85496574
v -0.17270553 -0.14568907 0.8558017
v -0.14163851 -0.14565567 0.85623359
v -0.1090199 -0.14624756 0.85699504
v -0.07321658 -0.14262506 0.86638379
v 0.07780028 -0.15176284 0.85610008
v 0.11103115 -0.14560414 0.85728573
v 0.14172497 -0.1448961 0.8569926
v 0.17235517 -0.14553414 0.85594868
v 0.20137864 -0.14102685 0.8549267
v 0.22928103 -0.12383805 0.85876274
v -0.06868857 -0.16807892 0.8403728
v -0.03528452 -0.1683613 0.85513097
v -0.01070079 -0.17666558 0.85712182
v 0.01509464 -0.17706257 0.85632109
v 0.04341826 -0.1662072 0.85479021
v 0.16915722 1.22964787 0.82676887
v 0.20124661 1.24667859 0.83352661
v 0.23392874 1.24669158 0.83152473
v 0.26688492 1.23433554 0.8252027
v 0.28662335 1.22026777 0.82842844
v 0.16498385 1.20332622 0.83062303
v 0.29437464 1.20116627 0.8289991
v 0.16646085 1.1700735 0.82677197
v 0.28807783 1.1719892 0.82379829
v -0.54119133 1.12444448 0.82782232
v -0.51403272 1.12973523 0.82931721
v -0.48744383 1.12649834 0.8289349
v -0.01799276 1.12488389 0.82925045
v 0.0123141 1.12465894 0.82983225
v 0.14169386 1.13139295 0.82374131
v 0.17042194 1.140491 0.83255392
v 0.20000654 1.14132022 0.83819782
v 0.26454579 1.15011239 0.82451599
v 0.48730838 1.12603259 0.82915568
v 0.51348191 1.12925565 0.82965612
v 0.54071056 1.12468385 0.82779866
v -0.59795188 1.09951603 0.82787144
v -0.57451325 1.11441612 0.82456445
v -0.45814853 1.11474192 0.82809364
v -0.42896205 1.09715843 0.83002001
v -0.3309367 1.09087252 0.82707214
v -0.29867443 1.09835171 0.82457488
v -0.26931643 1.10197055 0.82876098
v -0.23754176 1.1071918 0.83038538
v -0.20812419 1.11088919 0.83142542
v -0.17869967 1.11333465 0.83305835
v -0.1468812 1.1153562 0.83384025
v -0.11531438 1.11726617 0.83490461
v -0.08180847 1.12056088 0.83327746
v -0.04929275 1.12369358 0.83021891
v 0.04722809 1.12223768 0.83369994
v 0.07922411 1.11841511 0.83595669
v 0.10851271 1.11860084 0.83024108
v 0.25936535 1.10775208 0.82696014
v 0.2893556 1.10331571 0.82121211
v 0.32037639 1.0942204 0.82145059
v 0.42978149 1.09752726 0.83020794
v 0.4585967 1.11444449 0.82827222
v 0.57386452 1.11412024 0.82547348
v 0.59729516 1.09809994 0.83157122
v -0.61144077 1.080904 0.82799589
v -0.39138323 1.08440876 0.82870394
v -0.36332041 1.08400487 0.8294689
v 0.36160177 1.08324515 0.8274883
v 0.392062 1.08424043 0.82896691
v 0.6105178 1.08016109 0.83121383
v -0.61845386 1.04804587 0.82796478
v 0.61682021 1.04753136 0.8310008
v -0.62663197 1.0109018 0.82148885
v 0.62278056 1.01004338 0.82932841
v -0.63749587 0.97938787 0.82616597
v 0.63327491 0.98155391 0.82951915
v -0.66986781 0.94933682 0.82514512
v 0.66463327 0.95124816 0.82764256
v 0.68713402 0.93755066 0.82107687
v -0.70115089 0.91772925 0.83109039
v 0.70738399 0.9165765 0.82602405
v -0.75432384 0.87717092 0.82339525
v -0.73389732 0.8955487 0.82386267
v 0.73372459 0.89392316 0.82597965
v 0.75437057 0.87589329 0.82478445
v -0.7729696 0.85657912 0.82428073
v 0.77256953 0.85649687 0.82472956
v -0.79720902 0.82558822 0.82572305
v 0.79713493 0.82580447 0.82550096
v -0.81934738 0.79681444 0.82479643
v 0.82002222 0.79645395 0.82426238
v -0.84216034 0.76365387 0.8249892
v 0.84426856 0.76103991 0.8240664
v -0.86105716 0.73482334 0.82419323
v 0.8614304 0.73288017 0.8239904
v -0.87859398 0.70010399 0.82774782
v 0.87340819 0.70312786 0.82931542
v -0.89173662 0.6705116 0.83188712
v 0.88880169 0.67069184 0.82730811
v -0.90693205 0.64133745 0.83108997
v 0.90426373 0.63705563 0.82253348
v -0.92438077 0.60920488 0.82743442
v 0.91333806 0.60760068 0.82277369
v -0.93823111 0.57588326 0.82776594
v 0.91914808 0.57553225 0.82802534
v -0.94917517 0.54570651 0.82871997
v 0.92899197 0.54213255 0.82695651
v -0.95884996 0.51905846 0.82817095
v 0.93795979 0.50905621 0.82590329
v -0.96906745 0.48927372 0.82678711
v 0.94487845 0.48020941 0.82572841
v -0.9795289 0.45304366 0.82689833
v 0.95071053 0.45586806 0.82554793
v -0.9898355 0.41690835 0.8260594
v 0.95944941 0.42447161 0.8237937
v -0.99900281 0.38479447 0.82340091
v 0.9695127 0.39180338 0.8208878
v -1.00400626 0.35812687 0.82369315
v 0.97661942 0.35920393 0.82280212
v -1.00577664 0.33026254 0.82807076
v 0.98101854 0.32533264 0.82932102
v -1.0088272 0.2972067 0.83027464
v 0.9877913 0.29509386 0.83080714
v -1.01189565 0.26275616 0.831303
v 0.99864232 0.26656007 0.82502138
v -1.01662468 0.23098029 0.8275727
v 1.00826287 0.23563124 0.82105517
v -1.01484155 0.19923222 0.83161079
v 1.01259958 0.20675374 0.82238262
v -1.01471209 0.16864457 0.8309679
v 1.01186132 0.17342516 0.82898825
v -1.01309227 0.13900353 0.82848817
v 1.01234412 0.1388055 0.82691884
v -1.00581908 0.10966379 0.82601642
v 1.00577569 0.1088488 0.82501989
v -0.99042701 0.08308118 0.82545024
v 0.99030304 0.08282014 0.82533872
v -0.97287982 0.06608986 0.82651084
v -0.95164638 0.05450579 0.82970982
v -0.92270618 0.04124517 0.83166766
v 0.92261254 0.04133686 0.83189463
v 0.95160329 0.05456901 0.82988143
v 0.97284829 0.0661728 0.82662719
v -0.88927853 0.02886685 0.83347916
v -0.85556638 0.01780111 0.83343231
v -0.82330071 0.00860479 0.8324784
v 0.82401126 0.00880385 0.83244705
v 0.85574913 0.01797473 0.83365583
v 0.88919735 0.02898147 0.83371734
v -0.79025238 -0.00074986 0.83085572
v -0.76189971 -0.00753664 0.83254265
v -0.73275649 -0.01543102 0.83176124
v -0.70383 -0.02139964 0.83302855
v 0.70376861 -0.02145389 0.83288645
v 0.73254692 -0.01570463 0.83133995
v 0.76139438 -0.00779189 0.83235085
v 0.79059189 -0.00093218 0.83030414
v -0.67263269 -0.02871942 0.83092498
v -0.64213991 -0.03509983 0.83192277
v -0.60934364 -0.04625653 0.82947421
v 0.58164823 -0.05485209 0.83103555
v 0.61025452 -0.04488765 0.83119005
v 0.64204216 -0.03481858 0.83255296
v 0.67249262 -0.02875027 0.83087664
v -0.57891023 -0.06182409 0.82063478
v -0.54744213 -0.06759653 0.82104855
v -0.51123046 -0.06638728 0.82415026
v -0.47963517 -0.06951856 0.82453954
v -0.44705158 -0.07694684 0.82661134
v -0.41427618 -0.08512118 0.82938724
v 0.41605925 -0.08470746 0.82928288
v 0.45168289 -0.07493613 0.82763904
v 0.48421144 -0.06900873 0.8243789
v 0.51599872 -0.06591172 0.82440936
v 0.54931598 -0.06293777 0.82740974
v -0.38252818 -0.09605021 0.82559657
v -0.35731843 -0.10257795 0.82424461
v -0.32820904 -0.10614074 0.82860207
v -0.29554325 -0.11586849 0.82913518
v 0.29548817 -0.11585127 0.82911241
v 0.3280738 -0.10610759 0.82862436
v 0.35705593 -0.10262826 0.82418704
v 0.38260722 -0.09644092 0.82502841
v -0.26538652 -0.12991714 0.82671189
v -0.23312845 -0.14465361 0.82926893
v 0.23305523 -0.14464756 0.82928121
v 0.26536348 -0.12989503 0.82669138
v -0.20179769 -0.16423419 0.82515579
v -0.17409256 -0.17310448 0.82425296
v -0.14366599 -0.17455436 0.82419312
v -0.10864048 -0.17353746 0.82632267
v 0.07686029 -0.17168171 0.83434748
v 0.11164556 -0.17417477 0.824808
v 0.14353019 -0.17447802 0.82423353
v 0.17379935 -0.17307972 0.82429289
v 0.20167976 -0.16423165 0.82517266
v -0.06986711 -0.18945913 0.81571126
v -0.04047433 -0.19435405 0.82331514
v -0.01142374 -0.19850495 0.82917374
v 0.01471247 -0.19894206 0.82889759
v 0.03927202 -0.19444206 0.8238821
v 0.07094845 -0.19174045 0.8128966
v 0.1566466 1.22574281 0.79367023
v 0.16864578 1.23560607 0.79792612
v 0.19827175 1.24676561 0.79806363
v 0.23105204 1.24658525 0.79639369
v 0.26197576 1.23508846 0.79451525
v 0.28318044 1.21857941 0.79807734
v 0.15293309 1.20433545 0.79415291
v 0.29144817 1.20220232 0.79699301
v -0.20854002 1.16317129 0.78235811
v -0.18044245 1.16261816 0.7798804
v 0.14223247 1.16656422 0.79359573
v 0.29684287 1.17092061 0.79357153
v -0.5739367 1.12550711 0.79280352
v -0.54182857 1.13540482 0.79629969
v -0.5114994 1.1395781 0.80037975
v -0.4824104 1.13703918 0.80091249
v -0.45362624 1.12623488 0.80019748
v -0.29002928 1.12419533 0.78650534
v -0.26088005 1.13293194 0.78920424
v -0.23177017 1.13545489 0.79714679
v -0.20389252 1.134323 0.80254864
v -0.17628128 1.13499212 0.80231142
v -0.14382225 1.13608014 0.79912537
v -0.11397155 1.1321119 0.80195808
v -0.08382965 1.13010978 0.80436956
v -0.05322901 1.13192307 0.8035016
v -0.02222473 1.1331197 0.80335193
v 0.00790708 1.13328218 0.80336052
v 0.0403222 1.13192117 0.80428874
v 0.07208144 1.12955904 0.80378115
v 0.11224335 1.13539814 0.80009818
v 0.28870984 1.14063012 0.80444419
v 0.31538796 1.12742042 0.78820788
v 0.45430421 1.12633252 0.79993295
v 0.48242729 1.13677775 0.80095022
v 0.51105058 1.1394689 0.80056619
v 0.5415734 1.13541245 0.79615527
v 0.57471287 1.12492859 0.79236888
v -0.60152077 1.10862517 0.79545128
v -0.4222787 1.11070728 0.79916083
v -0.38988882 1.09889006 0.8007788
v -0.36392042 1.09845948 0.80088377
v -0.32855084 1.10817074 0.79510796
v 0.35751545 1.10193109 0.79456228
v 0.38762217 1.09966421 0.79867959
v 0.42261725 1.11164963 0.79845261
v 0.60266196 1.10620987 0.79800969
v -0.61711537 1.08438038 0.80042719
v 0.617334 1.08307766 0.80176037
v -0.62628656 1.05085742 0.8020991
v 0.62649065 1.05005312 0.80128741
v -0.63997072 1.01233089 0.79633098
v 0.6386612 1.01210987 0.7982456
v -0.66339242 0.98086923 0.79386371
v 0.66344159 0.97786462 0.79718315
v -0.69864976 0.9474675 0.79409349
v 0.69978398 0.9478172 0.79245948
v -0.73397254 0.91392612 0.79835367
v 0.73379349 0.91285646 0.79978132
v -0.76828354 0.88598996 0.7927286
v 0.76909679 0.88361853 0.79468464
v -0.79438841 0.85492986 0.7951138
v 0.79450064 0.85435044 0.79578137
v -0.8212831 0.82215881 0.79421424
v 0.82135522 0.82242637 0.79386711
v -0.84107226 0.79556286 0.79428637
v 0.84159791 0.79502236 0.79413408
v -0.86184132 0.7661674 0.7933014
v 0.86244732 0.76379001 0.79482102
v -0.88515621 0.73085165 0.7912392
v 0.88026893 0.73401492 0.79491186
v -0.90610742 0.69580447 0.79030853
v 0.89289897 0.70654273 0.79764473
v -0.91594839 0.66987365 0.79671692
v 0.90842914 0.67481696 0.79531276
v -0.92708641 0.64356052 0.79985344
v 0.92345547 0.64056932 0.79183876
v -0.94114363 0.61494022 0.7984929
v 0.93531251 0.60942792 0.78886413
v -0.95672434 0.57964468 0.79715311
v 0.94336319 0.57596683 0.79128336
v -0.96960586 0.54672902 0.79633688
v 0.94980162 0.54109466 0.79573977
v -0.9789263 0.51865458 0.79670369
v 0.95690059 0.51035928 0.79651856
v -0.98897808 0.48940479 0.79541492
v 0.96643883 0.48294264 0.79174053
v -1.00051569 0.45358875 0.79353457
v 0.97546035 0.45321682 0.78864705
v -1.0099864 0.41716456 0.79369449
v 0.98210257 0.42154553 0.7902764
v -1.01700496 0.38648641 0.79361629
v 0.99064201 0.38985827 0.78948569
v -1.02146935 0.35793948 0.79531145
v 1.00158381 0.35550159 0.78636348
v -1.02484488 0.32967343 0.79722553
v 1.00720405 0.32138806 0.79108744
v -1.03048133 0.2974599 0.79483962
v 1.00728893 0.29586389 0.80090957
v -1.0340898 0.26265239 0.79472851
v 1.01710641 0.26874563 0.79593592
v -1.03662669 0.23132839 0.79399293
v 1.0293982 0.23688979 0.78757512
v -1.03681492 0.20115515 0.79478722
v 1.03523588 0.20680876 0.78611528
v -1.03762245 0.17027202 0.79295229
v 1.03433775 0.172554 0.79304051
v -1.03658056 0.14044523 0.79158872
v 1.03538632 0.13961443 0.79153847
v -1.03047132 0.11332681 0.79185318
v 1.03011906 0.11201813 0.79146242
v -1.01188278 0.08465169 0.79649645
v 1.01160335 0.08400663 0.79649573
v -0.98493957 0.0564344 0.79553628
v -0.95259892 0.03994746 0.80144965
v 0.95258265 0.04003411 0.80160784
v 0.98484093 0.05638252 0.79575985
v -0.91981583 0.02570589 0.8016231
v -0.88610887 0.01411901 0.80159974
v -0.85523039 0.00556237 0.80231213
v 0.85517275 0.00565949 0.80254519
v 0.88605952 0.0142102 0.80179244
v 0.91981762 0.02581815 0.80179733
v -0.82434207 -0.00263021 0.80157709
v -0.7925831 -0.01154376 0.79941654
v -0.76206481 -0.0201963 0.79830819
v 0.76204925 -0.02023907 0.79823148
v 0.79261797 -0.01153261 0.7994219
v 0.82440596 -0.00252074 0.80177581
v -0.73197138 -0.02894271 0.79771584
v -0.70405209 -0.03513338 0.79950261
v -0.67408037 -0.04244064 0.79828441
v -0.64309436 -0.04904896 0.8004831
v 0.64280128 -0.04932761 0.80002164
v 0.67405605 -0.04239055 0.79827755
v 0.70413082 -0.03490336 0.79975676
v 0.73207902 -0.02884012 0.79777598
v -0.60961502 -0.06081089 0.79913389
v -0.5783956 -0.07877028 0.79035008
v -0.5095942 -0.08621171 0.79527163
v -0.47791606 -0.08741082 0.79614692
v 0.47990292 -0.08724666 0.79622721
v 0.51488924 -0.08357094 0.7984935
v 0.55024361 -0.08097152 0.79910296
v 0.58043527 -0.0722887 0.80007362
v 0.60946762 -0.06017901 0.80006426
v -0.5418148 -0.09137331 0.78653073
v -0.44766545 -0.0938651 0.79574126
v -0.41369214 -0.1059964 0.79464256
v 0.41301655 -0.10617096 0.79453337
v 0.44738432 -0.0939228 0.7956438
v -0.38091826 -0.12370449 0.78851938
v -0.35595607 -0.13571983 0.78608447
v -0.3289448 -0.13769424 0.7931438
v -0.29822802 -0.14015506 0.79920679
v 0.29840356 -0.14012312 0.79912734
v 0.32908979 -0.13767269 0.79305887
v 0.35596311 -0.1356644 0.78604579
v 0.38066545 -0.12374483 0.78845179
v -0.2649008 -0.15278568 0.79674875
v -0.23102489 -0.16637353 0.79799389
v 0.23112282 -0.1663123 0.79796123
v 0.26509618 -0.15271616 0.79668045
v -0.19845268 -0.18493273 0.79486835
v -0.17108756 -0.19810783 0.79137539
v -0.14199116 -0.20143911 0.79168683
v -0.10489906 -0.19909751 0.79609108
v -0.07579307 -0.20586937 0.79381346
v 0.07421739 -0.20779119 0.79160261
v 0.10430516 -0.19971761 0.79531669
v 0.14146491 -0.20129858 0.79186785
v 0.17095738 -0.1980635 0.79141753
v 0.19843806 -0.18489909 0.79486751
v -0.04420197 -0.21773546 0.79183191
v -0.01135301 -0.22275196 0.7938773
v 0.01637927 -0.22283639 0.79362005
v 0.04257731 -0.21846523 0.79146635
v 0.15312589 1.22688388 0.76085531
v 0.17036467 1.23997724 0.76617008
v 0.19954499 1.24833858 0.7657293
v 0.23054696 1.24621093 0.76413387
v 0.25991877 1.23322749 0.76388979
v -0.23468855 1.20049309 0.75340193
v -0.20590519 1.1968075 0.76141929
v -0.17943044 1.19535875 0.75659734
v 0.14191991 1.20367872 0.75958013
v 0.2858892 1.20706033 0.76855731
v -0.28959131 1.1582787 0.7534089
v -0.26560717 1.17147231 0.75880754
v -0.23781736 1.16976618 0.77346617
v -0.14745691 1.16582393 0.76691055
v -0.11603063 1.15377688 0.76733839
v 0.11634239 1.16148257 0.76329803
v 0.3029651 1.1696707 0.76256185
v -0.57708507 1.12996363 0.76239484
v -0.54809379 1.13974857 0.76198828
v -0.51436424 1.14446973 0.76499837
v -0.48190516 1.14255142 0.76805788
v -0.45319503 1.13470959 0.76856964
v -0.42201566 1.12372398 0.76645046
v -0.32332322 1.13242054 0.76122975
v -0.08460874 1.144086 0.77127665
v -0.05435344 1.14296841 0.77164483
v -0.0229508 1.14392364 0.77141618
v 0.00804389 1.1441648 0.77114361
v 0.03906332 1.14331316 0.77047836
v 0.07218681 1.1443237 0.76737642
v 0.3297393 1.13342368 0.76241463
v 0.42287355 1.12448144 0.76603573
v 0.45352238 1.13502478 0.76827877
v 0.48165422 1.14253687 0.76808065
v 0.51406168 1.14445805 0.76507568
v 0.54827368 1.1397643 0.76156115
v 0.57879126 1.12936925 0.76056629
v -0.60224056 1.11127793 0.76519143
v -0.38697338 1.11517405 0.76830172
v -0.35877019 1.11640262 0.76849156
v 0.35837984 1.11560201 0.76717972
v 0.38748258 1.11523175 0.76718038
v 0.60395169 1.11000621 0.76476693
v -0.61831986 1.08477568 0.76861035
v 0.61868786 1.08440399 0.76733791
v -0.63322615 1.04832422 0.76972091
v 0.63343894 1.04819202 0.76835119
v -0.65856653 1.00670731 0.76249808
v 0.65780103 1.00747692 0.76237857
v -0.69311261 0.97326862 0.76034671
v 0.69338536 0.97355115 0.75958627
v -0.72730714 0.94454759 0.76147127
v 0.72564077 0.94552558 0.76219487
v -0.75758713 0.91717517 0.76249897
v 0.75638091 0.91729593 0.76371574
v -0.78775733 0.88758277 0.76137805
v 0.78799349 0.88739043 0.76112079
v -0.81689244 0.85706222 0.75686156
v 0.81678593 0.85741984 0.75652337
v -0.84171271 0.82174164 0.76196909
v 0.8415867 0.82202261 0.76185953
v -0.86040008 0.79427993 0.76442068
v 0.86036229 0.79339945 0.76555955
v -0.88517773 0.76023662 0.76171618
v 0.88522136 0.75781989 0.76411223
v -0.90804028 0.72680532 0.75906848
v 0.90557658 0.72809803 0.76039046
v -0.92412978 0.69725418 0.76117277
v 0.91655242 0.70288145 0.76385772
v -0.93599474 0.66950821 0.76586484
v 0.92965173 0.67223 0.76423418
v -0.94825315 0.64129638 0.76839625
v 0.94367057 0.6393516 0.76119995
v -0.96004259 0.61457622 0.76869404
v 0.95508843 0.60916078 0.75845569
v -0.97333729 0.58178496 0.7687006
v 0.96558457 0.57649004 0.7567932
v -0.98736888 0.54758453 0.76611167
v 0.97148138 0.54263436 0.76150757
v -0.99901437 0.51609152 0.76410722
v 0.97572326 0.51547527 0.76527696
v -1.00793552 0.48686593 0.76454973
v 0.98348832 0.48881316 0.76307046
v -1.0190854 0.45203256 0.76262635
v 0.99603307 0.45283275 0.75702995
v -1.0296967 0.41579625 0.76038193
v 1.00474906 0.41995114 0.75610101
v -1.03563296 0.38685637 0.76103317
v 1.01137042 0.38917928 0.75802123
v -1.03928637 0.35618382 0.76445817
v 1.02094423 0.35558581 0.75665009
v -1.04317808 0.32703048 0.76551377
v 1.02893316 0.32013899 0.75817513
v -1.04771673 0.29747462 0.76422894
v 1.02875006 0.29374563 0.7686153
v -1.05019331 0.26403582 0.7657057
v 1.0360763 0.26644626 0.7671796
v -1.05159711 0.23181191 0.76671803
v 1.04511249 0.23805397 0.76190245
v -1.05240404 0.20101803 0.76634669
v 1.0499084 0.20910859 0.76058721
v -1.05267489 0.16997346 0.7651093
v 1.04951524 0.17415298 0.76596713
v -1.05184364 0.14019742 0.76363349
v 1.05090832 0.14074534 0.76358526
v -1.04804968 0.11310748 0.76175451
v 1.04762971 0.11229252 0.76180523
v -1.03341436 0.08390836 0.76302671
v 1.03351855 0.08368083 0.76308381
v -1.01120162 0.05599109 0.75921058
v -0.9823634 0.04149068 0.7690618
v 0.98243176 0.04158305 0.76933652
v 1.01100182 0.055717 0.7594797
v -0.95098972 0.02597608 0.76993674
v -0.91628772 0.01210342 0.76826584
v 0.91638004 0.01214627 0.76817262
v 0.95113778 0.02607422 0.76995706
v -0.88329029 0.00171649 0.76764118
v -0.85439622 -0.00540751 0.76946038
v -0.82494664 -0.0129518 0.76900708
v -0.79374271 -0.02200467 0.76554071
v 0.79370355 -0.02194431 0.76570951
v 0.82491475 -0.01286482 0.76921641
v 0.85438728 -0.00533505 0.76960295
v 0.88339114 0.00179599 0.76769191
v -0.76318275 -0.03156489 0.76401376
v -0.73471784 -0.04097238 0.76594185
v -0.70600724 -0.05080756 0.76595556
v 0.70595741 -0.05084958 0.76592093
v 0.73502373 -0.04048525 0.76639854
v 0.76325774 -0.03142723 0.7641865
v -0.67506498 -0.0617658 0.76143324
v -0.64309835 -0.06979875 0.76322829
v -0.61093413 -0.07769052 0.76863586
v 0.61052596 -0.07825248 0.76780486
v 0.64307779 -0.06984203 0.76300931
v 0.67549878 -0.06115791 0.76194161
v -0.57884013 -0.09222005 0.76733231
v -0.54334056 -0.10874193 0.7630819
v -0.51046299 -0.10473179 0.77366012
v -0.47871741 -0.1103914 0.76813161
v -0.44708699 -0.11487755 0.76683569
v 0.44656747 -0.11491432 0.76680821
v 0.47870132 -0.10983856 0.76892393
v 0.51039707 -0.10588895 0.77234602
v 0.54466468 -0.10300516 0.76938319
v 0.57887125 -0.09140333 0.76862955
v -0.51018118 -0.12536341 0.7511354
v -0.41797488 -0.128744 0.76001584
v -0.38222014 -0.14283761 0.75940829
v 0.38223019 -0.14279612 0.75930762
v 0.41780045 -0.12878173 0.75991642
v 0.51043415 -0.12643981 0.7481389
v -0.35350999 -0.15927201 0.75570845
v -0.32426941 -0.16725172 0.76000547
v -0.29746907 -0.16739711 0.76686435
v -0.26643532 -0.17448684 0.76658225
v 0.2669354 -0.17439097 0.76646745
v 0.29799473 -0.16734628 0.76672422
v 0.32473027 -0.16719466 0.75982654
v 0.35374561 -0.1591988 0.75554096
v -0.2332648 -0.18624413 0.76508837
v -0.19909429 -0.20244896 0.76281678
v 0.19918307 -0.20238313 0.76278716
v 0.23359525 -0.18612471 0.76501756
v -0.16680112 -0.21965727 0.75871157
v -0.1389929 -0.22791901 0.75758194
v -0.11079493 -0.22792521 0.7594726
v -0.07913611 -0.22842419 0.76398998
v -0.04511264 -0.23891118 0.76238715
v -0.01107163 -0.24268259 0.76367485
v 0.01656748 -0.24249738 0.76361531
v 0.04408644 -0.23907578 0.76247662
v 0.07754068 -0.22908994 0.7633872
v 0.10996887 -0.2278001 0.7596274
v 0.1386922 -0.22776277 0.75774353
v 0.16670446 -0.21962839 0.75873166
v -0.23212268 1.22196674 0.72847199
v -0.205164 1.22305417 0.73389798
v -0.18031522 1.22135925 0.72645843
v 0.15174166 1.22707676 0.72983616
v 0.17463357 1.2421503 0.73388034
v 0.20667314 1.24789071 0.7331326
v 0.2367289 1.24368071 0.73313808
v 0.262111 1.23008263 0.73430281
v -0.28680744 1.18759679 0.72302675
v -0.26194328 1.20267617 0.73319077
v -0.14653359 1.19481873 0.73376727
v 0.13423132 1.20365262 0.72949576
v 0.28940171 1.19975352 0.73223316
v -0.3197391 1.15662813 0.72714841
v -0.10997435 1.16901385 0.73565083
v -0.07933546 1.1570971 0.73569989
v -0.05313232 1.1562612 0.73472911
v -0.02307418 1.15721404 0.73417687
v 0.00823995 1.15731167 0.73393428
v 0.03895285 1.15637314 0.73405528
v 0.07197116 1.15855169 0.73335564
v 0.1113835 1.1768136 0.72861784
v 0.31793817 1.16235733 0.72959083
v -0.57713949 1.12490665 0.73305165
v -0.54848647 1.13671791 0.73057353
v -0.51479637 1.14221882 0.73078155
v -0.48153543 1.14085221 0.73307895
v -0.44923722 1.13589417 0.73798763
v -0.41706365 1.13065612 0.73754477
v -0.38389539 1.12830948 0.73767834
v -0.35628685 1.13411808 0.7361688
v 0.35385459 1.13197183 0.73868739
v 0.38550064 1.12860083 0.73524463
v 0.4177255 1.13131117 0.73646515
v 0.44904184 1.1360948 0.73792028
v 0.48162239 1.14090967 0.73367059
v 0.51566845 1.14216303 0.73108243
v 0.54858535 1.13659787 0.73057735
v 0.57754707 1.12460565 0.73211956
v -0.60121083 1.10405004 0.73363643
v 0.59995234 1.10607445 0.7341755
v -0.61541748 1.08180141 0.73554909
v 0.61491149 1.08204114 0.73539036
v -0.6360777 1.04784369 0.73676002
v 0.63485896 1.04875063 0.73735511
v -0.66739791 1.01292514 0.7290253
v 0.66511297 1.01418364 0.73025798
v -0.70428359 0.98173922 0.73075711
v 0.70379781 0.98192453 0.73107314
v -0.75923329 0.93515312 0.73155605
v -0.73298955 0.95797216 0.73307335
v 0.73148679 0.95711588 0.73634016
v 0.75732141 0.93370813 0.73644876
v -0.78874206 0.90598416 0.73112642
v 0.78870695 0.90544331 0.73180413
v -0.8141427 0.87856954 0.73079776
v 0.81415635 0.87893414 0.7300806
v -0.8304764 0.85799658 0.73272323
v 0.83067005 0.85766023 0.73276317
v -0.85656261 0.82432591 0.73357796
v 0.85466158 0.82657522 0.7337197
v -0.88150745 0.79229873 0.73159605
v 0.87890112 0.79488754 0.73283553
v -0.90783274 0.7573542 0.72775524
v 0.90667808 0.75885427 0.72820699
v -0.92402911 0.7297458 0.73048222
v 0.92291832 0.73126065 0.72996091
v -0.93651521 0.70310425 0.73573756
v 0.93534815 0.70326578 0.73374217
v -0.95276427 0.67131793 0.73636722
v 0.95108288 0.66966831 0.73191404
v -0.96779251 0.64050638 0.73574489
v 0.96641832 0.63733351 0.72611123
v -0.9796313 0.61372262 0.73496425
v 0.97576797 0.60807651 0.72592341
v -0.99011278 0.58294594 0.73803293
v 0.98393845 0.57532471 0.72811234
v -1.00289022 0.54826068 0.7375856
v 0.99072635 0.54217517 0.73127198
v -1.01505398 0.51624846 0.73489296
v 0.99703979 0.51575613 0.73157411
v -1.02351832 0.48817268 0.73553288
v 1.00261616 0.49001431 0.73255127
v -1.03388881 0.45508527 0.73400878
v 1.01238441 0.4556179 0.73046648
v -1.04453122 0.41874754 0.73159492
v 1.0226345 0.42167717 0.72789132
v -1.05073404 0.38804635 0.73232841
v 1.0319724 0.38870507 0.7266075
v -1.05614757 0.35546678 0.7329607
v 1.03972935 0.35742616 0.72693657
v -1.06236386 0.3238635 0.7299779
v 1.04539084 0.32279378 0.73147052
v -1.06620669 0.29564517 0.72914606
v 1.04789614 0.2913922 0.73922008
v -1.06720233 0.26541289 0.73258006
v 1.05515193 0.26134461 0.73790329
v -1.06753611 0.23459281 0.73532682
v 1.06113743 0.23533356 0.73531085
v -1.06821131 0.20368276 0.7349866
v 1.06566453 0.2082293 0.73233699
v -1.06838941 0.17241907 0.733904
v 1.06764054 0.1757359 0.7319777
v -1.067837 0.14188325 0.73188448
v 1.06940841 0.14289355 0.72795009
v -1.06412267 0.11186657 0.72855413
v 1.06548583 0.11301189 0.72719144
v -1.05058646 0.08069542 0.72887969
v 1.05239176 0.08318574 0.72890853
v -1.03232514 0.05694157 0.72871637
v -1.01435732 0.04500745 0.73254007
v 1.01229858 0.04360827 0.73258996
v 1.03225481 0.05686133 0.72879648
v -0.98284339 0.02910525 0.73665273
v -0.94969737 0.01389869 0.7358917
v 0.94996291 0.01403975 0.73580265
v 0.98240524 0.02903112 0.73729074
v -0.91579181 0.00178036 0.73506343
v -0.885876 -0.0063909 0.73737394
v -0.85666859 -0.01375858 0.73844724
v -0.82530701 -0.0225298 0.73494255
v 0.82529294 -0.02247562 0.73505437
v 0.85679698 -0.0136919 0.73844111
v 0.88607788 -0.00639519 0.73702049
v 0.9157145 0.00157332 0.7342019
v -0.79455918 -0.03131283 0.73121404
v -0.76557612 -0.04017198 0.73169815
v -0.7363308 -0.05135757 0.73439002
v 0.73602628 -0.05167727 0.73419368
v 0.76581192 -0.03973026 0.73214775
v 0.7945432 -0.03121242 0.73139029
v -0.70471787 -0.06548563 0.73560988
v -0.67095327 -0.08149893 0.73211467
v 0.67099893 -0.08097858 0.73280954
v 0.70208776 -0.06906393 0.7326098
v -0.63666904 -0.09553048 0.73057663
v -0.60830396 -0.10206766 0.73587095
v -0.57968115 -0.11146394 0.73781788
v 0.57981288 -0.11193464 0.73702043
v 0.60833323 -0.10221253 0.73543405
v 0.63697618 -0.09494951 0.73101854
v -0.54338085 -0.12626281 0.735973
v -0.51030206 -0.13956692 0.73107516
v -0.48343741 -0.1390137 0.73645973
v -0.44899117 -0.13665486 0.74252188
v 0.44928941 -0.13630749 0.74288928
v 0.48508733 -0.13792815 0.73730313
v 0.51356744 -0.14020258 0.72789901
v 0.54010903 -0.12638473 0.73729658
v -0.45374086 -0.15842255 0.71737968
v -0.418646 -0.15481758 0.72793215
v -0.38286921 -0.16097906 0.73120766
v -0.35105127 -0.1751333 0.7304967
v 0.35136207 -0.17502509 0.73027658
v 0.38297027 -0.16094104 0.73103487
v 0.41856628 -0.15480935 0.72782862
v 0.45343989 -0.15822637 0.71761679
v -0.31930205 -0.18814548 0.73355341
v -0.29156521 -0.19583997 0.73413533
v -0.26261246 -0.20048528 0.73423242
v -0.23202982 -0.20727948 0.73385196
v 0.23246705 -0.20716658 0.73376345
v 0.26327851 -0.20038421 0.73411643
v 0.29228794 -0.19575223 0.73395687
v 0.31989815 -0.18802835 0.73331868
v -0.19969055 -0.21853077 0.73355871
v -0.16732299 -0.23472178 0.73132693
v 0.16721242 -0.23458829 0.73152929
v 0.19983047 -0.21847352 0.73350548
v -0.1387411 -0.24934291 0.7261604
v -0.10856959 -0.25616025 0.72369366
v -0.07758238 -0.25583773 0.72911536
v -0.04439054 -0.26232066 0.73033052
v -0.01074232 -0.26519161 0.73116111
v 0.01640783 -0.26503884 0.73107755
v 0.04353159 -0.26229837 0.73055899
v 0.07601867 -0.25585582 0.72931063
v 0.10778445 -0.25588673 0.72401154
v 0.13838945 -0.24933947 0.72615897
v -0.25581112 1.22018659 0.70605319
v -0.23095996 1.22996687 0.70695447
v -0.20227763 1.23255848 0.70780468
v -0.17655296 1.2292025 0.70371997
v -0.15741284 1.21896362 0.70362186
v 0.14557802 1.22128963 0.69925546
v 0.17341241 1.23928356 0.7030152
v 0.20697182 1.2443645 0.7002114
v 0.23818182 1.23912334 0.69992256
v 0.2636227 1.22594177 0.70134735
v -0.29071956 1.19713163 0.6957792
v -0.13265037 1.20078945 0.70325064
v 0.11616762 1.19298863 0.70385903
v 0.29332664 1.19815874 0.69928664
v -0.3274793 1.16661834 0.6978594
v -0.10565511 1.18016719 0.70498287
v -0.07720145 1.16879296 0.70588588
v -0.05325976 1.16665697 0.70766234
v -0.02352527 1.16692507 0.70745599
v 0.00893286 1.16692519 0.70701742
v 0.04014422 1.16652226 0.70697575
v 0.07320642 1.17100977 0.70612645
v 0.32758238 1.16610097 0.69803631
v -0.54761797 1.1266371 0.70416081
v -0.51644593 1.13493967 0.70274967
v -0.48628231 1.13631141 0.69967478
v -0.45060968 1.13648605 0.70581477
v -0.41565462 1.13751506 0.70841848
v -0.38554716 1.14070701 0.70777308
v -0.3613682 1.14681732 0.70662856
v 0.36135542 1.14605164 0.7058804
v 0.38607332 1.14091253 0.70665752
v 0.41683876 1.13734126 0.70840883
v 0.45210686 1.13628602 0.70645308
v 0.48838406 1.13636457 0.70109117
v 0.51984727 1.13465738 0.70322912
v 0.54856008 1.12621986 0.70349675
v -0.57981139 1.10955047 0.70587408
v 0.57817655 1.11042642 0.70374053
v 0.60141021 1.0931108 0.70400905
v -0.61010718 1.08374738 0.70807659
v 0.61713528 1.07451796 0.70408612
v -0.66570198 1.02844393 0.69778722
v -0.63581091 1.05296111 0.70418143
v 0.63516515 1.05307936 0.70390629
v 0.66469895 1.02903842 0.69812405
v -0.70158249 1.00045692 0.70163333
v 0.70195543 1.00046825 0.70119059
v -0.72800278 0.97763466 0.70531129
v 0.72865366 0.97682279 0.70574784
v -0.75654661 0.95189225 0.70566666
v 0.75741118 0.94955837 0.70813536
v -0.78949725 0.92079234 0.70398062
v 0.79215568 0.91779404 0.70439183
v -0.81945431 0.8903318 0.70230233
v 0.82149803 0.8879072 0.70243072
v -0.8457458 0.86056721 0.70148694
v 0.8464114 0.85934543 0.70228177
v -0.87936925 0.82211679 0.69764614
v 0.87357121 0.82897245 0.69843578
v -0.90435922 0.787449 0.70002234
v 0.89550125 0.79707872 0.70285379
v -0.92486691 0.75759172 0.69963133
v 0.92086213 0.7632575 0.69977533
v -0.9382323 0.73275136 0.70356166
v 0.93741184 0.73477363 0.70243251
v -0.95232981 0.70615273 0.70527601
v 0.95241105 0.70500594 0.70375883
v -0.97115403 0.67285525 0.70145714
v 0.96830117 0.67050391 0.70251852
v -0.98732972 0.64129853 0.69776564
v 0.98134535 0.63963425 0.69973939
v -1.0000596 0.61312621 0.69532597
v 0.99184703 0.60977911 0.69782817
v -1.00798773 0.58300137 0.70286691
v 1.00202667 0.57500767 0.69788873
v -1.01910376 0.54790365 0.70594549
v 1.01085841 0.53996443 0.69912076
v -1.03141689 0.51518786 0.70343196
v 1.01672315 0.51097118 0.70178139
v -1.0407021 0.48639211 0.70299023
v 1.02125072 0.48384875 0.70547336
v -1.05014479 0.4563933 0.70146715
v 1.02960777 0.45335641 0.70447748
v -1.06029176 0.42076572 0.69946003
v 1.04011118 0.42016291 0.70148146
v -1.06665146 0.38842305 0.70072132
v 1.05079519 0.38846129 0.69757181
v -1.07172131 0.35615769 0.7018069
v 1.05958902 0.35975641 0.69493114
v -1.07759392 0.32271033 0.6993072
v 1.0643351 0.32674971 0.6997776
v -1.08112156 0.29390817 0.69861954
v 1.06863653 0.29239457 0.70488822
v -1.08229196 0.26541316 0.70102566
v 1.07546651 0.26012268 0.70307803
v -1.08244085 0.2360146 0.70381987
v 1.07780587 0.23129487 0.70562261
v -1.0833534 0.20555216 0.70262813
v 1.07998514 0.20295137 0.70526707
v -1.08371865 0.17310935 0.70069801
v 1.08223652 0.17381048 0.70228707
v -1.08264374 0.13984862 0.69921797
v 1.08354091 0.14263314 0.69834214
v -1.07807517 0.10840416 0.69706726
v 1.07989549 0.11385212 0.69796198
v -1.06459951 0.07775862 0.69741416
v 1.06644201 0.0834098 0.69927591
v -1.04577231 0.05386893 0.6956138
v -1.01973235 0.03728805 0.70225858
v 1.04224467 0.05316776 0.69911271
v -0.98713833 0.02047761 0.70359158
v -0.95314282 0.0063194 0.70392465
v 0.95263862 0.00606462 0.70360732
v 0.98449909 0.01922785 0.70445811
v 1.01424765 0.03364805 0.70171588
v -0.91975164 -0.00480509 0.70517784
v -0.88916641 -0.01339894 0.70672756
v -0.85727065 -0.02252115 0.70418697
v 0.85738843 -0.0225058 0.70401394
v 0.88912344 -0.01362036 0.70581269
v 0.91905283 -0.0054282 0.70342314
v -0.82592523 -0.03144007 0.70059043
v -0.79664492 -0.03947363 0.69965505
v -0.76633209 -0.04898108 0.70037484
v 0.76605594 -0.04912066 0.70039701
v 0.79666888 -0.03931951 0.69982999
v 0.82595038 -0.03137471 0.70065176
v -0.73511672 -0.06229854 0.70233398
v -0.70366239 -0.08127476 0.70473086
v 0.7322638 -0.06598283 0.69933199
v -0.66997265 -0.10460611 0.70099103
v 0.66738051 -0.10645612 0.70027577
v 0.69629299 -0.09080275 0.6968761
v -0.63318347 -0.12752436 0.69472867
v -0.60383266 -0.13360548 0.69952404
v -0.57639449 -0.13695052 0.70418167
v -0.54350888 -0.14569792 0.70480555
v 0.54389542 -0.14572431 0.7045505
v 0.57665091 -0.13705077 0.70373308
v 0.60388922 -0.13347342 0.69945895
v 0.6330049 -0.12700949 0.69538271
v -0.51122486 -0.15730008 0.70177233
v -0.47727304 -0.16507679 0.70347178
v -0.45070833 -0.17104056 0.70247829
v -0.417939 -0.17159539 0.70669442
v -0.38467314 -0.17756861 0.70543479
v 0.38474512 -0.1775197 0.70531761
v 0.41772341 -0.17139539 0.7068932
v 0.45011681 -0.17052787 0.70319199
v 0.47744345 -0.16453266 0.70412373
v 0.51235711 -0.15651157 0.7021836
v -0.35433283 -0.19157809 0.70001137
v -0.32271817 -0.20491826 0.70240575
v 0.32318756 -0.20476436 0.70216143
v 0.35458087 -0.19148151 0.69980478
v -0.29167017 -0.21885219 0.70192033
v -0.2613421 -0.22677451 0.70160055
v -0.23085179 -0.23120352 0.70224654
v -0.19901004 -0.23797221 0.70312744
v 0.19909821 -0.23778122 0.70330494
v 0.23120567 -0.23113845 0.70215362
v 0.26189172 -0.22667551 0.70148432
v 0.2922703 -0.2187086 0.70172476
v -0.16636182 -0.25113141 0.70282709
v -0.13473062 -0.26853489 0.69797778
v 0.13422414 -0.26935967 0.6968609
v 0.16618934 -0.25079906 0.70333719
v -0.10442552 -0.28081286 0.69286859
v -0.07673927 -0.2838245 0.69480282
v -0.04487012 -0.28391242 0.70173239
v -0.01074913 -0.28476241 0.70436
v 0.01668887 -0.28460693 0.70430284
v 0.04416709 -0.28387355 0.7019
v 0.07516422 -0.28366464 0.69512665
v 0.10356617 -0.28078275 0.69285285
v -0.26093989 1.22037339 0.67349129
v -0.23166778 1.23172175 0.67638838
v -0.20148345 1.23524189 0.67592227
v -0.1742189 1.23078608 0.67348861
v -0.14712196 1.2179017 0.67008459
v 0.17144857 1.23255944 0.675071
v 0.20430827 1.2380439 0.6716752
v 0.23636959 1.23304522 0.67177856
v 0.26425084 1.21982061 0.67100572
v -0.29329177 1.19871163 0.66628003
v -0.11084009 1.19391393 0.67589688
v 0.10629995 1.19308829 0.67191445
v 0.14091618 1.21556329 0.67278099
v 0.29433137 1.19766366 0.66710287
v -0.3847832 1.15525651 0.67566049
v -0.35899704 1.16061162 0.67523467
v -0.3278647 1.17530822 0.66611325
v -0.0762826 1.18082284 0.67354977
v -0.0506374 1.17780232 0.67638373
v -0.0195799 1.17798638 0.67607867
v 0.01457176 1.1780889 0.67530953
v 0.04542334 1.1776719 0.67512655
v 0.07275255 1.17985153 0.67438077
v 0.32759288 1.17474961 0.66617226
v 0.3589707 1.16033363 0.67515444
v 0.38588559 1.15496742 0.67568475
v -0.52021944 1.12894475 0.67803978
v -0.49026793 1.13558852 0.67303562
v -0.45297762 1.1432383 0.67332214
v -0.41636377 1.14927804 0.67570352
v 0.42067274 1.14837551 0.67576968
v 0.45728963 1.14241087 0.67354375
v 0.49174863 1.1354922 0.67355072
v 0.52124512 1.12890768 0.67819714
v -0.57980823 1.10246443 0.67732745
v -0.54868054 1.11909866 0.67689919
v 0.54867309 1.11892795 0.67685091
v 0.57980346 1.10192644 0.67669051
v -0.63566231 1.06175291 0.67501521
v -0.60967183 1.08217406 0.67548167
v 0.60832208 1.08384156 0.6755203
v 0.63221466 1.06417107 0.67799079
v -0.66730892 1.04047441 0.6719073
v 0.66691827 1.04077768 0.6716541
v -0.72448629 0.99874568 0.67021691
v -0.70120894 1.01713132 0.67069304
v 0.70116305 1.01760673 0.66995817
v 0.7247225 0.99869239 0.67027199
v -0.75436282 0.97123795 0.67250853
v 0.75495159 0.97004807 0.67373275
v -0.78781366 0.94063741 0.67116034
v 0.79084861 0.93698704 0.67217886
v -0.81912362 0.91050994 0.66903728
v 0.82243824 0.90629655 0.67017197
v -0.84803229 0.88025498 0.66786932
v 0.85031801 0.87692737 0.66920197
v -0.88103699 0.85009062 0.66328024
v 0.88080668 0.85230398 0.66241312
v -0.896959 0.82232224 0.67194181
v 0.89567393 0.82430082 0.67130583
v -0.91982877 0.79713547 0.66694986
v 0.91799843 0.7993564 0.66773736
v -0.93948352 0.7602157 0.67106723
v 0.93840062 0.76050901 0.67242097
v -0.95547521 0.73001241 0.6749376
v 0.9555943 0.72981381 0.67456239
v -0.96963733 0.70457708 0.67412304
v 0.96979492 0.70361781 0.67351639
v -0.98695755 0.6730411 0.66939175
v 0.98321747 0.67284905 0.67330813
v -1.00300622 0.63995957 0.66549623
v 0.99369287 0.64303863 0.67454767
v -1.01593399 0.60832095 0.66507017
v 1.00576639 0.61133468 0.67141264
v -1.02208936 0.58100903 0.67434096
v 1.01907825 0.57536828 0.6671921
v -1.03285431 0.54862213 0.67615723
v 1.03157413 0.53821837 0.66428673
v -1.04717516 0.51285153 0.67167615
v 1.03803467 0.50858843 0.66726279
v -1.05915653 0.47970446 0.668868
v 1.04234969 0.4805713 0.67264717
v -1.0675075 0.45265683 0.6679005
v 1.0502274 0.44959193 0.67350083
v -1.07506442 0.4219824 0.66821491
v 1.06078743 0.41460341 0.67155265
v -1.08071231 0.39228364 0.66964036
v 1.07067966 0.38417583 0.66793406
v -1.08612489 0.35999444 0.66984391
v 1.07732367 0.35801044 0.66703313
v -1.09255635 0.32423344 0.66626298
v 1.08056521 0.32978272 0.67184722
v -1.09644961 0.29291605 0.66481435
v 1.0860058 0.29879602 0.67257088
v -1.09792006 0.26275029 0.66625547
v 1.0948472 0.26666143 0.66483342
v -1.0975424 0.23143862 0.66963613
v 1.09701871 0.23267844 0.66665834
v -1.09774673 0.20113723 0.66937053
v 1.09807872 0.19921845 0.66674566
v -1.09811341 0.16932466 0.66698133
v 1.09900498 0.16842804 0.66429889
v -1.09740233 0.1373049 0.66474711
v 1.09801769 0.13714167 0.66340935
v -1.09277868 0.10857916 0.66501545
v 1.09306001 0.1094634 0.66514605
v -1.07977283 0.08061181 0.66952598
v 1.07804346 0.07969589 0.67002636
v -1.06173491 0.05842632 0.6718837
v -1.04454267 0.04304203 0.67000448
v 1.05221819 0.04916216 0.67086964
v -1.01890969 0.02691758 0.67018985
v -0.98518264 0.01035752 0.66920542
v 0.9838261 0.01008132 0.67087084
v 1.0199759 0.02616313 0.66773843
v -0.95205235 -0.00227846 0.67107737
v -0.92046999 -0.01235367 0.67302733
v -0.88858383 -0.02197559 0.67159354
v 0.88876742 -0.02199303 0.67121332
v 0.92052632 -0.01254432 0.6720798
v 0.95208287 -0.00220323 0.67127168
v -0.85735434 -0.03099986 0.66931474
v -0.82797563 -0.03914864 0.66918814
v -0.79713833 -0.04886621 0.66898161
v 0.79703104 -0.04879965 0.66912972
v 0.8278858 -0.03911331 0.6693176
v 0.85739648 -0.03093568 0.6694411
v -0.7649362 -0.06112972 0.66926437
v -0.73372054 -0.07813124 0.67122113
v 0.73414409 -0.07799348 0.6705833
v 0.76511645 -0.06064693 0.66977036
v -0.70312118 -0.10219429 0.67195761
v 0.70149523 -0.10443887 0.66947078
v -0.67026436 -0.12955358 0.66890668
v 0.6701138 -0.12867766 0.6699118
v -0.63300865 -0.1620647 0.65779107
v -0.60194313 -0.16502045 0.66624963
v -0.571617 -0.16621169 0.66974294
v -0.54020762 -0.16926196 0.67165905
v -0.50871157 -0.17650425 0.67086088
v 0.50889349 -0.1764318 0.67083096
v 0.5404793 -0.16932731 0.6713773
v 0.5718162 -0.16628666 0.66944927
v 0.60207271 -0.16515345 0.66586351
v 0.63309943 -0.16178053 0.65787231
v -0.47536933 -0.18590983 0.67058557
v -0.44677525 -0.19211958 0.67370468
v -0.41780322 -0.19723829 0.67584091
v -0.38837656 -0.20388115 0.67345261
v 0.38843244 -0.20388501 0.6733396
v 0.41779241 -0.19721138 0.67578911
v 0.44661402 -0.19192925 0.67388868
v 0.47543224 -0.1859252 0.67047703
v -0.35869154 -0.21604156 0.66448777
v -0.32663261 -0.22602444 0.66432952
v -0.29604446 -0.23836539 0.6677286
v 0.29638481 -0.23822751 0.66755622
v 0.3268792 -0.22591486 0.66415768
v 0.35881501 -0.21599662 0.66436338
v -0.26539415 -0.25079628 0.66835618
v -0.23296621 -0.2589761 0.66730386
v -0.20170912 -0.26170384 0.66952252
v -0.16868847 -0.26994264 0.67173934
v 0.16853037 -0.26974272 0.67199838
v 0.20160642 -0.26131117 0.6700232
v 0.23311457 -0.25886702 0.66732609
v 0.26569989 -0.25070017 0.66824436
v -0.13408356 -0.28828907 0.66885292
v -0.1070446 -0.30243936 0.66499412
v -0.04741602 -0.30574864 0.67391103
v -0.01074891 -0.30504605 0.67787063
v 0.0172041 -0.30484437 0.67787724
v 0.0468963 -0.30564531 0.67406177
v 0.10612583 -0.30325681 0.66386807
v 0.1333535 -0.29046469 0.66588914
v -0.07777009 -0.31337943 0.65997076
v 0.07619743 -0.31332814 0.6600604
v -0.23620897 1.22282624 0.64298939
v -0.20448923 1.22766351 0.64230763
v -0.17455428 1.2232871 0.64169251
v 0.14732435 1.21400976 0.64778065
v 0.17698247 1.22510397 0.64492017
v 0.20572114 1.22800803 0.6423673
v 0.23632232 1.22285795 0.64288544
v -0.31922566 1.18531823 0.63339507
v -0.2901082 1.19855308 0.63419187
v -0.26456528 1.21213018 0.64070653
v -0.14279401 1.21102309 0.6417849
v -0.10641588 1.19577837 0.64321565
v -0.07660975 1.19042134 0.64035534
v -0.04643032 1.18991875 0.64009988
v -0.0111172 1.19037222 0.63909572
v 0.02244725 1.19033598 0.63857352
v 0.05219265 1.18972015 0.63882482
v 0.07802382 1.18994307 0.64080095
v 0.10928398 1.19717001 0.64485853
v 0.26392585 1.21154522 0.63952291
v 0.2896524 1.19798874 0.6341573
v 0.31895679 1.18509268 0.63349044
v -0.45512133 1.15687358 0.63472569
v -0.41951984 1.16330003 0.63991868
v -0.38406625 1.16805875 0.64554286
v -0.3520168 1.17373192 0.64450287
v 0.35172477 1.17368435 0.64457225
v 0.38379266 1.16812205 0.6455053
v 0.4210385 1.16312074 0.63955742
v 0.45682627 1.15642392 0.63500434
v -0.54926824 1.12225103 0.64242601
v -0.52103155 1.13298964 0.6452552
v -0.49000516 1.1446619 0.64012455
v 0.4896259 1.14471268 0.6402415
v 0.52057039 1.13309669 0.64523226
v 0.54910802 1.12223553 0.64264804
v -0.60998314 1.09151375 0.64085358
v -0.57931625 1.10775065 0.64280825
v 0.57946884 1.10747742 0.64291811
v 0.61039322 1.09123301 0.64091873
v -0.63908374 1.07406687 0.64054203
v 0.63897073 1.07419252 0.64015412
v -0.70372194 1.02992916 0.64117604
v -0.67245376 1.05135679 0.6424424
v 0.67190879 1.05147457 0.64303892
v 0.70363575 1.03007531 0.64129835
v -0.72899162 1.01090693 0.63874232
v 0.72964847 1.00868046 0.64239847
v -0.76134705 0.98161053 0.64079904
v 0.76123487 0.98092651 0.64255464
v -0.79452562 0.95106339 0.64085042
v 0.79617869 0.94962656 0.64054566
v -0.82540333 0.92185986 0.63999998
v 0.82777988 0.919034 0.64032936
v -0.88402104 0.88034057 0.63149136
v -0.85522878 0.89460384 0.63863325
v 0.85610342 0.89232504 0.64165437
v 0.88689678 0.8815391 0.63246673
v -0.9204244 0.85520023 0.63346982
v 0.92223948 0.8549838 0.63254541
v -0.95225966 0.82833355 0.62642496
v -0.92082822 0.82591474 0.64757311
v 0.92160284 0.8250339 0.64748144
v 0.9546113 0.8269903 0.62518549
v -0.94888824 0.79701423 0.63615655
v 0.9514448 0.79759866 0.63431793
v -0.9559071 0.76363724 0.64195799
v 0.95685809 0.76361739 0.64169478
v -0.96980315 0.72951859 0.64631152
v 0.97009319 0.73032277 0.64451444
v -0.98492682 0.70029079 0.64508235
v 0.98566949 0.70014178 0.64265644
v -1.00009787 0.66988778 0.64263296
v 0.99929034 0.67031246 0.64164829
v -1.01501119 0.63684386 0.64031487
v 1.00957608 0.64191979 0.643013
v -1.02866315 0.60197466 0.64078104
v 1.02111518 0.61199039 0.6407274
v -1.03623735 0.57645452 0.64562237
v 1.03302645 0.58026707 0.63747513
v -1.04750299 0.54835897 0.64310848
v 1.04477644 0.54564857 0.63593959
v -1.06128203 0.51347708 0.63973355
v 1.05460023 0.51578486 0.63482952
v -1.07322323 0.47887697 0.63842445
v 1.06386899 0.48566091 0.63424623
v -1.08313369 0.44729024 0.63656652
v 1.07305669 0.45311743 0.63443976
v -1.09140062 0.41573256 0.63538652
v 1.08131861 0.41997003 0.6358484
v -1.09676599 0.38913363 0.63536906
v 1.09103155 0.39018729 0.63174885
v -1.1000297 0.36186951 0.63785076
v 1.09693586 0.36226031 0.63170903
v -1.10370969 0.33019053 0.63885396
v 1.09837317 0.3323968 0.6391139
v -1.10689449 0.29790103 0.63884425
v 1.1008234 0.30062443 0.64386963
v -1.10936904 0.26484587 0.63814169
v 1.10694634 0.26799184 0.63928365
v -1.11066746 0.23163741 0.63730049
v 1.10864305 0.23347656 0.6404156
v -1.11075472 0.20237463 0.63684612
v 1.10974693 0.20008057 0.63889986
v -1.10961425 0.16938376 0.63784998
v 1.10989785 0.16916403 0.63715815
v -1.10889029 0.13914437 0.63698494
v 1.10878682 0.13904947 0.63722562
v -1.10616207 0.11261313 0.63714778
v 1.10601913 0.11209302 0.63742935
v -1.09405994 0.08377036 0.64204484
v 1.09404218 0.08300598 0.64208912
v -1.071684 0.05477794 0.64225411
v 1.07369864 0.05304831 0.63835543
v -1.04433035 0.0319063 0.63939285
v -1.01542925 0.01556584 0.63739949
v 1.01621699 0.01676436 0.64006441
v 1.0408492 0.02987446 0.64069622
v -0.98122239 0.00022003 0.63552326
v -0.95050215 -0.01061089 0.63811504
v -0.92033189 -0.01994872 0.63939333
v 0.92053502 -0.01991592 0.63918918
v 0.95096385 -0.01041397 0.63811141
v 0.981431 0.00074821 0.63661861
v -0.88838082 -0.02981259 0.6372686
v -0.85901892 -0.03820555 0.6380639
v -0.82950973 -0.04677537 0.63984376
v 0.82916724 -0.04671899 0.64031797
v 0.85871642 -0.03803118 0.63880127
v 0.88781428 -0.03001595 0.63714182
v -0.79580247 -0.06016679 0.63828516
v -0.76194441 -0.07907986 0.63771128
v 0.76208704 -0.07912032 0.63716197
v 0.79561871 -0.06011365 0.63851273
v -0.72975677 -0.10259427 0.63931012
v 0.73083794 -0.10291438 0.63629901
v -0.70224738 -0.12635515 0.63892674
v -0.67306375 -0.14867226 0.64038586
v 0.67279982 -0.14816074 0.64106249
v 0.70278936 -0.12616983 0.63768196
v -0.6471306 -0.17175822 0.63570612
v 0.64681971 -0.17189727 0.63552224
v -0.62716579 -0.18878239 0.63120311
v -0.60285913 -0.19318702 0.63655102
v -0.57241225 -0.1962417 0.63570153
v -0.54003202 -0.19694638 0.63607251
v -0.50941193 -0.19858518 0.63857746
v -0.47683706 -0.20286412 0.64204734
v -0.44701159 -0.21000695 0.64430004
v 0.44715312 -0.20999163 0.64420735
v 0.4771147 -0.20290523 0.64187336
v 0.50973749 -0.19864594 0.63840293
v 0.54039329 -0.19703966 0.63585031
v 0.5727505 -0.1963727 0.63541126
v 0.60311478 -0.19335231 0.63609516
v 0.62717598 -0.18895603 0.63069379
v -0.41732806 -0.22169803 0.64167398
v -0.38937571 -0.23025153 0.64137297
v -0.35913947 -0.23879022 0.63749456
v 0.35916721 -0.23876528 0.63743615
v 0.38939172 -0.23025241 0.64129483
v 0.41739791 -0.22171962 0.6415472
v -0.32430806 -0.24860657 0.63277906
v -0.29407215 -0.25941973 0.63434666
v -0.26403302 -0.27224236 0.63810443
v 0.26411557 -0.2721776 0.63803315
v 0.29419344 -0.25933861 0.63424634
v 0.32439035 -0.24855592 0.63268673
v -0.23035168 -0.28590196 0.63584053
v -0.20124426 -0.28992497 0.63538414
v -0.16884544 -0.2961314 0.6362437
v 0.16976615 -0.29562979 0.63664364
v 0.20122569 -0.28974086 0.6355564
v 0.23022046 -0.285898 0.63578808
v -0.13125696 -0.31604898 0.63249993
v -0.10567005 -0.32827961 0.63409382
v -0.0494993 -0.32672131 0.6488403
v -0.0113426 -0.33174958 0.64510309
v 0.01847145 -0.33151701 0.64516508
v 0.04928178 -0.32657095 0.64897489
v 0.10474196 -0.32841062 0.63414526
v 0.13078621 -0.31693708 0.63142138
v -0.08050105 -0.34080123 0.62987226
v -0.05010902 -0.34916842 0.62512272
v 0.05006178 -0.34903699 0.62523055
v 0.07911455 -0.34068462 0.63012623
v -0.31933757 1.19082212 0.60832697
v -0.28995278 1.19747638 0.60546314
v -0.26474827 1.20471406 0.60429465
v -0.23844647 1.21191167 0.60567522
v -0.20757712 1.21616816 0.60595464
v -0.17651052 1.21397161 0.60620772
v -0.14444559 1.20675444 0.61113607
v -0.11175604 1.19992232 0.61510825
v -0.08186537 1.19851994 0.6132642
v -0.04661271 1.19845581 0.6128031
v -0.00898762 1.19851052 0.6124413
v 0.02338518 1.19839501 0.61228585
v 0.05436812 1.19807469 0.61238718
v 0.084182 1.19782805 0.61310243
v 0.11507181 1.20025074 0.61490416
v 0.14907795 1.20843792 0.61393749
v 0.17760592 1.21396839 0.60750168
v 0.20680883 1.2156465 0.60636484
v 0.2375613 1.21192455 0.6059339
v 0.2643063 1.20457685 0.60407912
v 0.28989905 1.19733357 0.60559463
v 0.31918841 1.19083035 0.60836046
v -0.48762422 1.15850293 0.60610097
v -0.45382174 1.16956043 0.60234022
v -0.41922974 1.17538118 0.60803568
v -0.38372051 1.17918658 0.61563253
v -0.35173276 1.1836276 0.61586427
v 0.35151952 1.18368661 0.61582016
v 0.38376414 1.17931914 0.6152333
v 0.42099157 1.17526114 0.60722094
v 0.45721781 1.16853189 0.60289663
v 0.48917555 1.15789055 0.60661166
v -0.57888352 1.12161564 0.61024487
v -0.55031365 1.13351011 0.61188697
v -0.52017343 1.1456536 0.61093157
v 0.52003222 1.14561271 0.61106395
v 0.55012661 1.13352048 0.61196076
v 0.5785917 1.12184071 0.61001378
v -0.6384623 1.09301281 0.60169148
v -0.60802292 1.10955655 0.60336017
v 0.60811084 1.109465 0.60342168
v 0.63823789 1.0927931 0.60255575
v -0.67164325 1.06966996 0.60602879
v 0.67093431 1.06842899 0.61004674
v -0.73071503 1.02856683 0.60144209
v -0.70254594 1.04872477 0.604694
v 0.70292991 1.04596614 0.60987573
v -0.76174497 0.99975854 0.6064769
v 0.73178517 1.02227854 0.61227279
v 0.76153719 0.9986118 0.60939538
v -0.79385429 0.9714235 0.606426
v 0.79451704 0.97097086 0.60602086
v -0.82255953 0.94699931 0.60329103
v 0.82640636 0.94167196 0.60631465
v -0.92383647 0.91221308 0.59181737
v -0.88621294 0.90843564 0.602288
v -0.85481125 0.91980814 0.60500484
v 0.85945475 0.91584467 0.608289
v 0.89598971 0.9077239 0.60114145
v 0.92386066 0.91040659 0.59334313
v 0.94647187 0.90860587 0.59322196
v -0.98462498 0.89090579 0.59427183
v -0.95597064 0.88873261 0.60411554
v -0.92396056 0.88315779 0.61507475
v 0.92353314 0.88369303 0.61530894
v 0.95306587 0.88597762 0.60709726
v 0.9806813 0.8913989 0.59554708
v -0.98919874 0.86315858 0.60257369
v -0.95658743 0.86064589 0.61667698
v 0.95833158 0.85924726 0.61607396
v 0.98923301 0.86276876 0.60253125
v -0.98781126 0.83017391 0.60588634
v 0.98884999 0.82922279 0.60605347
v -0.98405218 0.79827517 0.60599136
v 0.9856739 0.79938298 0.60590791
v -0.98011159 0.76581579 0.6082766
v 0.98130798 0.76682966 0.60825479
v -0.98638963 0.73010665 0.61101561
v 0.98665803 0.73078346 0.61059486
v -0.9997887 0.69666951 0.61254948
v 1.00037813 0.69588607 0.6112678
v -1.01161646 0.66834557 0.61498141
v 1.01252126 0.66792637 0.6118558
v -1.02357935 0.63976287 0.61524939
v 1.02320337 0.64150071 0.61196339
v -1.0381875 0.60451287 0.61415445
v 1.03584408 0.61143893 0.60902154
v -1.05044901 0.57421988 0.61292892
v 1.04706978 0.58173835 0.6074903
v -1.06224322 0.54720437 0.60893249
v 1.05533385 0.55272954 0.61070376
v -1.07304298 0.5173273 0.60909384
v 1.06610918 0.52166509 0.60976845
v -1.0844872 0.484766 0.60785836
v 1.07986915 0.48601961 0.60515457
v -1.09560656 0.45054578 0.6055758
v 1.09250176 0.45159256 0.6006757
v -1.10366678 0.41676437 0.60585278
v 1.09925985 0.42203116 0.60278344
v -1.11007165 0.38487395 0.60466766
v 1.10562336 0.39379698 0.60309684
v -1.11378717 0.3572874 0.60543918
v 1.11057996 0.36298161 0.60430765
v -1.11601996 0.32932844 0.60820674
v 1.11324739 0.33031261 0.60886943
v -1.11881232 0.29919308 0.60796004
v 1.11562299 0.2987101 0.61212247
v -1.12148082 0.26740977 0.60614109
v 1.1193223 0.26831734 0.60992538
v -1.12386131 0.23574613 0.60232579
v 1.12054526 0.23800832 0.61015933
v -1.12404131 0.20823112 0.60132825
v 1.12142169 0.20778411 0.60805231
v -1.12175107 0.17386108 0.60504198
v 1.12109994 0.17660111 0.60690999
v -1.1204245 0.14238664 0.60570067
v 1.11984419 0.14410169 0.60721385
v -1.11749529 0.11255186 0.60638129
v 1.11706066 0.1120674 0.60718393
v -1.10538625 0.08157014 0.61187577
v 1.10680985 0.08162487 0.61235451
v -1.08167552 0.04932121 0.6088593
v 1.07762241 0.0452042 0.61306583
v 1.09265911 0.05826567 0.61242604
v -1.0471189 0.0251183 0.61164623
v -1.01540017 0.00813743 0.60799539
v 1.01602315 0.00877957 0.60842198
v 1.04769587 0.02558162 0.6121124
v -0.98329561 -0.0056789 0.60616058
v -0.95277458 -0.01637456 0.60710656
v -0.92237049 -0.02600204 0.60744452
v 0.92186784 -0.02622544 0.60720598
v 0.95253825 -0.01654275 0.60669547
v 0.98258262 -0.0060733 0.6052854
v -0.89117234 -0.03613614 0.60679167
v -0.86055308 -0.0464399 0.60815894
v -0.83010137 -0.05598515 0.61097711
v 0.82976198 -0.05558926 0.6121844
v 0.86080741 -0.04524443 0.61041563
v 0.88984602 -0.03643477 0.6067596
v -0.79524487 -0.07297834 0.60903239
v 0.7948848 -0.07297534 0.60926562
v -0.75830197 -0.10042875 0.60510563
v 0.75828003 -0.10083054 0.60358518
v -0.72473526 -0.12727439 0.60787093
v -0.70089739 -0.1461845 0.61003816
v 0.70158994 -0.14691208 0.60631263
v 0.72508645 -0.12936656 0.60144823
v -0.66896545 -0.16788277 0.61419475
v 0.66891968 -0.16780699 0.61394786
v -0.63564288 -0.19626495 0.6075412
v -0.60547876 -0.21136011 0.61036598
v 0.60565471 -0.21149031 0.60992449
v 0.63563275 -0.19630895 0.60716903
v -0.57416296 -0.22162988 0.60541033
v -0.54018074 -0.22588965 0.60055077
v -0.50933575 -0.22669717 0.60169559
v -0.47722232 -0.22710242 0.60756009
v -0.44733738 -0.23063369 0.61184454
v -0.41764089 -0.24207313 0.6094141
v 0.4176892 -0.24209065 0.60932469
v 0.4475955 -0.23071055 0.61165058
v 0.47759264 -0.22714661 0.60742461
v 0.50979912 -0.22677937 0.60153049
v 0.5406146 -0.22603535 0.60032749
v 0.57448542 -0.22178861 0.60511821
v -0.38943383 -0.25497114 0.60820418
v -0.36035478 -0.2633391 0.60914057
v -0.32642322 -0.27166128 0.60510313
v 0.32642573 -0.27162706 0.60506343
v 0.36032554 -0.2633413 0.60908144
v 0.38945519 -0.25508523 0.60799652
v -0.29389673 -0.281953 0.60266828
v -0.26124918 -0.29486769 0.60702943
v 0.26117301 -0.29483994 0.60700959
v 0.29387652 -0.2819215 0.60262405
v -0.22622868 -0.31077176 0.60733771
v -0.20046532 -0.31891429 0.60366165
v -0.16894714 -0.32580065 0.60234797
v 0.17193803 -0.32519328 0.60226821
v 0.20145045 -0.31872421 0.6035192
v 0.22614815 -0.31074127 0.60731208
v -0.13020569 -0.34547814 0.59886771
v -0.10512363 -0.35391724 0.60522925
v -0.07972477 -0.36013481 0.60892009
v -0.04777798 -0.36283177 0.611032
v -0.016087 -0.3595106 0.61516654
v 0.02253564 -0.35928684 0.61525201
v 0.04777579 -0.36271154 0.61110031
v 0.07838961 -0.36012551 0.60906374
v 0.10438764 -0.35387516 0.60554093
v 0.1308474 -0.34541979 0.59883976
v -0.41430008 1.18737077 0.57436537
v -0.38184696 1.19051814 0.58231514
v -0.35189336 1.19358313 0.5851562
v -0.32137075 1.19734537 0.5839408
v -0.29073911 1.20149266 0.58045047
v -0.26242101 1.20638299 0.57430368
v -0.23634636 1.21048736 0.5733608
v -0.20835006 1.21301579 0.57271856
v -0.17817822 1.21228587 0.57389962
v -0.14589592 1.20905613 0.58118349
v -0.1152831 1.20690059 0.58512836
v -0.08433736 1.20672178 0.58415859
v -0.0470913 1.20658457 0.58362191
v -0.00900285 1.20639848 0.58310788
v 0.02296859 1.2062788 0.5830149
v 0.05393954 1.20622742 0.58318656
v 0.08545032 1.20610761 0.58376485
v 0.11655415 1.20628118 0.58471393
v 0.14692038 1.20874404 0.58224904
v 0.17393787 1.21218824 0.5728954
v 0.20304238 1.2134397 0.5705403
v 0.23340177 1.21134889 0.57009768
v 0.26139462 1.2066462 0.57343375
v 0.29066318 1.20146393 0.58070552
v 0.32125771 1.19736242 0.58403754
v 0.3516168 1.19362843 0.58518058
v 0.38160979 1.1905868 0.58223688
v 0.41583576 1.18711447 0.57402288
v -0.51836216 1.15956842 0.57594275
v -0.48489153 1.17137408 0.57182437
v -0.44818741 1.18133962 0.57032591
v 0.45320993 1.17989099 0.57085323
v 0.48915949 1.17000818 0.57246977
v 0.51939451 1.15920996 0.57616192
v -0.60898435 1.12386369 0.57004541
v -0.57950496 1.13440132 0.58035528
v -0.54948639 1.14648222 0.58096897
v 0.54906845 1.14677596 0.58067071
v 0.57840424 1.13530957 0.57932591
v 0.60859549 1.12420487 0.56965428
v -0.64102017 1.10642767 0.56912094
v 0.64078205 1.10627222 0.56989115
v -0.70460951 1.06358194 0.57135415
v -0.67378246 1.08442711 0.57247763
v 0.67276036 1.08330678 0.57668674
v 0.70197093 1.06225109 0.57843112
v -0.7352491 1.04074597 0.57059609
v 0.73150908 1.03726363 0.5835675
v -0.76438117 1.01310491 0.57805794
v 0.7627989 1.01293182 0.58111327
v -0.82007098 0.96973037 0.56959158
v -0.79463374 0.98866069 0.57562494
v 0.79742747 0.98576802 0.57628071
v -0.91890287 0.93357318 0.56736922
v -0.85370302 0.94289612 0.57380169
v 0.82713377 0.95963209 0.57584255
v 0.85746449 0.93814325 0.57698512
v 0.92416501 0.9318968 0.57008796
v -1.01061415 0.91839003 0.56302678
v -0.97762703 0.91871231 0.5750525
v -0.95080733 0.918311 0.58186531
v -0.88966345 0.92948901 0.57610607
v 0.89593851 0.9298855 0.57326078
v 0.94799971 0.92466944 0.57680559
v 0.97215163 0.91734635 0.5786221
v 1.00480651 0.92003005 0.56470716
v -1.07107496 0.88855099 0.55787265
v -1.04717111 0.89047038 0.56577831
v -1.01817238 0.89114749 0.57901752
v 1.01021516 0.89412534 0.5805704
v 1.04066884 0.89354986 0.56614339
v -1.07511353 0.85995554 0.563941
v -1.05005621 0.86045914 0.57304632
v -1.02206492 0.86175662 0.58557939
v 1.0190643 0.86259454 0.58662176
v 1.04502797 0.86238527 0.5738461
v 1.07098507 0.86411613 0.56319332
v -1.0482757 0.83048474 0.56996905
v -1.02059626 0.82975864 0.58601653
v 1.0207436 0.83000099 0.58658152
v 1.04732179 0.83275032 0.5699436
v -1.03672289 0.80217003 0.56166243
v -1.01467561 0.79886913 0.58053457
v 1.0166049 0.80108386 0.58044958
v 1.0418117 0.8050301 0.55940425
v -1.00681662 0.76677107 0.57313418
v 1.00861239 0.76871645 0.57337564
v -1.0043782 0.73118197 0.5723598
v 1.00417542 0.73280382 0.57545471
v -1.01166033 0.69918251 0.57831573
v 1.01137149 0.69883179 0.58054179
v -1.02196693 0.6708979 0.58326381
v 1.02247214 0.67058682 0.58192282
v -1.03366494 0.64269912 0.58420091
v 1.03449511 0.64284747 0.58106702
v -1.04853212 0.60781174 0.5825116
v 1.04930055 0.60944479 0.57740455
v -1.06300771 0.57342273 0.58054345
v 1.06235694 0.57680749 0.57606458
v -1.07492542 0.54512751 0.57827031
v 1.07029712 0.55022358 0.57992804
v -1.08497703 0.51717925 0.57897096
v 1.08131861 0.51926648 0.57936894
v -1.09611952 0.48684954 0.57691448
v 1.09402442 0.4843125 0.57714879
v -1.10585999 0.45619726 0.57595825
v 1.10478186 0.45338806 0.57474339
v -1.11455917 0.42182824 0.57437318
v 1.11226749 0.42350649 0.57457983
v -1.12283408 0.38386356 0.57106483
v 1.11824607 0.39346581 0.57498347
v -1.127406 0.35306844 0.57040119
v 1.12434363 0.36028501 0.57308733
v -1.12934851 0.32359761 0.573327
v 1.12866532 0.32727852 0.5725575
v -1.13146436 0.29403704 0.57403767
v 1.13071632 0.29600632 0.57488513
v -1.13266265 0.26539269 0.57499146
v 1.13226008 0.26621392 0.57570231
v -1.13356733 0.23552893 0.57415396
v 1.13258814 0.23734691 0.57658517
v -1.13340187 0.20603013 0.57319545
v 1.13258302 0.207189 0.57536
v -1.13160657 0.17182478 0.57500112
v 1.13166701 0.17422901 0.57470941
v -1.13052415 0.13975423 0.57431256
v 1.13036823 0.14021061 0.57461106
v -1.1275953 0.1082001 0.57383477
v 1.12749195 0.10760111 0.57416272
v -1.11695134 0.07903648 0.57887059
v 1.11720299 0.07831098 0.57888209
v -1.0981636 0.05334319 0.58118295
v -1.07940435 0.03694331 0.58117991
v 1.08053302 0.03814052 0.58321332
v 1.10114431 0.05519389 0.58156198
v -1.04852354 0.01801014 0.58050298
v 1.04891514 0.01847768 0.58077055
v -1.01409149 0.00012258 0.57409417
v -0.9832673 -0.01240814 0.57332515
v -0.95174318 -0.02331416 0.57259094
v 0.95178067 -0.02327652 0.57268178
v 0.98279345 -0.01270441 0.57283628
v 1.0138874 -0.00001543 0.57385551
v -0.92191916 -0.03295029 0.57324558
v -0.89114677 -0.04449761 0.57368516
v 0.86131429 -0.05544258 0.57926178
v 0.89181208 -0.0433724 0.5756371
v 0.92201221 -0.03277593 0.57374262
v -0.85832274 -0.05882015 0.57432222
v -0.8286674 -0.06924146 0.57959258
v -0.79737186 -0.08441859 0.58097863
v 0.79743504 -0.08383275 0.58199524
v 0.82962453 -0.0677714 0.58204275
v -0.76234591 -0.11252014 0.57515204
v 0.7626549 -0.11142829 0.57658368
v -0.72895777 -0.13999512 0.57639956
v 0.72891026 -0.14034256 0.57491201
v -0.70416832 -0.15892857 0.57780623
v -0.67413914 -0.17990233 0.57758206
v 0.67449057 -0.1789973 0.57902205
v 0.70484948 -0.15845897 0.57731807
v -0.6381523 -0.20513881 0.57631754
v 0.63819778 -0.20488123 0.57662546
v -0.60563665 -0.22514429 0.57912993
v -0.5732057 -0.24090385 0.57630014
v 0.57346683 -0.2410368 0.57594466
v 0.60572409 -0.22519433 0.57880842
v -0.53837668 -0.24952311 0.57081472
v -0.5078752 -0.25244909 0.56914174
v -0.47592565 -0.25541609 0.57124781
v -0.44760051 -0.25743079 0.57604879
v -0.4168998 -0.26437491 0.57884562
v 0.41656702 -0.2639859 0.57937276
v 0.44779038 -0.25746655 0.5759505
v 0.47637176 -0.25550895 0.57104623
v 0.50829815 -0.25260144 0.56888032
v 0.53877699 -0.24963274 0.57068932
v -0.38527065 -0.27890002 0.57841283
v -0.35664635 -0.29143294 0.57864987
v -0.32662758 -0.29708015 0.57883179
v -0.29528889 -0.3049699 0.57561361
v 0.29531788 -0.30494415 0.57557803
v 0.32647761 -0.29710054 0.57877755
v 0.35667666 -0.29160043 0.57838821
v 0.38521498 -0.27912285 0.57810378
v -0.26704698 -0.32035529 0.57312738
v -0.22905173 -0.33319497 0.58058178
v 0.22879859 -0.33319357 0.58059632
v 0.26703214 -0.32034698 0.57310354
v -0.20653903 -0.34819263 0.5725069
v -0.16943681 -0.35683122 0.57186204
v 0.17029243 -0.35664272 0.57178461
v 0.20640626 -0.34816038 0.57248789
v -0.13065958 -0.37601578 0.56853556
v -0.10404969 -0.38353383 0.57466608
v -0.07870772 -0.3865838 0.58111298
v -0.04593725 -0.39055445 0.58334106
v -0.01078502 -0.39325821 0.58267688
v 0.01836407 -0.39309367 0.58270132
v 0.04604672 -0.39046558 0.58339369
v 0.07746066 -0.38659769 0.58120942
v 0.10319843 -0.38358041 0.57482343
v 0.13025909 -0.37600716 0.56867206
v 0.1678085 1.21930754 0.53703212
v 0.19685545 1.2202773 0.53320336
v 0.2287437 1.21853733 0.53523969
v -0.44694998 1.19020319 0.53922599
v -0.41304883 1.19562482 0.54607892
v -0.3828029 1.19885957 0.5529164
v -0.35282528 1.2026366 0.5538423
v -0.32109585 1.20609092 0.55403029
v -0.28946164 1.20949816 0.55219721
v -0.259828 1.21286165 0.54863506
v -0.23038899 1.21533417 0.54798388
v -0.20354363 1.21694588 0.546741
v -0.17767074 1.21680867 0.54824239
v -0.14721706 1.21554184 0.55300784
v -0.11624227 1.21488988 0.55432415
v -0.08456492 1.21457672 0.55348956
v -0.04847531 1.21410322 0.55249637
v -0.01005419 1.21374392 0.55105555
v 0.02344679 1.21362185 0.55078828
v 0.05450015 1.21382021 0.55112588
v 0.08631318 1.21398711 0.55290353
v 0.11731371 1.21418643 0.55435788
v 0.14452335 1.21579444 0.54965221
v 0.25910627 1.21411132 0.54423248
v 0.2891041 1.20968246 0.5517717
v 0.32089805 1.20610177 0.55410718
v 0.35258215 1.20266866 0.55383908
v 0.38234326 1.19892454 0.55300509
v 0.41273757 1.19572651 0.54595357
v 0.44809413 1.18986475 0.53937715
v -0.54896885 1.15709114 0.54981052
v -0.51995366 1.16872716 0.54508471
v -0.48559558 1.18046283 0.53887063
v 0.48694646 1.17999482 0.5391609
v 0.51978755 1.168751 0.54512405
v 0.5490719 1.15702199 0.54992771
v -0.61270773 1.13254833 0.54147958
v -0.58101105 1.14395332 0.55081194
v 0.58054834 1.14426791 0.55053353
v 0.61248266 1.13268244 0.54137367
v -0.67586016 1.09713661 0.54038983
v -0.64337837 1.11660933 0.54028457
v 0.6431576 1.11689603 0.540012
v 0.67473506 1.09744048 0.54155933
v -0.70668804 1.07716417 0.53858375
v 0.70330935 1.0771408 0.54406082
v -0.76249468 1.0312891 0.54639399
v -0.73608255 1.05509471 0.54019534
v 0.73200917 1.05217599 0.55314254
v 0.76107919 1.0300492 0.55130207
v -0.79469841 1.00442206 0.54657769
v 0.79558908 1.00350785 0.54675567
v -0.82444208 0.9795227 0.54529446
v 0.82672548 0.97625052 0.54732251
v -1.00830173 0.9361453 0.54206568
v -0.97706729 0.94203996 0.54553729
v -0.9453454 0.94340014 0.55110216
v -0.92230576 0.9470914 0.54491615
v -0.89709258 0.94181585 0.55298346
v -0.85742479 0.95471441 0.54794621
v 0.85761582 0.95446473 0.54821759
v 0.89509969 0.94451093 0.54796713
v 0.92334663 0.9471482 0.54605591
v 0.94854503 0.94425982 0.54864513
v 0.97719448 0.94166898 0.54567813
v 1.00562346 0.93665611 0.54325276
v -1.07522273 0.90926528 0.53930735
v -1.04132843 0.92058265 0.54438352
v 1.03476023 0.92164814 0.54635667
v 1.0723474 0.91450685 0.53488588
v -1.13486492 0.88501876 0.53368562
v -1.10053682 0.89223372 0.54310953
v 1.07255208 0.89328384 0.5540508
v 1.10353303 0.89189773 0.54323148
v 1.13536465 0.88458883 0.53414595
v -1.20556783 0.85665088 0.53028118
v -1.17244672 0.85674488 0.53892278
v -1.13784384 0.85908407 0.54697066
v -1.10668516 0.86132532 0.55353725
v 1.10483646 0.86384159 0.5542643
v 1.13717591 0.85926657 0.54723131
v 1.17189598 0.85830479 0.53821849
v 1.20441961 0.855762 0.53034961
v -1.23594677 0.83155304 0.52615737
v -1.20657599 0.83094477 0.54001259
v -1.17364668 0.8271048 0.53909075
v -1.13965606 0.8277502 0.53828293
v -1.10759675 0.8296706 0.54197025
v -1.0760529 0.8270694 0.55044257
v 1.07447099 0.83405637 0.55378204
v 1.10849106 0.83217978 0.54398751
v 1.13920068 0.82718956 0.54000413
v 1.17100548 0.82701146 0.53940725
v 1.20404839 0.82657098 0.54098707
v 1.23650598 0.82700943 0.53465056
v -1.20477414 0.81060528 0.53048294
v -1.05490756 0.80289441 0.54494881
v 1.07085704 0.80705082 0.5357449
v 1.20301699 0.8042953 0.531735
v 1.23518347 0.80215477 0.53040671
v -1.03170335 0.77381104 0.54343724
v 1.03375518 0.77342397 0.544371
v -1.02116084 0.73214221 0.53996574
v 1.01877796 0.73235487 0.54614216
v -1.02434647 0.69855201 0.54631364
v 1.0226736 0.69884449 0.55081868
v -1.03531086 0.66834712 0.54929626
v 1.03515744 0.66856384 0.54954189
v -1.04676044 0.64099943 0.54910445
v 1.04715633 0.64094889 0.54797172
v -1.05982375 0.60821855 0.54814761
v 1.06045413 0.60786891 0.54654085
v -1.07465755 0.57311451 0.54772913
v 1.07477843 0.57345509 0.54608333
v -1.08668828 0.54332453 0.54704213
v 1.0849688 0.54568982 0.54692363
v -1.09803628 0.51173663 0.54636728
v 1.09685611 0.51349437 0.54509878
v -1.10997414 0.48107811 0.54339659
v 1.10817694 0.48150569 0.54498565
v -1.11705958 0.45499223 0.5444287
v 1.11580693 0.45288318 0.54645335
v -1.12508797 0.42596107 0.5419746
v 1.12474274 0.42176008 0.5435543
v -1.13168013 0.39184844 0.54175674
v 1.13041162 0.39227545 0.54394996
v -1.13595545 0.35900941 0.54259324
v 1.13519167 0.36051097 0.54369944
v -1.13923621 0.32546258 0.54278075
v 1.1392467 0.32742694 0.54233294
v -1.14152789 0.29348838 0.54326236
v 1.14136993 0.29452484 0.54362422
v -1.14253926 0.26342931 0.54413086
v 1.14259362 0.26321348 0.54400122
v -1.14262533 0.23215808 0.54443907
v 1.1425699 0.23205082 0.54444742
v -1.14186263 0.20054505 0.54411387
v 1.1417061 0.2004317 0.54431384
v -1.14041364 0.16876894 0.54404711
v 1.14039373 0.16871111 0.5436818
v -1.1393795 0.13807451 0.54259252
v 1.1391853 0.13728278 0.54289817
v -1.1369009 0.10684005 0.54145187
v 1.13698244 0.10662007 0.54151046
v -1.12784218 0.07795738 0.54316985
v 1.12771403 0.07710237 0.54300701
v -1.10833609 0.05093737 0.54597353
v 1.10796988 0.04998756 0.54591715
v -1.08116817 0.02667111 0.54510617
v -1.04814827 0.00940887 0.54740083
v 1.04762971 0.00910823 0.5467928
v 1.0814116 0.02711021 0.54558223
v -1.01481628 -0.00631656 0.54219287
v -0.98270297 -0.01859226 0.54058742
v 0.98265397 -0.01861123 0.54049158
v 1.01449585 -0.00656685 0.54177045
v -0.9491955 -0.03026489 0.53775858
v -0.92082595 -0.03915108 0.54003071
v -0.89162063 -0.05044822 0.54210132
v 0.89214688 -0.05014788 0.54268336
v 0.92108535 -0.03914083 0.54001033
v 0.94937002 -0.03020179 0.5377587
v -0.86008954 -0.06651513 0.54324674
v -0.82899171 -0.08230824 0.54782927
v 0.82910692 -0.0820195 0.54859578
v 0.86158448 -0.06513317 0.54539346
v -0.79643684 -0.10077045 0.54968076
v 0.79639339 -0.10052001 0.55016136
v -0.76026928 -0.12944921 0.54317653
v 0.76076781 -0.12821151 0.54482579
v -0.72600168 -0.15565578 0.54367756
v -0.69820499 -0.17513087 0.54431265
v 0.6995145 -0.17422011 0.5438289
v 0.72640562 -0.15507595 0.54386222
v -0.66781401 -0.19476714 0.54426503
v 0.66833466 -0.19419054 0.54447495
v -0.63264322 -0.21761228 0.54136842
v -0.60307759 -0.23691073 0.54415082
v 0.60305529 -0.2369892 0.54378747
v 0.63254976 -0.21762022 0.54117977
v -0.57355141 -0.25466364 0.54553496
v -0.54090654 -0.26677346 0.54463768
v -0.50951683 -0.27292817 0.54298234
v 0.5092175 -0.27337509 0.54268097
v 0.54076111 -0.26668572 0.54555922
v 0.57366228 -0.25468468 0.5454024
v -0.47362548 -0.28207546 0.53949868
v -0.44676911 -0.28652611 0.54116946
v -0.41757446 -0.29032832 0.54685193
v -0.3852342 -0.30175495 0.5500257
v 0.38499337 -0.30161169 0.55017656
v 0.41688829 -0.28880962 0.54875737
v 0.44651827 -0.2860791 0.54176974
v 0.4739139 -0.282182 0.53922772
v -0.35856348 -0.32068437 0.544119
v -0.32662147 -0.32350659 0.55281537
v -0.29694527 -0.32513904 0.55588078
v 0.29670187 -0.32521 0.55580204
v 0.32533487 -0.32364946 0.55286896
v 0.35847944 -0.32103237 0.54368412
v -0.32810717 -0.34674149 0.52923178
v -0.29987001 -0.35056167 0.53213691
v -0.26676628 -0.35252177 0.54140305
v -0.23388487 -0.35385513 0.5568481
v 0.23369216 -0.3538692 0.55685383
v 0.26656806 -0.35259997 0.54134273
v 0.2985717 -0.35062062 0.53229707
v 0.3250027 -0.34634718 0.53025519
v -0.23462873 -0.38371983 0.53053283
v -0.20615229 -0.38419061 0.54129457
v -0.17254534 -0.39279872 0.54114973
v 0.17230214 -0.39277765 0.54114526
v 0.20584386 -0.38419556 0.54129874
v 0.23446682 -0.38375619 0.53052586
v -0.14071525 -0.4146856 0.53419554
v -0.10684211 -0.41947805 0.54265201
v -0.07818131 -0.41858637 0.55065226
v -0.04503806 -0.4216184 0.5532422
v -0.01026883 -0.42434418 0.5535041
v 0.017605 -0.42431932 0.55343759
v 0.04517593 -0.42159521 0.5532279
v 0.07710191 -0.41857701 0.55069589
v 0.10623041 -0.41948708 0.5427106
v 0.14024728 -0.41469979 0.53424763
v -0.07760012 -0.44842034 0.53340876
v -0.04393798 -0.44811198 0.53528404
v -0.00996495 -0.44972217 0.53461349
v 0.01705411 -0.44985467 0.53453326
v 0.04417118 -0.44814771 0.53521359
v 0.07667098 -0.44839471 0.5333938
v -0.28694742 1.21888387 0.51810681
v -0.25832057 1.22127103 0.51805406
v -0.22777232 1.22241401 0.52083766
v -0.19954104 1.22321438 0.52168023
v -0.17546789 1.22311425 0.52324891
v -0.14756213 1.22271966 0.52393949
v -0.11672715 1.22214889 0.523229
v -0.0858398 1.22139596 0.52149319
v -0.0533697 1.22062194 0.51995742
v -0.01583258 1.2202804 0.51699459
v 0.02021012 1.22018802 0.51591926
v 0.05291988 1.2204113 0.51693487
v 0.085728 1.2207508 0.52050137
v 0.11641269 1.22169148 0.52159029
v 0.14190624 1.22378814 0.51564699
v 0.16531378 1.22633409 0.50745201
v 0.19591969 1.22681021 0.50603884
v 0.22804252 1.22554898 0.5079143
v 0.25831174 1.22201514 0.51543068
v 0.28683966 1.21878516 0.51870352
v -0.48257169 1.18885302 0.50717568
v -0.44609141 1.19753217 0.50994736
v -0.41418665 1.20185852 0.51967966
v -0.38638827 1.20571887 0.52293849
v -0.35662823 1.21022141 0.52169907
v -0.3210268 1.21479606 0.52048587
v 0.32082414 1.21478557 0.52063274
v 0.35630711 1.21024656 0.5218032
v 0.38665697 1.2055912 0.52335703
v 0.41488683 1.20178866 0.51936638
v 0.44636184 1.19743859 0.50998282
v 0.48128849 1.18926847 0.50689899
v -0.55209344 1.16355001 0.52074039
v -0.52091473 1.1752088 0.5166378
v 0.51725161 1.17657029 0.51571786
v 0.55170524 1.16368126 0.52070576
v -0.64443922 1.12537181 0.5102061
v -0.61466795 1.13953375 0.51321423
v -0.58310848 1.15133118 0.52072024
v 0.58299541 1.15139913 0.52072775
v 0.61464989 1.13946592 0.51344341
v 0.64393323 1.12575244 0.50979507
v -0.70381963 1.09199369 0.50510335
v -0.6753115 1.10877585 0.50829601
v 0.6749798 1.10921812 0.50777638
v 0.70287644 1.09152984 0.50788581
v -0.73279243 1.07105064 0.50768506
v 0.7321124 1.06758081 0.51733249
v -0.76192152 1.04731965 0.51158237
v 0.76237154 1.04519224 0.51594448
v -0.7955271 1.01849961 0.5134055
v 0.79670101 1.01775002 0.51362025
v -0.85516405 0.96853846 0.51745474
v -0.82509565 0.99119126 0.5171687
v 0.82562196 0.99122118 0.51563072
v 0.85587674 0.96849471 0.51726806
v -1.00969481 0.94422221 0.51672285
v -0.97935473 0.951218 0.51768511
v -0.94960594 0.95435863 0.51955926
v -0.92227083 0.95411807 0.52088993
v -0.89205277 0.95468086 0.52061158
v 0.89236688 0.95510804 0.52027964
v 0.92213183 0.95499146 0.52021503
v 0.94896447 0.95448863 0.51927727
v 0.979007 0.95158803 0.51752626
v 1.00981962 0.94384181 0.5173192
v -1.07872259 0.91905093 0.51464235
v -1.04552388 0.93114721 0.51448231
v 1.04314649 0.93120265 0.51670742
v 1.0740478 0.92105138 0.51557135
v 1.09687209 0.91008925 0.52099996
v -1.20443439 0.87248557 0.50736665
v -1.16747665 0.8816626 0.51550823
v -1.13841056 0.89369642 0.51486098
v -1.10787701 0.90525913 0.5181123
v 1.13565719 0.89505541 0.51575642
v 1.16767382 0.88223159 0.5154767
v 1.20287966 0.87301385 0.50877881
v -1.29771769 0.84391993 0.50276929
v -1.26908469 0.84957391 0.50862002
v -1.23228716 0.85765391 0.51309579
v 1.23193109 0.8586694 0.51613277
v 1.26970291 0.85242599 0.51403844
v 1.30029249 0.85027575 0.50719213
v -1.3532257 0.80743122 0.50595957
v -1.32630288 0.82015371 0.5087831
v -1.29990339 0.82661747 0.51496166
v -1.26960456 0.82970064 0.51998543
v 1.26968658 0.8250724 0.52781319
v 1.30188763 0.8278073 0.52293604
v 1.32874202 0.82806521 0.50855463
v -1.37777817 0.78495556 0.50816708
v -1.35708487 0.79194623 0.51107424
v -1.32995319 0.79937154 0.51109987
v -1.30198657 0.80406469 0.50922954
v -1.26879036 0.80632263 0.51140916
v -1.23035883 0.80566889 0.51574337
v -1.20185875 0.79715776 0.50959682
v -1.17561936 0.80478751 0.51652264
v -1.13761258 0.80903977 0.51180493
v -1.10427832 0.81135523 0.51516878
v -1.07598877 0.80513751 0.52034056
v 1.08057951 0.79917007 0.51226413
v 1.10839891 0.81049341 0.51757454
v 1.14130067 0.80689728 0.51434063
v 1.17522144 0.80261343 0.51757073
v 1.20419693 0.79461705 0.51444995
v 1.23604035 0.79184466 0.51339244
v 1.26332783 0.79579329 0.51698625
v 1.30483627 0.79533672 0.5161755
v 1.33055949 0.79928219 0.51731371
v 1.35661864 0.79576706 0.50520235
v -1.40994119 0.7529298 0.50985962
v -1.38826382 0.76239413 0.51364094
v -1.36623919 0.76637321 0.50622987
v -1.33450853 0.77999216 0.49898874
v -1.04675722 0.771977 0.5140872
v 1.04543805 0.76689213 0.5142399
v 1.33226478 0.77936989 0.50933659
v 1.36160898 0.77069598 0.50389289
v 1.38916516 0.76339155 0.49859875
v -1.43659579 0.72474956 0.5073685
v -1.41973483 0.73014748 0.51241493
v -1.39731478 0.73789155 0.50917756
v -1.03311991 0.73679208 0.51501262
v 1.03218579 0.73445498 0.51543921
v 1.42322063 0.73217564 0.49924922
v -1.45101642 0.70027869 0.50731235
v -1.42687118 0.70922237 0.50780236
v -1.03601861 0.70105654 0.51867252
v 1.03586983 0.70053756 0.51878869
v 1.43263149 0.70670455 0.50208681
v 1.45155882 0.70513016 0.49921432
v -1.47236144 0.67090791 0.5040673
v -1.44996619 0.67452132 0.50194352
v -1.04899096 0.66660165 0.51644384
v 1.04917824 0.66658258 0.51590061
v 1.45340633 0.6786828 0.49899995
v -1.06123852 0.63775533 0.51326233
v 1.06147873 0.63766813 0.5127623
v -1.07549023 0.605744 0.51204735
v 1.07576596 0.60528743 0.51180988
v -1.09550929 0.57137787 0.51103675
v 1.09529113 0.57103544 0.51147633
v -1.10635232 0.54302102 0.51216971
v 1.10542619 0.54334968 0.51315689
v -1.11394381 0.51054668 0.51318681
v 1.11373293 0.51053887 0.51293999
v -1.12876319 0.48307776 0.50584375
v 1.12832272 0.48338991 0.50645065
v -1.12921953 0.45058995 0.51213425
v 1.12883257 0.45039415 0.51296877
v -1.13443136 0.42249089 0.5120787
v 1.13455653 0.42089504 0.5126295
v -1.14010953 0.39293956 0.51240015
v 1.14008975 0.3925488 0.51263046
v -1.14430737 0.36209708 0.51307028
v 1.14431929 0.36228317 0.51313602
v -1.14807844 0.32963642 0.51107692
v 1.14810657 0.33006706 0.51105332
v -1.15009796 0.29702019 0.51199835
v 1.15006828 0.29711014 0.5121696
v -1.15106618 0.2650552 0.51283597
v 1.15105283 0.26488757 0.51286226
v -1.15097761 0.23274326 0.51300936
v 1.15092265 0.23243132 0.51301962
v -1.14994072 0.20113013 0.51272463
v 1.14986002 0.20080837 0.51270163
v -1.14873337 0.17195317 0.51125049
v 1.14857316 0.1713061 0.51149588
v -1.14773297 0.14437514 0.50977289
v 1.14723599 0.14271409 0.5113306
v -1.14597058 0.11328217 0.51013279
v 1.14565455 0.11229662 0.51018685
v -1.14118611 0.08347461 0.50946927
v 1.14001131 0.08078871 0.5089423
v -1.12606191 0.05610493 0.51139128
v 1.12359345 0.0525778 0.51144826
v -1.09899997 0.03044039 0.51545572
v -1.07569384 0.01564523 0.51653909
v 1.07793617 0.01741561 0.51843488
v 1.09827232 0.02961251 0.51588785
v -1.04739761 0.00137098 0.51324647
v -1.01669645 -0.01200557 0.51059669
v -0.9831404 -0.02427631 0.51008713
v 0.98317027 -0.02423941 0.51003223
v 1.01640915 -0.01217432 0.51030743
v 1.0474379 0.00148383 0.51327455
v -0.950266 -0.0355611 0.50787401
v -0.92090117 -0.04477294 0.50941276
v -0.89092272 -0.05585 0.5106557
v 0.89185273 -0.05589109 0.50989532
v 0.9215424 -0.04477055 0.50885897
v 0.95050454 -0.0355273 0.50767111
v -0.86085021 -0.07224276 0.51137721
v 0.86170166 -0.07215055 0.51100826
v -0.82818865 -0.09399711 0.5142706
v -0.79667055 -0.11563278 0.51723492
v 0.7965154 -0.11581879 0.51694607
v 0.82826721 -0.09421569 0.51379263
v -0.76319527 -0.14104145 0.51352584
v 0.76310396 -0.14082938 0.51384431
v -0.72784709 -0.16404256 0.51466083
v 0.72765624 -0.16402897 0.51461112
v -0.69431358 -0.18586388 0.51273864
v -0.66544163 -0.20385515 0.51335954
v 0.66523444 -0.20385402 0.51332551
v 0.69463002 -0.18563938 0.51227438
v -0.63295948 -0.22409361 0.51114368
v -0.60207283 -0.24352824 0.5133512
v 0.60190069 -0.2435632 0.51323103
v 0.63278949 -0.22417831 0.51081848
v -0.57487404 -0.26251816 0.51378029
v 0.57453239 -0.2622995 0.51476025
v -0.54355073 -0.28139841 0.51390713
v -0.51234316 -0.29484948 0.51317524
v 0.51065242 -0.29557663 0.51362741
v 0.54235738 -0.28094732 0.51713144
v -0.47575107 -0.30912447 0.50804638
v -0.44769775 -0.31834015 0.50606709
v -0.41816118 -0.32232052 0.5113883
v -0.38535469 -0.32460498 0.52334177
v 0.3862707 -0.32445371 0.52299463
v 0.41865122 -0.32141768 0.5122534
v 0.44701522 -0.31849366 0.50639015
v 0.47518485 -0.30961239 0.50769192
v -0.38299903 -0.35161948 0.49661812
v -0.35250088 -0.3537305 0.51137685
v -0.32719799 -0.36921489 0.50889015
v 0.32626044 -0.36767816 0.5106557
v 0.35212901 -0.353675 0.51142984
v 0.38540339 -0.3495841 0.49736061
v -0.30010259 -0.38586032 0.50349581
v -0.26376912 -0.38755711 0.51342034
v 0.2637183 -0.38756191 0.51341319
v 0.3000257 -0.38536465 0.50400775
v -0.23453271 -0.41677838 0.50471305
v -0.20525975 -0.41653251 0.51665961
v -0.17295792 -0.41893321 0.52233207
v 0.17266722 -0.41893082 0.52233421
v 0.20507605 -0.41653427 0.51665508
v 0.23438748 -0.41680294 0.5047158
v -0.20223915 -0.44763559 0.49662002
v -0.17164447 -0.45068547 0.50445747
v -0.13811612 -0.45375627 0.51329332
v -0.10814265 -0.45378273 0.52414929
v 0.10768546 -0.45377951 0.524181
v 0.13784433 -0.4537664 0.51332461
v 0.17146195 -0.4506877 0.50445652
v 0.20209626 -0.44764369 0.49661141
v -0.13639761 -0.48475688 0.50276541
v -0.10665506 -0.48516809 0.51374268
v -0.07656136 -0.48359268 0.52194309
v -0.04350544 -0.48361536 0.52256572
v -0.00988038 -0.483361 0.5205326
v 0.01698736 -0.48355513 0.52053612
v 0.04395803 -0.48366889 0.52251476
v 0.07584925 -0.48356819 0.52190345
v 0.10633634 -0.48517382 0.51376128
v 0.13622885 -0.48477426 0.50278824
v -0.10637839 -0.51588827 0.50334864
v -0.07516314 -0.51604366 0.51132822
v -0.04244413 -0.51731479 0.51314103
v -0.00937721 -0.51647055 0.51188218
v 0.01663078 -0.51660835 0.51193255
v 0.04299357 -0.5173465 0.51312291
v 0.07463954 -0.51603871 0.5112971
v 0.10621099 -0.51590561 0.5033487
v -0.0746634 -0.54709261 0.50177717
v -0.04141663 -0.54849839 0.50496393
v -0.00783134 -0.54926991 0.50497078
v 0.0167014 -0.54932665 0.50497174
v 0.04223318 -0.54851412 0.50493264
v 0.0741404 -0.5471096 0.50175058
v -0.00532746 -0.57659792 0.49998962
v -0.03725624 -0.67561698 0.50033503
v -0.00813232 -0.67365527 0.50155752
v 0.01499118 -0.67365348 0.50146329
v 0.03766702 -0.67564606 0.50029861
v -0.07052128 -0.70476079 0.50050717
v -0.03865382 -0.70644545 0.50469696
v -0.00910215 -0.70524668 0.50606155
v 0.01567019 -0.70524978 0.50596356
v 0.03875811 -0.70647597 0.50466471
v 0.06955389 -0.70480847 0.50050121
v -0.07309636 -0.73661184 0.5041567
v -0.04140237 -0.73688978 0.50852811
v -0.00983556 -0.73673486 0.51048898
v 0.01598602 -0.73674255 0.5103898
v 0.04115392 -0.73691868 0.50850421
v 0.07186622 -0.7366563 0.50415784
v -0.10161905 -0.76611185 0.50005769
v -0.07257851 -0.76720309 0.50659191
v -0.04173932 -0.76749157 0.51093876
v -0.00995585 -0.76734292 0.51317775
v 0.0155758 -0.76735568 0.5130704
v 0.04110185 -0.76752162 0.51092022
v 0.07091408 -0.76723837 0.50663274
v 0.10067314 -0.76614487 0.50007677
v -0.10070012 -0.79382491 0.49854925
v -0.0709274 -0.79467284 0.50610995
v -0.04115816 -0.79665964 0.51033306
v -0.00982787 -0.79656255 0.51273399
v 0.01653286 -0.79659837 0.51250958
v 0.04153536 -0.79672032 0.51012915
v 0.06904324 -0.79467588 0.50617682
v 0.09940433 -0.79387354 0.49859708
v -0.06996376 -0.82253891 0.50024068
v -0.04021393 -0.8249464 0.50486654
v -0.00856382 -0.82286894 0.50892299
v 0.01972345 -0.8229736 0.50838446
v 0.04533235 -0.82513624 0.5039184
v 0.07082979 -0.8226884 0.49962383
v -0.01167326 -0.84902507 0.49841553
v 0.01907573 -0.84919518 0.49776527
v -0.32646012 1.22082674 0.49013525
v -0.29062295 1.22506094 0.48950213
v -0.25999265 1.22766876 0.4903776
v -0.2284556 1.22917127 0.49199023
v -0.19764468 1.23006343 0.49207633
v -0.17167285 1.22990083 0.49259334
v -0.14530497 1.22930467 0.49194958
v -0.11638752 1.22812986 0.49161952
v -0.0858879 1.22688591 0.48960995
v -0.05504798 1.22535824 0.49064534
v -0.02214292 1.22439944 0.49041336
v 0.01032785 1.22403085 0.49015945
v 0.04224021 1.22431576 0.49047672
v 0.07671447 1.22527694 0.49176526
v 0.11040099 1.22736644 0.48947051
v 0.13870531 1.2302972 0.48175579
v 0.1656837 1.23254752 0.47605419
v 0.19682742 1.23296201 0.47668001
v 0.22834494 1.23147368 0.48120167
v 0.25972187 1.22796225 0.48923394
v 0.29104822 1.22484743 0.49036952
v 0.32700699 1.22077655 0.4900355
v -0.48157209 1.19428193 0.48219892
v -0.4469406 1.20240867 0.48547363
v -0.41782572 1.20730519 0.49085265
v -0.39215424 1.21202135 0.48891627
v -0.36350446 1.21619153 0.48934534
v 0.36376953 1.21606767 0.48973089
v 0.39414233 1.21149063 0.48982417
v 0.4207834 1.20686376 0.49027448
v 0.44703841 1.20261168 0.48480099
v 0.47536683 1.19653058 0.48044514
v 0.5082432 1.18580853 0.48535698
v -0.58055889 1.15904068 0.48953178
v -0.55172431 1.17031621 0.48942828
v -0.51933193 1.1818192 0.48729789
v 0.54740417 1.17192125 0.48881471
v 0.58102905 1.1588211 0.48940202
v -0.64680159 1.13000249 0.48130556
v -0.61143982 1.14643681 0.48492932
v 0.61509031 1.14449465 0.48651289
v 0.64696419 1.12983584 0.4816083
v -0.70028013 1.10216701 0.47545161
v -0.67628824 1.11502647 0.47883328
v 0.67572218 1.11540889 0.47830173
v 0.70018363 1.10204982 0.4760288
v -0.75607472 1.06352675 0.4758473
v -0.72627121 1.08547115 0.47509971
v 0.72627049 1.08415365 0.47992181
v 0.75627362 1.06322073 0.47949534
v -0.79050493 1.0340166 0.4785155
v 0.79176783 1.03392672 0.47994262
v -0.82046163 1.00440549 0.4868381
v 0.82285463 1.00463366 0.48345625
v -0.85119378 0.9780237 0.48772078
v 0.85501205 0.97723656 0.48647922
v -1.00870513 0.94332593 0.48850375
v -0.97867339 0.95175898 0.48707518
v -0.94830858 0.95630931 0.48627615
v -0.91806674 0.95684486 0.4876503
v -0.8872801 0.96010536 0.48855024
v 0.88826334 0.96056556 0.48894125
v 0.91799044 0.95798873 0.48915964
v 0.94828492 0.95703518 0.48705226
v 0.97957325 0.95171511 0.48723024
v 1.01238644 0.93949723 0.48631721
v -1.1028912 0.90524399 0.49203598
v -1.07450485 0.91488689 0.48775947
v -1.04349255 0.92734897 0.48510569
v 1.04410433 0.92651307 0.48580396
v 1.07389819 0.91506695 0.48808026
v 1.10058748 0.90627431 0.49073439
v -1.1729834 0.88064992 0.48403024
v -1.13818824 0.89287483 0.48797956
v 1.1383605 0.89459359 0.48777967
v 1.17280244 0.88464856 0.48524329
v 1.20333707 0.87526452 0.48283743
v -1.32062709 0.83354848 0.48797205
v -1.29233503 0.85095912 0.48685887
v -1.27024328 0.8555172 0.48567196
v -1.23931348 0.86272156 0.48312556
v -1.20717787 0.87175667 0.47996291
v 1.23884785 0.86606335 0.48423907
v 1.27212441 0.86075949 0.48470547
v 1.29696917 0.85732495 0.48454073
v 1.32300043 0.84272164 0.4847548
v -1.34977197 0.81578713 0.48687419
v 1.35055279 0.81965982 0.48908376
v -1.37553322 0.79024708 0.48611739
v -1.27086246 0.79339361 0.48698505
v -1.23628771 0.79395073 0.48597434
v -1.20409667 0.79282653 0.48205542
v -1.17183327 0.79833471 0.48339411
v -1.13892483 0.80523145 0.48335719
v -1.10756993 0.80704283 0.48682853
v -1.08120286 0.79816556 0.48535513
v 1.08067631 0.7959612 0.48472434
v 1.10976576 0.8051514 0.48674279
v 1.13866615 0.80298465 0.48513063
v 1.17223799 0.79756271 0.4833768
v 1.20599436 0.79220604 0.48149782
v 1.23713326 0.7889415 0.48018705
v 1.26731622 0.78572642 0.48412531
v 1.30243778 0.78273499 0.48799774
v 1.38057303 0.78705298 0.48971614
v -1.41072154 0.75355708 0.48314464
v -1.35932266 0.7601692 0.48293089
v -1.33859717 0.77250671 0.48359227
v -1.3079555 0.78859573 0.48554676
v -1.05147934 0.76882267 0.48580414
v 1.05043983 0.76653933 0.4862132
v 1.33345508 0.76886069 0.48703572
v 1.36434328 0.75663745 0.48565048
v 1.41382634 0.75525856 0.49002474
v -1.44270002 0.72474044 0.48495742
v -1.38978147 0.73250567 0.48493441
v -1.04026126 0.73841929 0.48822066
v 1.04055762 0.73723638 0.48748028
v 1.39616382 0.73859083 0.49090412
v 1.44561743 0.72644448 0.48784273
v -1.46145963 0.70224577 0.48414507
v -1.41784012 0.70547467 0.48541367
v -1.04604554 0.70351493 0.48852443
v 1.04617524 0.70322835 0.48842859
v 1.41841888 0.70772761 0.48503375
v 1.46963429 0.69895666 0.48208248
v -1.48296177 0.67350029 0.48461616
v -1.43998885 0.6762489 0.48325449
v -1.06152629 0.66733205 0.48452878
v 1.06157589 0.66721957 0.48455837
v 1.44198441 0.67663073 0.48304039
v 1.48428607 0.66445803 0.48414304
v -1.48805153 0.64595544 0.48948305
v -1.46158433 0.64534306 0.4852401
v -1.0800867 0.6338911 0.4810796
v 1.08014369 0.63383191 0.4810301
v 1.46111297 0.64933627 0.48799729
v 1.48309826 0.6414957 0.48915934
v 1.5015155 0.63677007 0.4771015
v -1.51500678 0.61046564 0.47337666
v -1.48834455 0.61178672 0.48013359
v -1.10411572 0.60482871 0.47790837
v 1.10419726 0.60458171 0.47793415
v 1.48399102 0.61877024 0.47906205
v 1.50964891 0.60783034 0.47158253
v -1.51524949 0.58068513 0.46894002
v -1.13553237 0.57959169 0.47138929
v 1.13520813 0.57920199 0.47212058
v 1.5002222 0.59082591 0.470925
v 1.51726675 0.58026236 0.46786361
v -1.14392161 0.54793918 0.47859481
v 1.14349877 0.54781562 0.47931784
v -1.16948092 0.51450681 0.46757245
v -1.13950109 0.51311934 0.48831242
v 1.13948249 0.51290768 0.48841139
v 1.16933226 0.51440155 0.46781975
v -1.16007423 0.48589396 0.47492837
v 1.16001844 0.48596072 0.4749999
v -1.14597499 0.45253133 0.48074474
v 1.1459279 0.45268368 0.48086124
v -1.14294099 0.41967541 0.48195052
v 1.14301729 0.41983902 0.48194345
v -1.14852333 0.38795259 0.47963577
v 1.1485238 0.3881292 0.47975117
v -1.15284073 0.36037051 0.48000133
v 1.15285491 0.35988664 0.48039278
v -1.15643656 0.33176356 0.47696629
v 1.15656733 0.33097291 0.47668993
v -1.15862727 0.29982295 0.47628158
v 1.15861558 0.29984521 0.4763059
v -1.15953445 0.26812282 0.4769839
v 1.15947032 0.26825556 0.47715312
v -1.15948987 0.23695184 0.47665092
v 1.15944385 0.23693946 0.47673887
v -1.15865302 0.20544612 0.47501763
v 1.15858054 0.20527386 0.47517654
v -1.15729653 0.17570507 0.47347822
v 1.15687799 0.17439919 0.4749788
v -1.15567171 0.14782325 0.47390022
v 1.15465736 0.14454338 0.47788775
v -1.15314459 0.11404329 0.47663545
v 1.1528275 0.1129106 0.4780502
v -1.14810645 0.08046107 0.47689336
v 1.1477921 0.07969813 0.4767127
v -1.13208735 0.05078178 0.48122048
v 1.1311624 0.04978494 0.48152175
v -1.10165369 0.02327978 0.48435136
v 1.07640969 0.00848043 0.48806324
v 1.10326576 0.02467149 0.48654398
v -1.07015538 0.00383867 0.48284047
v -1.04396784 -0.00829713 0.48149544
v -1.0156784 -0.01990934 0.47979569
v 1.01577639 -0.01977591 0.47990924
v 1.04616689 -0.0066185 0.48347902
v -0.9822812 -0.03180592 0.47991797
v -0.95103293 -0.04243668 0.478758
v -0.91992807 -0.05266635 0.4784398
v 0.9206376 -0.05267439 0.47768712
v 0.95122462 -0.04241985 0.4785192
v 0.98224645 -0.03179317 0.47985637
v -0.8889625 -0.06368229 0.47994977
v -0.85759437 -0.08049966 0.48159
v 0.85842967 -0.08063783 0.48047816
v 0.89012193 -0.06373624 0.4787279
v -0.82390981 -0.10531957 0.4843887
v 0.82407057 -0.10554061 0.48366263
v -0.7911055 -0.13265447 0.4873057
v 0.7909038 -0.13287054 0.48693734
v -0.76009476 -0.1575284 0.48528203
v -0.72942388 -0.17477864 0.48575705
v 0.72916859 -0.17484417 0.48555806
v 0.75987637 -0.15759185 0.48516082
v -0.6952129 -0.19319947 0.48326993
v -0.66447711 -0.21041479 0.48351931
v 0.66420561 -0.21011368 0.48469078
v 0.69475662 -0.19325941 0.48331791
v -0.6335746 -0.22913239 0.48220354
v 0.63417494 -0.22874257 0.48183864
v -0.60140836 -0.24855583 0.48261636
v -0.57607322 -0.26585486 0.48225349
v 0.57631588 -0.26552695 0.4828386
v 0.60135191 -0.24855749 0.48229354
v -0.54071724 -0.29087898 0.48337823
v 0.54111564 -0.29001233 0.48584276
v -0.50722992 -0.31208026 0.48642551
v -0.47737392 -0.32871386 0.48235261
v 0.47650057 -0.32902455 0.48265367
v 0.50689876 -0.3121972 0.48677963
v -0.44980633 -0.34472596 0.47651886
v -0.41693866 -0.35331133 0.48163205
v 0.3899213 -0.3689183 0.47841918
v 0.41408884 -0.3552787 0.48109406
v 0.44720995 -0.34560462 0.47768858
v -0.38437259 -0.37892934 0.47181117
v -0.35838097 -0.38582527 0.47842949
v -0.32643827 -0.3923428 0.48803365
v 0.32680916 -0.39228671 0.4880684
v 0.36094266 -0.38513302 0.4779047
v -0.32187551 -0.42118126 0.46717131
v -0.29185062 -0.4186171 0.48180466
v -0.2623755 -0.41939175 0.49050772
v 0.26221144 -0.41946077 0.4904637
v 0.29166448 -0.4187259 0.48173245
v 0.32191491 -0.42148143 0.46683782
v -0.28836992 -0.44453162 0.46401432
v -0.26132947 -0.44702243 0.4726454
v -0.23298192 -0.44778418 0.48345944
v 0.23285272 -0.44780603 0.48345303
v 0.26119354 -0.4470523 0.47262743
v 0.28816711 -0.44460979 0.4639813
v -0.2316959 -0.48133713 0.46924603
v -0.20113149 -0.48181614 0.4818235
v -0.17071378 -0.48440003 0.4919179
v 0.17060171 -0.48441219 0.49191534
v 0.20103487 -0.48183056 0.48181477
v 0.23159588 -0.48136037 0.46923524
v -0.20222625 -0.51362884 0.47415888
v -0.17217555 -0.51608133 0.48449072
v -0.13850301 -0.51577532 0.49416282
v 0.13843728 -0.5157957 0.49415698
v 0.17213657 -0.51609695 0.48447132
v 0.20217941 -0.51364457 0.47414031
v -0.20002326 -0.54327935 0.4691835
v -0.17030447 -0.54625219 0.47888746
v -0.13950821 -0.54811805 0.48654097
v -0.10679087 -0.54806667 0.49414014
v 0.1067169 -0.5480951 0.49412152
v 0.13952907 -0.5481441 0.48651385
v 0.17032317 -0.54627221 0.47885465
v 0.20001938 -0.54329496 0.46915292
v -0.1680208 -0.57991904 0.47262412
v -0.13851761 -0.5811252 0.48052537
v -0.10648813 -0.58255589 0.48752394
v -0.07392455 -0.58121657 0.49434292
v -0.03972179 -0.57777535 0.49865526
v 0.01781662 -0.5766102 0.49992537
v 0.04198294 -0.57779324 0.498604
v 0.07360936 -0.58125066 0.49431467
v 0.10642759 -0.58259522 0.48749363
v 0.13857135 -0.58115911 0.48048856
v 0.16807198 -0.57994449 0.4725838
v -0.16456246 -0.61304354 0.46986389
v -0.1368429 -0.60967731 0.47809848
v -0.10620574 -0.60983026 0.4851678
v -0.07400015 -0.60922837 0.4914155
v -0.04069313 -0.60508549 0.495871
v -0.00779618 -0.60350894 0.49750685
v 0.01659654 -0.6035071 0.49742132
v 0.04153334 -0.60510903 0.49582639
v 0.07352207 -0.609272 0.49139004
v 0.1061643 -0.60987693 0.48513394
v 0.1368936 -0.60971713 0.47805926
v 0.16461104 -0.61307305 0.46982252
v -0.16364771 -0.64109003 0.47013667
v -0.13668882 -0.63655549 0.47840738
v -0.10651877 -0.63644564 0.4857952
v -0.07362246 -0.63798451 0.49208498
v -0.03981155 -0.63856768 0.49647581
v -0.00881335 -0.63753926 0.4978916
v 0.01593351 -0.63753539 0.497801
v 0.04037758 -0.63859522 0.49643558
v 0.07316546 -0.63803356 0.49206274
v 0.10641422 -0.63649642 0.48576378
v 0.13668556 -0.63659811 0.47837108
v 0.16366909 -0.64112186 0.47009629
v -0.16432815 -0.66867256 0.47222369
v -0.13706086 -0.66826927 0.48101002
v -0.10625847 -0.66985499 0.48897963
v -0.0713715 -0.6725496 0.49586427
v 0.07068567 -0.67259997 0.49584972
v 0.10598599 -0.66990691 0.48895621
v 0.13695931 -0.66831255 0.4809803
v 0.16428375 -0.66870093 0.47219544
v -0.16818308 -0.70031374 0.47415587
v -0.13844902 -0.70220518 0.48436933
v -0.10539642 -0.70363205 0.49339881
v 0.10491054 -0.70368051 0.49338614
v 0.13820523 -0.70224326 0.48435381
v 0.16803738 -0.70033055 0.474155
v -0.16964393 -0.73331481 0.47631835
v -0.13849929 -0.73509788 0.4876123
v -0.10504305 -0.73597395 0.49738311
v 0.10434795 -0.73601728 0.49738013
v 0.13811415 -0.73513352 0.4876073
v 0.16942873 -0.73333776 0.47631296
v -0.16904926 -0.76523184 0.47694301
v -0.13667121 -0.76642179 0.48908931
v 0.13615715 -0.76645338 0.48909419
v 0.16875785 -0.76525509 0.47694969
v -0.16721861 -0.79471391 0.47474885
v -0.13547784 -0.79543691 0.48707443
v 0.13477321 -0.79543745 0.4871332
v 0.16686622 -0.79473555 0.47476264
v -0.16488006 -0.82097613 0.4689157
v -0.13280189 -0.82310652 0.48159229
v -0.1014985 -0.82305282 0.49154472
v 0.10117045 -0.82344758 0.49106341
v 0.13200613 -0.82316857 0.48160663
v 0.1643942 -0.82096809 0.46897959
v -0.1333936 -0.85053718 0.46741771
v -0.10474465 -0.85275095 0.47631555
v -0.07462249 -0.85245394 0.48576635
v -0.04413164 -0.85503935 0.49093508
v 0.04901015 -0.85543191 0.4894081
v 0.07839627 -0.85305631 0.48392778
v 0.10713288 -0.85382533 0.474599
v 0.13352762 -0.85092997 0.46693599
v -0.07800701 -0.87826192 0.46633717
v -0.04620029 -0.88416516 0.46928897
v -0.01367149 -0.88268816 0.47400105
v 0.01770956 -0.8827703 0.47373342
v 0.04619755 -0.88431179 0.46888512
v 0.07754784 -0.87838184 0.46592819
v -0.39208778 1.21813607 0.45434683
v -0.36361485 1.22198081 0.45724269
v -0.33012089 1.2261852 0.45854756
v -0.29524058 1.23035883 0.45884609
v -0.26174816 1.23343074 0.46026927
v -0.22956609 1.23529672 0.46079742
v -0.19686543 1.2360866 0.45988887
v -0.16645917 1.23558545 0.45975914
v -0.13813774 1.23425722 0.46026358
v -0.11210627 1.23253393 0.46121016
v -0.08511216 1.23110914 0.45944914
v -0.05476433 1.22936892 0.46058505
v -0.0225669 1.22814953 0.46101298
v 0.00898066 1.22769379 0.46088984
v 0.03983446 1.22804737 0.46074491
v 0.07143601 1.2292006 0.46117225
v 0.10298921 1.23123955 0.46049317
v 0.13308207 1.23414349 0.45533201
v 0.16482436 1.2371664 0.4466902
v 0.1980867 1.23814618 0.44608563
v 0.23038476 1.23656559 0.45334792
v 0.26234787 1.23338794 0.46019035
v 0.29713946 1.22999382 0.45970732
v 0.33230316 1.22600507 0.45805871
v 0.36420655 1.22193086 0.45706254
v 0.3925336 1.21796965 0.45476669
v -0.51260316 1.18983531 0.45535719
v -0.48056405 1.19895505 0.45696321
v -0.44909721 1.20642793 0.45896562
v -0.42062813 1.21244716 0.45835033
v 0.42051261 1.21253478 0.45796266
v 0.44818893 1.20666813 0.45861753
v 0.47875171 1.19957816 0.45680385
v 0.50855815 1.19098925 0.4572241
v -0.60260623 1.15534257 0.45189613
v -0.57455802 1.16733717 0.45580583
v -0.54471093 1.17897081 0.45510339
v 0.54422593 1.17888903 0.45690929
v 0.57930874 1.16505074 0.45670566
v -0.64221572 1.13617444 0.44920978
v 0.61324715 1.14977717 0.45602017
v 0.64569783 1.13424909 0.4508045
v -0.72298109 1.09302282 0.44262981
v -0.69782888 1.10777437 0.44498923
v -0.67396104 1.12011969 0.44691047
v 0.6728934 1.12070787 0.44640791
v 0.69732201 1.10830092 0.44576793
v 0.72307503 1.09353435 0.44576895
v -0.75446635 1.07033526 0.44602966
v 0.75755012 1.07030391 0.4472987
v -0.78909158 1.04001736 0.4514808
v 0.79379046 1.04036021 0.44826293
v -0.81928652 1.009691 0.45653614
v 0.82550042 1.01033127 0.44955593
v -0.85146337 0.98003304 0.45490691
v 0.85815632 0.98046451 0.45160585
v -1.00652623 0.93325793 0.46217632
v -0.97765779 0.94420027 0.4572457
v -0.94757854 0.95127087 0.4553304
v -0.9164806 0.95327907 0.45417979
v -0.88586866 0.95941752 0.45427525
v 0.88904082 0.96121251 0.45341298
v 0.91734838 0.95586991 0.45747512
v 0.9483484 0.95228278 0.45747149
v 0.98052346 0.94337284 0.45810639
v -1.04076933 0.91008269 0.45981538
v 1.0147829 0.92474567 0.45609214
v 1.04115724 0.90938657 0.45698547
v -1.13834309 0.87791782 0.46417829
v -1.10370373 0.88542872 0.46576678
v -1.07095599 0.89069223 0.45929318
v 1.04707217 0.88955771 0.44769799
v 1.07293057 0.89282643 0.46251177
v 1.10447919 0.88738721 0.46733447
v 1.13875103 0.88309419 0.46689039
v 1.17065048 0.87648183 0.4649744
v -1.29846358 0.84261155 0.47248226
v -1.27134418 0.8460738 0.46585404
v -1.240543 0.85096281 0.46188905
v -1.20686614 0.85637879 0.46135091
v -1.16740036 0.86341023 0.46146756
v -1.13827025 0.86084449 0.45669072
v -1.10577726 0.8613106 0.45601826
v -1.07751071 0.86052298 0.45083952
v 1.07856905 0.86144149 0.45232194
v 1.10664463 0.86281311 0.45742791
v 1.13914775 0.86300921 0.45773536
v 1.17189025 0.86153239 0.45675617
v 1.19915986 0.86158096 0.4600982
v 1.23935711 0.85311436 0.45926412
v 1.27185344 0.84955418 0.45958828
v 1.30116057 0.84868729 0.46460902
v -1.34472656 0.81340503 0.46901777
v -1.32419109 0.82128489 0.46639421
v -1.29988706 0.82433682 0.46077296
v -1.27051889 0.82488608 0.45762795
v -1.2389729 0.82739901 0.45482581
v -1.2061491 0.8303408 0.4549624
v -1.17149984 0.83031547 0.45753625
v -1.13913488 0.83073467 0.45847523
v -1.10690069 0.8308413 0.45851978
v -1.07764446 0.82815206 0.45115348
v 1.07874751 0.82821911 0.45164722
v 1.10722637 0.83112931 0.45858359
v 1.1379224 0.83131289 0.45801067
v 1.1726886 0.83090251 0.45435863
v 1.20529711 0.83081483 0.45201289
v 1.23829782 0.8281998 0.45124647
v 1.26921343 0.82513654 0.45234915
v 1.29991912 0.8271023 0.45444005
v 1.32589387 0.82737368 0.45991694
v 1.35453522 0.81268596 0.46142417
v -1.35782647 0.7902618 0.46450263
v -1.32815158 0.7987535 0.46172162
v -1.30166399 0.80110514 0.46459373
v -1.27017486 0.80176389 0.46518781
v -1.23785257 0.8026334 0.46290507
v -1.20572161 0.80433988 0.46140971
v -1.17335319 0.80615305 0.46530193
v -1.14235353 0.81065011 0.4674603
v -1.11013996 0.81128907 0.46829748
v -1.07511043 0.8004952 0.45838147
v 1.07448351 0.79980278 0.45875859
v 1.10863733 0.81018364 0.46762171
v 1.13904452 0.80992251 0.4670282
v 1.17367458 0.80698287 0.46287477
v 1.20668506 0.80494594 0.45927357
v 1.2368015 0.80264806 0.45837432
v 1.26753592 0.79795217 0.4614951
v 1.30403876 0.79545557 0.46271878
v 1.32855904 0.79974919 0.45658367
v 1.35714888 0.79405432 0.45452421
v 1.3810594 0.78541386 0.46077036
v -1.38683271 0.76284158 0.4647237
v -1.3597188 0.77001756 0.46285176
v -1.33197927 0.78093147 0.47001937
v -1.0491507 0.76701498 0.45774245
v 1.04954469 0.76657176 0.45910054
v 1.33043754 0.77928674 0.46530577
v 1.36428976 0.76595914 0.46134498
v 1.38836765 0.7624076 0.45746174
v 1.41274428 0.75427144 0.46214038
v -1.43882012 0.71805024 0.46266239
v -1.41944527 0.72883892 0.46187818
v -1.3969171 0.73938047 0.46184027
v -1.04343521 0.73769587 0.45808786
v 1.0441631 0.73696851 0.45845875
v 1.39704287 0.73844647 0.46431252
v 1.42154049 0.72979915 0.4587621
v 1.4444766 0.72327232 0.45967
v -1.45130777 0.70018255 0.45775741
v -1.42637813 0.70686394 0.4607841
v -1.05329871 0.70409691 0.45643574
v 1.05344426 0.70405876 0.45703682
v 1.4279685 0.70513951 0.46024137
v 1.45215785 0.6975184 0.45234099
v 1.47233486 0.6910898 0.45278272
v -1.47960662 0.66945219 0.45602566
v -1.44904613 0.6731587 0.45874241
v -1.07238149 0.67102325 0.45391699
v 1.07239842 0.6709572 0.45431104
v 1.45288085 0.67386615 0.45366123
v 1.49110126 0.66453462 0.45281255
v -1.50567948 0.63995975 0.46174085
v -1.48787653 0.64309108 0.44343128
v -1.46471118 0.63996005 0.45759069
v -1.1008706 0.63661611 0.45163473
v 1.10093402 0.63638603 0.45181989
v 1.46466994 0.64345228 0.45771205
v 1.50869286 0.63598001 0.45188778
v -1.53101062 0.60006624 0.4580644
v -1.48319041 0.60720461 0.45490145
v -1.16136598 0.60116672 0.44360783
v -1.13245654 0.60879433 0.4527027
v 1.13262987 0.60842537 0.45268303
v 1.16115522 0.60078227 0.44357585
v 1.48105728 0.61485493 0.45549452
v 1.52030718 0.60516005 0.45192664
v -1.5447005 0.56937325 0.45620885
v -1.50303149 0.58216548 0.4529308
v -1.17064094 0.57562971 0.4502635
v 1.16978037 0.57540559 0.45140349
v 1.50396716 0.58285498 0.45510578
v 1.52896642 0.57575333 0.45308822
v -1.57165789 0.53817683 0.44972485
v -1.55060195 0.54426825 0.45634686
v -1.53402268 0.55114495 0.44899439
v -1.19360303 0.54465109 0.43965736
v -1.17362344 0.5459544 0.4592958
v 1.17306995 0.54555523 0.46044617
v 1.19326043 0.54448306 0.44047585
v 1.5248363 0.55510008 0.45644864
v 1.54189753 0.54607558 0.45182126
v -1.59741616 0.51281482 0.44709357
v -1.57771122 0.5147897 0.45644095
v -1.55547368 0.52188748 0.45071801
v -1.19483542 0.51625037 0.44614821
v 1.19462919 0.51607823 0.44671404
v 1.54839491 0.51816672 0.44362226
v 1.56411457 0.51449179 0.44634348
v -1.60504138 0.4844073 0.44068476
v -1.57616078 0.49653667 0.45005729
v -1.18771624 0.48946797 0.44783091
v 1.18750155 0.48948893 0.44812464
v 1.57782125 0.48630687 0.44055247
v -1.16679418 0.45533147 0.44932529
v 1.16611719 0.45543354 0.45038643
v 1.58428049 0.46601116 0.44078099
v 1.60131311 0.45648139 0.4340572
v -1.15336859 0.42054793 0.4505501
v 1.15332889 0.42074704 0.45070612
v -1.15575242 0.38549402 0.44631362
v 1.15577292 0.38506594 0.44675892
v -1.15974021 0.35781478 0.44769167
v 1.15980839 0.35556227 0.44853559
v -1.16247224 0.33098948 0.44862353
v 1.1628474 0.32819497 0.44794669
v -1.16443049 0.30006766 0.44828629
v 1.16454684 0.29931932 0.44799959
v -1.16539573 0.26859557 0.44801515
v 1.1653651 0.26865363 0.44812387
v -1.16531968 0.23800799 0.44782465
v 1.16528439 0.23808401 0.44794783
v -1.16442751 0.20645469 0.44646519
v 1.16442799 0.20659019 0.4464482
v -1.16279459 0.17494353 0.44547116
v 1.16273546 0.17487087 0.44568717
v -1.16130137 0.14471638 0.4446623
v 1.16093373 0.14360956 0.44612109
v -1.15973949 0.11180641 0.44423487
v 1.15973448 0.11186178 0.44444817
v -1.1544528 0.07870413 0.4437735
v 1.15436434 0.07885307 0.44366139
v -1.13705158 0.04667127 0.45086965
v 1.13604688 0.04618448 0.45094162
v -1.10846102 0.0186274 0.45304137
v 1.10768079 0.01831785 0.4534651
v -1.07514452 -0.00497787 0.44559955
v -1.04348838 -0.0189039 0.44753879
v 1.04359829 -0.01870405 0.44794225
v 1.07738256 -0.00340402 0.44713157
v -1.01499939 -0.0304583 0.44629743
v -0.98376894 -0.04121701 0.44739034
v -0.95239937 -0.05177651 0.44679695
v 0.95245832 -0.05173293 0.44670784
v 0.98373925 -0.04117439 0.44738376
v 1.01475405 -0.03058176 0.44612616
v -0.9209361 -0.06225231 0.44670239
v -0.88952583 -0.07383176 0.44925063
v 0.89018499 -0.07386998 0.44841522
v 0.921301 -0.06224228 0.44624
v -0.8541094 -0.09192463 0.45123785
v -0.82259428 -0.11412023 0.45376712
v 0.82257473 -0.11429518 0.45325696
v 0.85450273 -0.09204641 0.45047071
v -0.79358327 -0.14146429 0.45679542
v 0.79339307 -0.14160919 0.45653891
v -0.76390337 -0.16931229 0.45632293
v 0.76371979 -0.16936051 0.45618936
v -0.73194199 -0.18945583 0.45421004
v -0.69611096 -0.20510351 0.45193651
v 0.69473552 -0.20521248 0.45304748
v 0.73137259 -0.18955119 0.45417538
v -0.66428482 -0.21891048 0.45186898
v -0.63749575 -0.23357184 0.44916391
v 0.64022767 -0.23182705 0.44941473
v 0.66496062 -0.21753726 0.45496746
v -0.60660296 -0.25144088 0.44757807
v -0.5791378 -0.26757717 0.45133668
v 0.57917285 -0.26746285 0.45113992
v 0.6071524 -0.25105297 0.44709056
v -0.54222917 -0.29243445 0.45624887
v 0.54271847 -0.29200923 0.45670384
v -0.5066092 -0.31758686 0.46079373
v -0.47953796 -0.33708944 0.45585244
v 0.47934079 -0.33684518 0.45654192
v 0.50698316 -0.31735408 0.46070832
v -0.45281696 -0.3575927 0.44967454
v 0.45101901 -0.3583123 0.45008632
v -0.41449666 -0.37882804 0.45491278
v 0.38916558 -0.39608931 0.45193219
v 0.41867101 -0.37935203 0.44928884
v -0.38438165 -0.40243214 0.44908469
v -0.35572636 -0.41780415 0.45151305
v 0.35791906 -0.41657084 0.45165613
v -0.32065874 -0.44855874 0.44324588
v 0.32029587 -0.44884586 0.4431312
v -0.29038661 -0.48095935 0.44044739
v -0.2614609 -0.48205927 0.45625412
v 0.26134899 -0.48209449 0.45623812
v 0.29025155 -0.4810031 0.44042658
v -0.26300275 -0.51551073 0.44660332
v -0.23328027 -0.51483809 0.46215027
v 0.23321467 -0.51485711 0.46213236
v 0.26291635 -0.51553618 0.4465875
v -0.26095065 -0.54521596 0.44239294
v -0.23224753 -0.54558634 0.4577949
v 0.2322151 -0.5455991 0.45776704
v 0.26088964 -0.54523235 0.44236815
v -0.25889813 -0.5768646 0.43689709
v -0.23136845 -0.57820701 0.4514755
v -0.20009549 -0.57788729 0.46195834
v 0.20012196 -0.57790255 0.46192008
v 0.23136401 -0.57821565 0.45143854
v 0.25885763 -0.57686317 0.43686923
v -0.23158383 -0.61145877 0.44504225
v -0.19943557 -0.61322951 0.45746144
v 0.19947294 -0.61324566 0.45741879
v 0.23158302 -0.6114608 0.44500741
v -0.2317174 -0.64435148 0.44289216
v -0.19904293 -0.64364677 0.45715519
v 0.19905611 -0.64365923 0.45712137
v 0.23164227 -0.64432656 0.44291228
v -0.23137304 -0.67396098 0.44399932
v -0.19807179 -0.67018359 0.45937508
v 0.19798708 -0.67017173 0.45939815
v 0.23141433 -0.67398595 0.44392225
v -0.22963881 -0.70146656 0.44697594
v -0.19897413 -0.6990022 0.46175414
v 0.19894352 -0.69902688 0.46170854
v 0.2303694 -0.70175969 0.44635248
v -0.22966226 -0.73053371 0.44818481
v -0.19963043 -0.73100352 0.46350872
v 0.19949552 -0.73102152 0.46349155
v 0.22957435 -0.73052787 0.44820621
v -0.2297396 -0.76183706 0.44730961
v -0.19952096 -0.76346838 0.46325057
v 0.19935452 -0.7634865 0.46324861
v 0.22972393 -0.76191449 0.44717064
v -0.22778663 -0.79192256 0.44444412
v -0.19798141 -0.79371058 0.4604313
v 0.19776834 -0.79372483 0.46045106
v 0.22765143 -0.79194128 0.44444435
v -0.22491276 -0.82024371 0.43718141
v -0.19555264 -0.81991058 0.4545803
v 0.19531697 -0.81992602 0.45459955
v 0.22474473 -0.82025122 0.43720898
v -0.20078754 -0.8497833 0.43568271
v -0.16920284 -0.8500697 0.45108932
v 0.16881999 -0.85010343 0.45110154
v 0.20054817 -0.84978699 0.43571773
v -0.13871374 -0.88242352 0.43996146
v -0.10641653 -0.88450574 0.45043289
v -0.08097377 -0.89442527 0.44912529
v 0.07905179 -0.89447355 0.44916981
v 0.10594884 -0.88482409 0.45006823
v 0.13808825 -0.8824777 0.43996852
v -0.05014229 -0.90629577 0.44408536
v -0.01552132 -0.91020977 0.44373863
v 0.0196213 -0.91016709 0.44364303
v 0.04891565 -0.90630686 0.44409245
v -0.39434862 1.2219398 0.4247272
v -0.36377418 1.22643065 0.42555937
v -0.33161839 1.23103249 0.42291522
v -0.29729265 1.23521232 0.42435431
v -0.26277142 1.23827624 0.42846679
v -0.23046748 1.24022233 0.42878207
v -0.1977231 1.24110484 0.42502874
v -0.16501075 1.24026799 0.42513644
v -0.13316217 1.23812449 0.42865335
v -0.10546006 1.23598527 0.4301064
v -0.08044432 1.23439073 0.429131
v -0.05242898 1.2327938 0.42950677
v -0.02115262 1.23163259 0.42955753
v 0.01052526 1.23118937 0.42943441
v 0.04138935 1.23162412 0.42928785
v 0.0717235 1.23296845 0.42937547
v 0.1021123 1.23501908 0.42993474
v 0.13289672 1.23776793 0.42718553
v 0.16562373 1.24113488 0.41598892
v 0.19915825 1.24220514 0.41551613
v 0.23213765 1.24062609 0.42542862
v 0.26332253 1.23821091 0.42886033
v 0.29774284 1.23509979 0.42483568
v 0.3321951 1.23100042 0.42267245
v 0.36356246 1.22647428 0.42548191
v 0.39303156 1.2221713 0.42480167
v -0.53814595 1.18647313 0.42143356
v -0.50796401 1.19593513 0.42419323
v -0.47971555 1.20340573 0.42682749
v -0.4527263 1.21011412 0.42709338
v -0.42517036 1.21615231 0.42624032
v 0.42077273 1.21706414 0.42595318
v 0.44796216 1.21109128 0.42707607
v 0.48130136 1.20293951 0.42688417
v 0.51094269 1.19496798 0.4257442
v 0.53966933 1.18612718 0.42194962
v -0.6006838 1.16080331 0.41811272
v -0.57121169 1.17382454 0.42154091
v 0.57212305 1.17377245 0.41976425
v 0.60407501 1.15902018 0.41923847
v -0.63942486 1.14066577 0.41789588
v 0.63874483 1.14117622 0.41658437
v 0.6696915 1.12523984 0.41365224
v -0.72571122 1.09314322 0.41706377
v -0.70051139 1.10791564 0.41747564
v -0.6729176 1.12284326 0.41652736
v 0.69870847 1.11040222 0.4179939
v 0.72563427 1.09614682 0.41877347
v -0.75587689 1.07123231 0.42175555
v 0.76240289 1.07258486 0.41902476
v -0.78907465 1.04138875 0.42401987
v 0.79465174 1.04673337 0.41717425
v -0.82052856 1.00917458 0.42363765
v 0.82565718 1.01702237 0.41458225
v -0.85284185 0.97698104 0.4219346
v 0.85995131 0.98237371 0.41874119
v -0.94912958 0.93637073 0.4269692
v -0.91684532 0.94317519 0.42435669
v -0.88517999 0.95394206 0.42307567
v 0.89317143 0.95628416 0.42012998
v 0.92107927 0.94511282 0.42688018
v 0.94782483 0.94074267 0.43111515
v 0.97631108 0.93487727 0.43648842
v -1.01168859 0.90784859 0.43496921
v -0.98231494 0.92165362 0.42674192
v 0.98218315 0.91703927 0.41805172
v 1.00801634 0.91525965 0.43631672
v -1.03822803 0.88566637 0.43842339
v -1.01332664 0.88506794 0.41659155
v 1.01459717 0.88830244 0.4225654
v -1.0419867 0.85527229 0.42964828
v 1.04538571 0.85925269 0.43483948
v -1.04149854 0.82408368 0.42461922
v 1.04279661 0.82687783 0.42739409
v -1.04134535 0.79466623 0.42502868
v 1.04073655 0.79496502 0.42564284
v -1.03802204 0.7640416 0.42731684
v 1.03878712 0.76213878 0.42943051
v -1.04371488 0.7352125 0.42619332
v 1.04485106 0.73211073 0.42640674
v -1.05989384 0.69978785 0.42239069
v 1.060256 0.6986432 0.42246884
v -1.0815978 0.66915196 0.42198592
v 1.08165216 0.66891342 0.42227917
v 1.48228263 0.66366845 0.43882662
v -1.13898563 0.62714397 0.4237678
v -1.10735511 0.64530825 0.42184484
v 1.10749864 0.64508092 0.42197379
v 1.13922262 0.62700045 0.42332667
v 1.48480093 0.64360529 0.43604308
v 1.49991166 0.64014506 0.43563705
v -1.52369368 0.61113411 0.44264376
v -1.49974346 0.60808622 0.43548342
v -1.1694597 0.60985553 0.42038136
v 1.16759717 0.60978013 0.42168563
v 1.49604511 0.61492264 0.43512022
v 1.51107811 0.60998648 0.43535548
v -1.54283833 0.57627373 0.43577435
v -1.5215168 0.5715211 0.43622317
v -1.18975663 0.57134342 0.42614114
v 1.18963837 0.57480073 0.42134702
v 1.5199784 0.5777896 0.4357846
v -1.57159817 0.54042899 0.42391747
v -1.54429006 0.54643565 0.42997878
v -1.20245599 0.5445615 0.42173966
v 1.20228529 0.54407626 0.4226641
v 1.53020072 0.54768961 0.43485164
v 1.54701113 0.53808242 0.42986854
v -1.60530757 0.50807106 0.42173874
v -1.55767047 0.51749479 0.42351341
v -1.20950901 0.51473951 0.42233207
v 1.2092905 0.51441371 0.4230408
v 1.55112814 0.51636517 0.4233146
v 1.57369494 0.51045036 0.42339643
v -1.63022756 0.47382238 0.42205762
v -1.57540893 0.48725953 0.42457434
v -1.20681417 0.48931917 0.41979187
v 1.2059822 0.48921489 0.4209837
v 1.56370222 0.48929762 0.42660456
v 1.59269261 0.48071402 0.42214834
v -1.6584227 0.44280251 0.41492304
v -1.63625419 0.44948485 0.42236918
v -1.61174094 0.45795962 0.42291677
v -1.18809473 0.45721125 0.41723659
v 1.18593001 0.4569562 0.42062646
v 1.58087396 0.45755291 0.42268455
v 1.61594843 0.44748717 0.42183095
v -1.68448424 0.41900536 0.40960678
v -1.66731953 0.42090597 0.41506192
v -1.64270126 0.42701396 0.41519656
v -1.16686046 0.42409953 0.42185074
v 1.16618108 0.42418259 0.42275041
v 1.60820889 0.42770397 0.42029392
v 1.63701391 0.41600778 0.41642177
v -1.69880735 0.39538946 0.40494191
v -1.67371535 0.39965307 0.4088287
v -1.65961039 0.40190294 0.4085398
v -1.1620804 0.38851699 0.41924029
v 1.16206598 0.38871544 0.41942161
v 1.62054538 0.4011287 0.41170549
v 1.64378213 0.39239221 0.41164648
v 1.6724298 0.38896152 0.41033488
v 1.69083786 0.37909597 0.40656337
v -1.16508603 0.35718762 0.41747546
v 1.16507101 0.35668963 0.41797235
v 1.67238533 0.37647244 0.40834206
v -1.16824245 0.32637924 0.41744369
v 1.16836619 0.32558909 0.41716933
v -1.17040371 0.29430785 0.41610205
v 1.17039346 0.29436856 0.41615033
v -1.17133736 0.263498 0.41502028
v 1.17130255 0.26364082 0.41517579
v -1.17084479 0.23385283 0.41634118
v 1.17082238 0.23390598 0.41646581
v -1.16948509 0.2026253 0.41700378
v 1.1694709 0.20269575 0.41709339
v -1.16745126 0.16964194 0.4174923
v 1.16747045 0.16984027 0.41745325
v -1.16573333 0.13759423 0.41698095
v 1.16571724 0.13766582 0.41711542
v -1.16437053 0.10699886 0.41665166
v 1.16441834 0.1072427 0.41659694
v -1.16047644 0.0774693 0.41639059
v 1.1604278 0.07757994 0.41644346
v -1.14773297 0.04769566 0.42010301
v 1.14732742 0.04749765 0.42008495
v -1.12598347 0.02058281 0.42044121
v 1.12574052 0.02009932 0.41937619
v -1.09738326 -0.00145934 0.4192866
v -1.07676482 -0.01447466 0.41556441
v 1.07853245 -0.01300156 0.41677063
v 1.09907841 -0.00107843 0.41750413
v -1.04684805 -0.02879547 0.41337361
v -1.01706028 -0.04042108 0.41426885
v -0.98483258 -0.05155923 0.41529506
v 0.9847908 -0.05151216 0.41530811
v 1.01707363 -0.04034515 0.41430258
v 1.04714989 -0.02831258 0.41405493
v -0.95316827 -0.06191257 0.41584461
v -0.92471563 -0.0705235 0.41856873
v -0.89357781 -0.08245503 0.4198504
v 0.89370894 -0.08244186 0.41956883
v 0.92474746 -0.07048814 0.41844523
v 0.95309805 -0.06186904 0.41586014
v -0.85387069 -0.10233697 0.42046994
v 0.85384976 -0.10237076 0.42020678
v -0.81866502 -0.1246737 0.42199435
v -0.790717 -0.14925879 0.42469495
v 0.79037648 -0.14937415 0.42469
v 0.81846594 -0.12477379 0.42173034
v -0.76601564 -0.17455086 0.42619526
v 0.76563495 -0.1746836 0.42598432
v -0.73494565 -0.19827808 0.42390942
v 0.73357731 -0.19876101 0.42362815
v -0.69845992 -0.21685752 0.42046958
v -0.66804933 -0.22923195 0.4203093
v -0.64077186 -0.24178484 0.41888883
v 0.64490759 -0.23957347 0.41880297
v 0.6690166 -0.22839169 0.42108258
v 0.69595152 -0.21778994 0.42022827
v -0.60986632 -0.25726026 0.41792807
v -0.58142429 -0.27144557 0.42174693
v 0.58025252 -0.27189081 0.42161059
v 0.61127197 -0.25639867 0.41775187
v -0.54899084 -0.29058015 0.42497891
v 0.54786217 -0.29111093 0.4248124
v -0.51072442 -0.31681758 0.42587524
v 0.51106268 -0.31660866 0.42562055
v -0.47657322 -0.34253263 0.42043414
v -0.45008373 -0.36444187 0.41671204
v 0.44958573 -0.36474525 0.41534003
v 0.47700214 -0.34217256 0.42046445
v -0.41978931 -0.38900604 0.41998481
v 0.41905504 -0.39048942 0.41430988
v -0.38556477 -0.41886067 0.41803014
v 0.38691026 -0.4168826 0.41766798
v -0.35402229 -0.44454363 0.42066136
v 0.35428002 -0.44452342 0.42049962
v -0.32283049 -0.48436528 0.41215699
v 0.32261937 -0.4844487 0.41213446
v -0.29465803 -0.51273667 0.4223915
v 0.29453763 -0.51277947 0.42236459
v -0.29210728 -0.54286718 0.41545176
v 0.29200395 -0.54290455 0.41541367
v -0.28686907 -0.57677042 0.41258877
v 0.28679329 -0.57676583 0.41256278
v -0.28610914 -0.61051058 0.4082022
v -0.26195949 -0.60913628 0.42809906
v 0.26190269 -0.60911893 0.42808711
v 0.28604555 -0.61048191 0.40818464
v -0.2853527 -0.64370429 0.4072631
v -0.26435008 -0.6428309 0.42379128
v 0.26434427 -0.64283072 0.42373892
v 0.28527191 -0.64368069 0.40724828
v -0.28632545 -0.67512708 0.40729379
v -0.26577973 -0.67538076 0.42348
v 0.26650846 -0.6756578 0.42286133
v 0.28623271 -0.67506158 0.40736007
v -0.28834027 -0.70669961 0.40644735
v -0.26413208 -0.70606535 0.42588052
v 0.26568263 -0.70655196 0.42483776
v 0.28726968 -0.70596432 0.40786498
v -0.26538646 -0.73451423 0.4245463
v 0.26429012 -0.73381584 0.42599844
v 0.29121857 -0.7325077 0.40310877
v -0.26588136 -0.76493585 0.42210102
v 0.265675 -0.76485872 0.42224532
v -0.26374185 -0.7953664 0.41870054
v 0.26376739 -0.79545128 0.41854959
v -0.26052153 -0.82541137 0.41013249
v 0.26040202 -0.82541924 0.41014641
v -0.2299427 -0.8539524 0.41446647
v 0.22978562 -0.85395801 0.41448432
v -0.20112241 -0.88185656 0.40896892
v -0.16904549 -0.88733911 0.42016321
v -0.142484 -0.89882898 0.42051172
v 0.14188802 -0.89882844 0.42056247
v 0.16861406 -0.88734483 0.42021024
v 0.20083791 -0.88190913 0.408948
v -0.11050497 -0.90694767 0.42307382
v -0.08007623 -0.91341465 0.42517343
v -0.04966842 -0.92274576 0.4198001
v -0.01459486 -0.92655313 0.41827082
v 0.02037991 -0.92634248 0.41831338
v 0.04980049 -0.92256546 0.41990181
v 0.0781894 -0.91345495 0.42521822
v 0.10938544 -0.90701913 0.42307838
v -0.42411387 1.22012889 0.39363706
v -0.3934341 1.22530627 0.39343941
v -0.36164313 1.2297554 0.39168831
v -0.32805568 1.23447156 0.38757914
v -0.29401314 1.23865437 0.39095643
v -0.26170104 1.24164795 0.39702341
v -0.23048877 1.24365043 0.39659598
v -0.19777463 1.24476313 0.38914853
v -0.16487295 1.24392461 0.38950771
v -0.13473905 1.24169611 0.39538246
v -0.10880224 1.23960995 0.39785701
v -0.08326137 1.23779416 0.39785498
v -0.05299361 1.23601818 0.39789655
v -0.02025825 1.23472857 0.39785522
v 0.01176429 1.23423767 0.39778643
v 0.04236522 1.23470771 0.39773502
v 0.07237179 1.23618078 0.3977555
v 0.10255292 1.23839271 0.3982163
v 0.13355267 1.2410984 0.396241
v 0.16573247 1.24418985 0.38460725
v 0.1983252 1.24515414 0.38482272
v 0.23119682 1.24370849 0.39598813
v 0.26172822 1.24163103 0.39744538
v 0.29378598 1.23867833 0.3910622
v 0.32785397 1.23450684 0.38753449
v 0.36160597 1.22973704 0.39175006
v 0.39354974 1.22526598 0.39324575
v 0.42097175 1.22077524 0.39335721
v -0.53912091 1.19020295 0.38936108
v -0.5100311 1.19888448 0.39291331
v -0.48018416 1.20704758 0.39409965
v -0.45284938 1.21403706 0.3937124
v 0.44613659 1.21533227 0.39484906
v 0.4815455 1.20660114 0.39432662
v 0.51399588 1.19776129 0.3930549
v 0.54122912 1.18961143 0.38952916
v -0.60502994 1.16329455 0.38701963
v -0.5731045 1.17761898 0.3889468
v 0.57338923 1.17780637 0.38683527
v 0.60535723 1.16319513 0.38592004
v -0.67167854 1.12562131 0.39130997
v -0.63910603 1.14427852 0.39070558
v 0.6390782 1.14525008 0.38565319
v 0.6713556 1.12843537 0.38435164
v -0.70688712 1.10521006 0.39239519
v 0.70418667 1.11182808 0.38865131
v 0.73224806 1.09746515 0.38961803
v -0.76094448 1.06829619 0.39381331
v -0.73548042 1.08755016 0.39235717
v 0.76382637 1.07825565 0.38796892
v 0.78886723 1.05896163 0.38396984
v -0.79100561 1.03962314 0.39089727
v 0.81478548 1.0335586 0.3864842
v -0.82265502 1.00583255 0.389656
v 0.83280193 1.01340627 0.39274102
v -0.85274237 0.973302 0.38741385
v 0.86004316 0.98376327 0.39312154
v -0.88531398 0.94583547 0.3950704
v 0.89444506 0.95066189 0.39089745
v -0.95098829 0.90946328 0.3945868
v -0.91859149 0.92602288 0.39451956
v 0.9270792 0.92684531 0.39205324
v 0.95560687 0.9156205 0.39912635
v -0.98352658 0.89030277 0.39631915
v 0.98132991 0.88761866 0.39268869
v -1.00944852 0.85884892 0.39925772
v 1.01053965 0.85763633 0.40427091
v -1.01054978 0.83095628 0.3909021
v 1.01118648 0.82942473 0.39328175
v -1.01906824 0.80019587 0.39419084
v 1.01708436 0.79930251 0.39031833
v -1.02925086 0.76839023 0.39906063
v 1.02877521 0.76760721 0.39942342
v -1.04270744 0.73667299 0.39644518
v 1.04307222 0.73547911 0.39681899
v -1.06543982 0.69605791 0.39195457
v 1.06551957 0.69582045 0.39223831
v -1.09662413 0.65898424 0.39473509
v 1.09659957 0.65894025 0.39520561
v -1.16328883 0.62838256 0.3941425
v -1.13480973 0.64109301 0.39286813
v 1.13498592 0.64099049 0.39313697
v 1.16468477 0.62678515 0.39180168
v -1.18078494 0.61063867 0.39497101
v 1.18770253 0.6001724 0.38814902
v -1.19559264 0.58050859 0.39479315
v 1.19741833 0.57813096 0.39074385
v -1.20958757 0.54570698 0.3929888
v 1.20998454 0.54422318 0.39345926
v -1.578323 0.51314264 0.40181085
v -1.21968984 0.51392686 0.39163076
v 1.21967649 0.513345 0.39229214
v 1.57109689 0.50297743 0.40792822
v -1.63406002 0.46838164 0.39972597
v -1.60762786 0.49007004 0.40050375
v -1.58479273 0.48589029 0.4036313
v -1.21827817 0.48902404 0.38785082
v 1.21777343 0.48882198 0.38929295
v 1.57909238 0.48381042 0.40672439
v -1.66015791 0.44252279 0.39458924
v -1.63735675 0.44942018 0.39346358
v -1.61411047 0.45949083 0.39935204
v -1.20032405 0.45582708 0.38505405
v 1.19853544 0.45495051 0.38869476
v 1.59024977 0.45719081 0.40110462
v 1.60868465 0.45405924 0.4050264
v -1.69305861 0.41494858 0.3904024
v -1.67049574 0.42264777 0.38636839
v -1.64481282 0.42678451 0.39536637
v -1.17794275 0.42394202 0.3927676
v 1.17730307 0.4233033 0.39334762
v 1.61233305 0.42458123 0.39921814
v 1.63684666 0.41551476 0.39782673
v -1.72011315 0.39041748 0.39085704
v -1.66943538 0.39552536 0.39499953
v -1.16894745 0.389638 0.39166343
v 1.16892623 0.38964813 0.39153254
v 1.6225506 0.40133997 0.39849036
v 1.64468717 0.39200988 0.39781129
v 1.67194199 0.38804027 0.39888599
v 1.69038057 0.37877994 0.40162599
v -1.72274613 0.37421086 0.38714119
v -1.70059239 0.38040393 0.39124512
v -1.17020094 0.35809373 0.38697823
v 1.17019581 0.35822624 0.38714942
v 1.67236137 0.37586462 0.39959126
v 1.68761825 0.37283748 0.40383824
v -1.17320776 0.32717686 0.38541072
v 1.17320263 0.32720527 0.38547802
v -1.17526745 0.29543569 0.38455313
v 1.17524218 0.29548323 0.38469427
v -1.17602884 0.26375204 0.38464739
v 1.1760199 0.26371347 0.38475194
v -1.17531895 0.23204566 0.38754439
v 1.17531335 0.2320292 0.38762846
v -1.17383241 0.20057487 0.38936397
v 1.17382288 0.20062878 0.38946667
v -1.17181658 0.16889579 0.39013004
v 1.17180991 0.16905546 0.39024424
v -1.16994202 0.13854892 0.39046245
v 1.16994404 0.13872745 0.39053261
v -1.16827344 0.10850334 0.39119884
v 1.1683042 0.10862794 0.39111277
v -1.16538047 0.07901233 0.39005124
v 1.16541242 0.07919442 0.39013153
v -1.15635478 0.04993878 0.38943252
v 1.15631222 0.05005718 0.38943445
v -1.13711118 0.02026599 0.38982504
v 1.13704752 0.02024069 0.38971406
v -1.10916614 -0.0051123 0.38784709
v -1.08176362 -0.02170917 0.38575348
v 1.08226108 -0.02111976 0.38646394
v 1.10958814 -0.00509191 0.38706788
v -1.04962158 -0.0375974 0.38280853
v -1.01576709 -0.05149021 0.38227105
v 1.01573538 -0.05147743 0.38220244
v 1.04965126 -0.03747822 0.38295459
v -0.98140835 -0.06332871 0.38342368
v -0.95081245 -0.07230135 0.38730588
v -0.92463946 -0.0800044 0.39111948
v 0.92452943 -0.07996224 0.39113345
v 0.95071286 -0.07225687 0.38734102
v 0.9813528 -0.06328456 0.38343697
v -0.89376974 -0.09247823 0.39000231
v -0.85443586 -0.11167871 0.38956296
v 0.85422253 -0.11170049 0.3894428
v 0.89366072 -0.0924389 0.38996928
v -0.81816506 -0.13278308 0.39136815
v 0.81764447 -0.13291734 0.39149642
v -0.78577578 -0.15597811 0.39296028
v -0.76138103 -0.17698167 0.39429605
v 0.76159417 -0.17668388 0.39409399
v 0.78518354 -0.15587252 0.39411008
v -0.73223197 -0.20012176 0.39397436
v 0.73083859 -0.20076066 0.39344844
v -0.69667351 -0.22328972 0.39109087
v -0.66826546 -0.23909413 0.38997164
v 0.6675359 -0.23978939 0.38871699
v 0.69338291 -0.22501704 0.39009171
v -0.63748866 -0.25517922 0.38861802
v -0.60532426 -0.27083849 0.38764578
v 0.60836923 -0.26925018 0.38805013
v 0.6411522 -0.25341296 0.38841125
v -0.57760763 -0.28345397 0.38939788
v -0.54940331 -0.29741561 0.39222002
v 0.54488825 -0.29934686 0.39296466
v 0.57535934 -0.28437525 0.38985407
v -0.51406943 -0.3194637 0.39253988
v 0.51320219 -0.31968599 0.39260223
v -0.4761511 -0.3476679 0.38751035
v 0.47646468 -0.34744095 0.3873927
v -0.44359895 -0.3753705 0.38191127
v 0.44381809 -0.37521061 0.38169074
v -0.41188123 -0.40484198 0.38304111
v 0.41167977 -0.40521922 0.38111656
v -0.37921625 -0.4404498 0.38396588
v 0.3795427 -0.43999987 0.38404434
v -0.35182333 -0.47862213 0.38173919
v 0.35164538 -0.47874546 0.38175255
v -0.32528311 -0.5121957 0.39025408
v 0.32511735 -0.51230514 0.39019078
v -0.31692808 -0.54265421 0.38652718
v 0.31681007 -0.54262155 0.38652902
v -0.30635193 -0.57732701 0.38926023
v 0.30623424 -0.5773859 0.38920992
v -0.30159264 -0.61026567 0.38908648
v 0.30150091 -0.61022174 0.38910251
v -0.29974091 -0.64151179 0.38917058
v 0.29964295 -0.64142656 0.38923376
v -0.30064714 -0.67195892 0.3893364
v 0.30069536 -0.6719461 0.38916921
v -0.30338573 -0.70322978 0.38834244
v 0.30337041 -0.7033528 0.38816559
v -0.31274703 -0.73152875 0.3766945
v -0.29592213 -0.73505055 0.39774125
v 0.31072378 -0.7309612 0.37911224
v -0.29946407 -0.7655431 0.39099615
v 0.29762834 -0.76456177 0.39302307
v -0.29619485 -0.79644817 0.38876122
v 0.29602038 -0.79635804 0.38889175
v -0.2918652 -0.82663142 0.38135027
v 0.29178479 -0.82664942 0.38135495
v -0.26287919 -0.85882628 0.38673824
v 0.26274249 -0.85883331 0.38676711
v -0.22869211 -0.88634377 0.38625866
v -0.20429649 -0.89789938 0.38859409
v 0.20406347 -0.89790284 0.38864028
v 0.22832204 -0.88646364 0.38616925
v -0.17675311 -0.90848124 0.38945499
v -0.14620843 -0.91577476 0.39349782
v -0.11354377 -0.92412591 0.39411521
v -0.08158813 -0.93050426 0.39472731
v 0.08090974 -0.93042081 0.39481705
v 0.11229512 -0.92420989 0.39408844
v 0.14544521 -0.91584992 0.3935368
v 0.17618867 -0.9086467 0.38931393
v -0.04724843 -0.93840163 0.38891601
v -0.01054259 -0.94208371 0.38627433
v 0.02231548 -0.9416486 0.38643634
v 0.05199305 -0.93781179 0.38918721
v -0.4259867 1.22213029 0.36196872
v -0.39394819 1.22639489 0.36073422
v -0.36000108 1.23038315 0.35838174
v -0.32552158 1.23504328 0.35608565
v -0.29244315 1.23960292 0.35977107
v -0.26128792 1.24315631 0.36593532
v -0.23039092 1.2455703 0.36457622
v -0.19884719 1.24708592 0.35512501
v -0.16863635 1.24672341 0.3548038
v -0.14047582 1.2449882 0.35927879
v -0.11389464 1.24285221 0.3644959
v -0.08510319 1.24061572 0.36620739
v -0.05210053 1.23850643 0.36583519
v -0.01880765 1.23704016 0.36523515
v 0.01305004 1.23645353 0.36511755
v 0.04302658 1.23690319 0.36569315
v 0.07269974 1.2384324 0.36632278
v 0.10271072 1.24073696 0.36644065
v 0.13368614 1.24340283 0.36455935
v 0.16529768 1.24603855 0.35347193
v 0.19682839 1.24695992 0.3540315
v 0.23016029 1.24563074 0.36428868
v 0.26138457 1.24321746 0.3660025
v 0.29229313 1.23965203 0.35975578
v 0.32525405 1.23508977 0.35608714
v 0.35984641 1.23039734 0.35827714
v 0.39390704 1.22641778 0.3601692
v 0.42240434 1.22288918 0.36233228
v 0.44518405 1.21852874 0.36517521
v -0.54151701 1.19224095 0.35821527
v -0.51140999 1.20165932 0.36054164
v -0.48135832 1.21016478 0.36194491
v -0.45426565 1.21688461 0.36233604
v 0.48017969 1.21021485 0.36273145
v 0.51412606 1.20087909 0.36015605
v 0.54331505 1.19156956 0.35938984
v -0.61254859 1.16357588 0.36010685
v -0.57839614 1.17865276 0.36005812
v 0.57863771 1.17848336 0.36033508
v 0.6118443 1.16400313 0.35942608
v -0.67087531 1.12925601 0.36467865
v -0.64232862 1.14668881 0.36411356
v 0.64182865 1.1489129 0.35642653
v 0.67340695 1.13316798 0.35385555
v -0.70556777 1.10777783 0.36478275
v 0.70498108 1.11737394 0.3544836
v 0.73527455 1.10101854 0.35718235
v -0.75880825 1.06955957 0.36222523
v -0.73411357 1.08904337 0.36403676
v 0.76329052 1.08327007 0.35990303
v 0.786722 1.06495034 0.3584803
v -0.79108208 1.03799581 0.3565467
v 0.81321269 1.03954637 0.35965079
v -0.82178747 1.00449538 0.35492268
v 0.83486616 1.01593637 0.36352056
v -0.84212636 0.98148298 0.35640758
v 0.85872018 0.9883995 0.36340439
v -0.88456893 0.93773365 0.3653393
v -0.85930621 0.96251875 0.35954469
v 0.88850784 0.95436316 0.3611662
v -0.91275644 0.91431111 0.36585879
v 0.92021846 0.91996264 0.35810205
v -0.94304823 0.88916337 0.36234045
v 0.95329737 0.88802522 0.36313667
v -0.97607421 0.86034792 0.36329978
v 0.97691702 0.8573938 0.36547565
v -0.98970603 0.83146357 0.358029
v 0.99160409 0.82617765 0.35663217
v -1.00779104 0.80101996 0.36432206
v 1.00715458 0.79821789 0.35472488
v -1.02444458 0.77055949 0.36677217
v 1.02425313 0.76989871 0.36493915
v -1.04280793 0.73794317 0.36454904
v 1.04302644 0.73751986 0.36492374
v -1.06763625 0.69671213 0.3641088
v 1.06769383 0.69653487 0.36432111
v -1.09881889 0.65999198 0.36299347
v 1.09882926 0.65991497 0.36339777
v -1.16597652 0.63376915 0.35975945
v -1.13769161 0.64437949 0.35951957
v 1.13788616 0.64435613 0.36009335
v 1.16620326 0.63407564 0.35897427
v -1.18824768 0.60977792 0.36068618
v 1.18999314 0.60872936 0.35471576
v -1.20245552 0.58037269 0.35956037
v 1.20325017 0.58055096 0.35421007
v -1.21801352 0.54316592 0.35984522
v 1.21829712 0.54283011 0.35935425
v -1.22665286 0.51297962 0.36139482
v 1.22667026 0.51299524 0.36244961
v -1.22271788 0.48736059 0.35980987
v 1.22331976 0.4884836 0.36179655
v -1.20484256 0.45659679 0.35619118
v 1.20460617 0.45645296 0.35878706
v -1.18517947 0.42910277 0.36047697
v 1.18507218 0.42853161 0.36064523
v -1.72335851 0.38052648 0.37854039
v -1.7030605 0.39218887 0.37825244
v -1.6803143 0.40187531 0.37983802
v -1.17471289 0.39517951 0.35976877
v 1.1746335 0.39482468 0.35957008
v -1.17420077 0.36116176 0.35596883
v 1.17418575 0.36105585 0.35605672
v -1.1770277 0.32924747 0.35451918
v 1.17703247 0.32908499 0.35462921
v -1.17928504 0.29721385 0.35394692
v 1.17929554 0.29692974 0.35401409
v -1.18017745 0.26515191 0.35420689
v 1.1801908 0.26485395 0.3542568
v -1.17950916 0.23331672 0.35804447
v 1.17951524 0.2331202 0.35812589
v -1.17808115 0.20274691 0.36085265
v 1.17807722 0.20274832 0.36102175
v -1.17621612 0.17189505 0.36110913
v 1.17620778 0.17190159 0.36121106
v -1.17402863 0.14137214 0.36204072
v 1.17400074 0.14105108 0.36203652
v -1.17196822 0.1095583 0.3623282
v 1.17193937 0.10895207 0.3621388
v -1.16957962 0.07876536 0.35958579
v 1.1694498 0.07857184 0.36077034
v -1.16334796 0.05036253 0.35842603
v 1.16339826 0.050498 0.35830315
v -1.14850187 0.02152066 0.35988995
v 1.14852666 0.02168707 0.35988387
v -1.12582397 -0.00245199 0.36072403
v -1.10423743 -0.01803243 0.35914
v 1.10425889 -0.01799846 0.35907906
v 1.12585985 -0.00237616 0.36072272
v -1.08131146 -0.03263727 0.35251027
v -1.05038356 -0.04741019 0.35131397
v 1.05036044 -0.0473959 0.35125109
v 1.08133006 -0.03253577 0.35263651
v -1.01339626 -0.06274063 0.35079047
v -0.97897958 -0.07374037 0.35455578
v -0.94881898 -0.08178693 0.36018157
v -0.92347925 -0.08968664 0.36262306
v 0.92335766 -0.08964434 0.36263895
v 0.94873261 -0.08174257 0.36019468
v 0.97893106 -0.07369173 0.35457032
v 1.01338493 -0.06269187 0.35078316
v -0.89241254 -0.10248609 0.36153286
v 0.89222347 -0.1024718 0.36152148
v -0.85301101 -0.12164585 0.36000064
v -0.8197391 -0.13986666 0.36227354
v 0.81911933 -0.13973362 0.36352667
v 0.85254943 -0.12175498 0.36008381
v -0.78459572 -0.16222423 0.36321181
v -0.75588405 -0.18198254 0.36281621
v 0.76144933 -0.17810696 0.36334312
v 0.78621506 -0.16009487 0.36646065
v -0.72778391 -0.2017759 0.3624655
v 0.730129 -0.20034283 0.36161789
v -0.6951183 -0.22418741 0.36009949
v -0.66826152 -0.24223777 0.35868591
v 0.66593736 -0.24365547 0.3577508
v 0.69314044 -0.22528499 0.35937351
v -0.63677275 -0.26207655 0.35855484
v 0.636756 -0.26216599 0.35902071
v -0.60112881 -0.28275415 0.35767459
v -0.57021212 -0.29938548 0.35809749
v 0.57036232 -0.29853326 0.36033862
v 0.60298806 -0.28190416 0.35968512
v -0.5422011 -0.31376409 0.35908693
v -0.51226145 -0.33153051 0.3585678
v 0.51190018 -0.33059752 0.36061346
v 0.53970527 -0.31338298 0.36255425
v -0.47798699 -0.35640671 0.35629561
v 0.47780039 -0.35628128 0.35668778
v -0.44399666 -0.38493239 0.35410046
v 0.44396475 -0.38487348 0.35407763
v -0.41299748 -0.41469281 0.3563461
v 0.41295719 -0.41465759 0.35621789
v -0.38390684 -0.44985052 0.3582493
v 0.38388982 -0.44973772 0.35843241
v -0.36335158 -0.48362034 0.35457903
v 0.36318191 -0.48369377 0.35456365
v -0.34850078 -0.5076766 0.35724571
v 0.34835109 -0.5076214 0.35727214
v -0.33377257 -0.54327189 0.35562157
v 0.33382946 -0.54232454 0.35611534
v -0.32303154 -0.57702064 0.35782951
v 0.32292258 -0.57687485 0.35792535
v -0.31906539 -0.60945504 0.35654845
v 0.31891986 -0.60942888 0.35661551
v -0.31847459 -0.64130389 0.35473221
v 0.31835213 -0.64116847 0.35486376
v -0.31898266 -0.67188936 0.35594514
v 0.3190566 -0.67198485 0.35572367
v -0.31931942 -0.70212119 0.35967075
v 0.31972506 -0.70307958 0.35889548
v -0.32308399 -0.731534 0.35732749
v 0.32264661 -0.73269844 0.35809481
v -0.32075417 -0.75888615 0.36229229
v 0.32037571 -0.75905686 0.36287581
v -0.31863933 -0.79433274 0.35996195
v 0.31863248 -0.79430282 0.3599742
v -0.31540429 -0.82484799 0.35285905
v 0.31524848 -0.82475876 0.35297501
v -0.29348629 -0.85774695 0.35790926
v 0.29327166 -0.85785889 0.35793715
v -0.26276326 -0.88667297 0.35853317
v 0.26243037 -0.88683855 0.35852763
v -0.23516157 -0.9086827 0.35161125
v -0.2049036 -0.91583621 0.35970777
v -0.17644988 -0.92537915 0.36026626
v -0.14726725 -0.93230867 0.36240103
v 0.1471937 -0.93216335 0.36268913
v 0.17750893 -0.92500221 0.36037474
v 0.20711693 -0.91458702 0.36093229
v 0.2348932 -0.90871739 0.35166987
v -0.11530005 -0.93997192 0.3613013
v -0.08208704 -0.94484645 0.36308133
v -0.0459625 -0.94960117 0.36175251
v -0.00951667 -0.95177483 0.36125338
v 0.02263149 -0.95136809 0.3613668
v 0.05319362 -0.94891411 0.36196938
v 0.08429339 -0.94448781 0.363092
v 0.11585418 -0.93984973 0.36110925
v -0.45418822 1.21790361 0.32968592
v -0.42343014 1.22204613 0.33094954
v -0.3896608 1.22507309 0.3292855
v -0.35608393 1.22860515 0.32725441
v -0.32375279 1.23352694 0.32605528
v -0.29322841 1.23871588 0.32760077
v -0.26368767 1.24322044 0.33427479
v -0.23458498 1.24643182 0.33225023
v -0.20493397 1.248564 0.32210153
v -0.17713108 1.24867022 0.32164734
v -0.14705359 1.24724388 0.32444906
v -0.11645259 1.24488341 0.33288389
v -0.08456847 1.24226355 0.33476647
v -0.0503184 1.23985672 0.3314529
v -0.01645725 1.23814702 0.32791748
v 0.01553602 1.23742198 0.32785543
v 0.04475344 1.23782968 0.33112475
v 0.07358678 1.2393347 0.33411392
v 0.10303004 1.24159383 0.33418023
v 0.13369551 1.24420535 0.33248475
v 0.16513574 1.24654161 0.32317769
v 0.19691923 1.24759411 0.32453322
v 0.23151829 1.24632346 0.33212757
v 0.26321911 1.24326348 0.33387279
v 0.29328209 1.23870658 0.32759612
v 0.32362085 1.2335546 0.32600188
v 0.35631179 1.22857248 0.32702601
v 0.39122664 1.22487878 0.3287183
v 0.42450666 1.22207605 0.33125138
v 0.45169395 1.21841859 0.33112818
v -0.54445815 1.19279718 0.32936674
v -0.51461345 1.20281684 0.32949474
v -0.48427355 1.21146202 0.3287661
v 0.48425462 1.21145725 0.32888609
v 0.51531022 1.20266032 0.32909959
v 0.5445761 1.19267118 0.32999503
v -0.61464345 1.1651951 0.33197471
v -0.58185154 1.17900657 0.33221423
v 0.58130049 1.17908406 0.33241587
v 0.61236691 1.16659164 0.33042579
v 0.63874268 1.15484905 0.3240056
v -0.67272996 1.13144552 0.33147424
v -0.64368701 1.14958262 0.33281278
v 0.67165786 1.13936483 0.32085269
v 0.70179563 1.12403845 0.32014721
v -0.72935521 1.09208917 0.3303644
v -0.70382678 1.11046063 0.33048102
v 0.7351495 1.10481357 0.32542893
v -0.75443542 1.07152795 0.3299157
v 0.76138216 1.08745169 0.32988491
v 0.78678441 1.0674113 0.33151447
v -0.78904843 1.03752803 0.32579892
v 0.8144164 1.04134511 0.33177626
v -0.81957858 1.00405573 0.3237361
v 0.83854854 1.01568841 0.33195489
v -0.83972114 0.98096734 0.32313519
v 0.86198604 0.98876738 0.33083182
v -0.86278379 0.95501697 0.32385385
v 0.88811075 0.95728474 0.32924675
v -0.90458345 0.91204726 0.33326703
v -0.8839972 0.93233227 0.32844877
v 0.91660875 0.92184746 0.32749199
v -0.92825734 0.88809132 0.33079433
v 0.94590818 0.88332986 0.3284083
v -0.95614993 0.85822552 0.32752549
v 0.97090971 0.84952569 0.32751238
v -0.98004251 0.83026957 0.32846337
v 0.98946023 0.82399314 0.32431417
v -1.00517463 0.79805243 0.33294984
v 1.00841593 0.79675972 0.32382839
v -1.02562058 0.76900333 0.33345681
v 1.02608799 0.76988637 0.33269679
v -1.04591369 0.73856437 0.33356961
v 1.0460205 0.73865115 0.33414578
v -1.06981205 0.69961863 0.33484196
v 1.06988668 0.69929915 0.33503872
v -1.09956097 0.65954452 0.32838159
v 1.09977841 0.65942835 0.32900607
v -1.16891574 0.62989509 0.32706052
v -1.14098048 0.6403113 0.32686662
v 1.14205372 0.63980048 0.32663753
v 1.16911971 0.63011461 0.32724157
v -1.19041609 0.60443282 0.32678151
v 1.1904 0.60497784 0.32560366
v -1.20267939 0.58008325 0.32614651
v 1.20244193 0.58082789 0.32401898
v -1.21982121 0.54502868 0.33014637
v 1.2196176 0.5447784 0.3304286
v -1.22854447 0.51666438 0.33348867
v 1.22881555 0.51644897 0.33455762
v -1.22203278 0.48842722 0.33299729
v 1.2241702 0.49037444 0.33503443
v -1.202528 0.45700436 0.33058655
v 1.20275378 0.45680809 0.3315851
v -1.18300592 0.42659744 0.3297646
v 1.18297195 0.4265179 0.33005446
v -1.17487454 0.39385014 0.32799246
v 1.17483365 0.39353531 0.32804435
v -1.17653393 0.36074978 0.32510849
v 1.17653763 0.36035513 0.32518273
v -1.18030047 0.32904052 0.324056
v 1.18033349 0.32851362 0.3240894
v -1.18289732 0.29699516 0.32291889
v 1.18292975 0.29636141 0.32296469
v -1.18422794 0.26536089 0.32088691
v 1.1842668 0.26458084 0.32088667
v -1.1838963 0.23538696 0.324175
v 1.1839106 0.23482009 0.3243345
v -1.18255472 0.20629808 0.328426
v 1.18257391 0.20590689 0.32839816
v -1.18050956 0.17515216 0.33058479
v 1.18054485 0.17414179 0.32984781
v -1.17791616 0.14250326 0.3321371
v 1.17781806 0.14057993 0.33180791
v -1.17583417 0.10967487 0.32976955
v 1.17556881 0.10702795 0.3304423
v -1.17364442 0.07849688 0.32681655
v 1.17306733 0.07672831 0.33099171
v -1.16875004 0.04894802 0.32824999
v 1.16864085 0.0485304 0.32909673
v -1.15687656 0.0201612 0.32895046
v 1.15692973 0.02029085 0.32878947
v -1.13319766 -0.00769141 0.32756364
v 1.13323199 -0.00755105 0.32761544
v -1.10325586 -0.02944581 0.32641005
v -1.07746028 -0.04471025 0.32256832
v -1.05012583 -0.05680254 0.32393544
v 1.05015432 -0.05674101 0.32392883
v 1.07748401 -0.04465608 0.32255882
v 1.1032865 -0.02936082 0.32646402
v -1.01434028 -0.07163833 0.32370299
v -0.98002845 -0.08310301 0.3266763
v -0.95029878 -0.09088733 0.33154547
v 0.95021653 -0.09084353 0.33155334
v 0.97996538 -0.08306424 0.32669237
v 1.01433515 -0.07158207 0.32371479
v -0.92532801 -0.09885178 0.33204054
v -0.89498615 -0.1104848 0.33170825
v 0.89471888 -0.11052151 0.33169403
v 0.92520165 -0.09881794 0.33204302
v -0.85982644 -0.12708945 0.33065185
v -0.82804191 -0.14410768 0.33268642
v 0.82907074 -0.1431629 0.33308804
v 0.85947054 -0.12717442 0.33058652
v -0.79044628 -0.16718389 0.33325707
v 0.76990789 -0.18004833 0.33234357
v 0.79747557 -0.16213768 0.33490493
v -0.75598174 -0.18884097 0.33239257
v -0.72971713 -0.20506072 0.33184996
v 0.73872685 -0.19977493 0.33056846
v -0.7014094 -0.22267305 0.32908907
v -0.67165947 -0.24139817 0.32588324
v 0.67089843 -0.24176199 0.32587027
v 0.70292723 -0.22180128 0.32822221
v -0.63900488 -0.26234969 0.32590645
v 0.63779234 -0.26298183 0.3288725
v -0.60097527 -0.28757906 0.32362997
v 0.6002025 -0.2882483 0.32933425
v -0.56882131 -0.30917659 0.32416352
v -0.53971326 -0.32784873 0.32474818
v 0.540259 -0.32583969 0.32974052
v 0.56985676 -0.30789637 0.32850655
v -0.50744807 -0.34982529 0.32229405
v 0.50821936 -0.34822842 0.32589894
v -0.47354161 -0.3761605 0.31938821
v 0.47250816 -0.37657403 0.32065877
v -0.44188916 -0.40311193 0.31967231
v -0.41574284 -0.428088 0.32500568
v 0.41578629 -0.42792064 0.32477057
v 0.4416008 -0.40313011 0.31963557
v -0.39520204 -0.45351055 0.32685437
v 0.39519211 -0.45341646 0.32673299
v -0.37474787 -0.48459866 0.32377782
v 0.37457829 -0.48456296 0.32383289
v -0.35974681 -0.51075065 0.32334521
v 0.35977172 -0.50981271 0.32387501
v -0.34567868 -0.54257917 0.32221609
v 0.34607568 -0.53996229 0.32361677
v -0.33623233 -0.57509189 0.3214049
v 0.33627706 -0.57407009 0.32201471
v -0.33119413 -0.60855662 0.32233774
v 0.3310422 -0.60835635 0.32257318
v -0.3297868 -0.6414709 0.32261717
v 0.32959178 -0.6412546 0.32292667
v -0.33029624 -0.67258954 0.32431444
v 0.3301374 -0.67230069 0.32458227
v -0.33136135 -0.70217192 0.32762134
v 0.3313668 -0.70217073 0.32758408
v -0.33424502 -0.73245251 0.32741582
v 0.33392208 -0.73271387 0.32812184
v -0.33490616 -0.76267552 0.32963854
v 0.33479654 -0.76264882 0.32988345
v -0.33266198 -0.79564988 0.3317011
v 0.33260911 -0.79555088 0.33163636
v -0.32743543 -0.8263725 0.33152419
v 0.32728648 -0.82621693 0.33158528
v -0.31894618 -0.85265231 0.32808667
v 0.31877338 -0.85252809 0.32817161
v -0.29473799 -0.8861038 0.32569074
v 0.29453975 -0.88607066 0.32583031
v -0.25953048 -0.911448 0.32602286
v -0.22888702 -0.92428278 0.32679873
v 0.20265695 -0.93122148 0.33149251
v 0.23103636 -0.92300927 0.32822245
v 0.25915336 -0.91158646 0.32594859
v -0.19432146 -0.93535459 0.32764348
v -0.166094 -0.94309079 0.32803234
v -0.13889727 -0.94746756 0.33154624
v -0.10726437 -0.9526422 0.33252292
v -0.07364779 -0.95674282 0.33312809
v -0.04061426 -0.96003925 0.33142581
v -0.00828797 -0.96124017 0.33117204
v 0.02245249 -0.96085816 0.33121702
v 0.05267177 -0.95905017 0.33152842
v 0.08550007 -0.95536536 0.33305597
v 0.11565494 -0.95146453 0.33219319
v 0.14350041 -0.94612228 0.33247578
v 0.17322439 -0.94057244 0.32945898
v -0.20417749 1.24967217 0.28869813
v -0.41790062 1.21884465 0.30051052
v -0.38385972 1.22143769 0.29838907
v -0.35423612 1.22505497 0.29542997
v -0.32663133 1.23038911 0.29358094
v -0.29861238 1.23644888 0.29243624
v -0.26873683 1.24237155 0.29986125
v -0.23689861 1.2469604 0.29794251
v -0.17731794 1.24957227 0.28895062
v -0.14728286 1.24785661 0.29230177
v -0.11530087 1.24533224 0.30155673
v -0.08337119 1.24255526 0.3026902
v -0.04978742 1.23996186 0.29771763
v -0.01471413 1.23796367 0.29119819
v 0.01886534 1.23711216 0.29123142
v 0.04843299 1.23748302 0.29708918
v 0.07599651 1.23882627 0.30164957
v 0.10401895 1.24083781 0.30126631
v 0.13441386 1.24338805 0.30046618
v 0.16745895 1.24572658 0.29464405
v 0.20238131 1.24715304 0.29666525
v 0.23815327 1.24589598 0.30048084
v 0.27002593 1.24190425 0.30009818
v 0.29959723 1.23611545 0.29294678
v 0.32670122 1.23033404 0.29356768
v 0.35401552 1.22508502 0.29536348
v 0.38412052 1.22139 0.298213
v 0.41849312 1.21879887 0.30069118
v -0.54639601 1.19187939 0.30052816
v -0.51863873 1.20161223 0.29964414
v -0.4879111 1.20956087 0.29530441
v -0.4535962 1.21520614 0.29652297
v 0.45333421 1.21524691 0.29671159
v 0.48786318 1.2095828 0.29527425
v 0.51841819 1.2016977 0.29961329
v 0.54601323 1.19197535 0.30055013
v -0.61441767 1.16465854 0.29823359
v -0.58303427 1.17771804 0.30026447
v 0.58220309 1.17801475 0.30012732
v 0.61214542 1.16631948 0.29770168
v 0.63830447 1.15578937 0.29370099
v -0.67345857 1.13171124 0.2983731
v -0.64361429 1.15002679 0.2982271
v 0.67117953 1.14120066 0.29295712
v 0.70042288 1.12637829 0.29330122
v -0.70581591 1.10841834 0.29755884
v 0.73495698 1.10626649 0.29832458
v 0.75905144 1.09024322 0.29754346
v -0.75595015 1.0672903 0.30001235
v -0.73227274 1.0876888 0.29831582
v 0.78740978 1.06785416 0.29878428
v -0.78702831 1.03620731 0.29811283
v 0.81960493 1.03759443 0.30050063
v -0.8178547 1.00242948 0.29592496
v 0.84807968 1.00739526 0.30077126
v -0.84429317 0.97250556 0.29250818
v 0.87036877 0.98195302 0.29995486
v -0.87182837 0.94225466 0.29555666
v 0.8912338 0.95678317 0.29845333
v -0.89404082 0.91846609 0.2971462
v 0.91670256 0.9247576 0.29809948
v -0.92034745 0.89070731 0.29877698
v 0.94600659 0.88597172 0.3002747
v -0.95201414 0.85707593 0.29814824
v 0.97309911 0.84985506 0.29750475
v -0.9801976 0.82686519 0.29885888
v 0.9925915 0.82347387 0.29515588
v -1.00730776 0.79486852 0.30074998
v 1.01406002 0.79275393 0.29490003
v -1.03015852 0.76595711 0.3020564
v 1.03170704 0.76623559 0.30144792
v -1.04897105 0.73961973 0.30325123
v 1.04896426 0.73993384 0.30324459
v -1.06842553 0.70750379 0.30269163
v 1.06845688 0.70714527 0.30405008
v -1.08803701 0.67308008 0.29971373
v 1.08801889 0.67300403 0.30218145
v -1.14366793 0.62672245 0.29866832
v -1.1077069 0.64776945 0.29678809
v 1.10867238 0.64740097 0.29703486
v 1.1456474 0.62626516 0.29734179
v -1.17068696 0.613415 0.30104985
v 1.17116868 0.61358964 0.3000096
v -1.191365 0.58444559 0.30110484
v 1.19124317 0.58389318 0.30061808
v -1.20982122 0.54713439 0.3030636
v 1.21002483 0.54688227 0.30388873
v -1.21765804 0.51846373 0.30620789
v 1.21983742 0.51989114 0.30811053
v -1.21021235 0.48856857 0.30662754
v 1.21573233 0.49393808 0.31048286
v -1.19285965 0.45572206 0.30440223
v 1.19505858 0.45807772 0.30643796
v -1.17764675 0.42144078 0.29878354
v 1.17855191 0.42324689 0.30044347
v -1.17481374 0.39170461 0.29638916
v 1.17509949 0.39210274 0.29710781
v -1.17881023 0.36146038 0.29461473
v 1.17888188 0.36086618 0.29462778
v -1.18325781 0.32837453 0.29287305
v 1.18329799 0.3275229 0.29297149
v -1.18626952 0.29566112 0.28973633
v 1.18625831 0.29496967 0.29020428
v -1.18806958 0.26560241 0.28556829
v 1.18810725 0.26441922 0.28570324
v -1.18814992 0.2378968 0.28803202
v 1.1881994 0.23719513 0.28799957
v -1.18697059 0.20958045 0.29316732
v 1.18711662 0.20917329 0.29206821
v -1.18462848 0.17868827 0.29888317
v 1.18482399 0.17701014 0.29650566
v -1.18167102 0.14552548 0.30216178
v 1.18162012 0.14262749 0.30096632
v -1.17945325 0.11222358 0.29848849
v 1.17918968 0.10832503 0.29847931
v -1.17730808 0.08026584 0.29572415
v 1.17676425 0.07711091 0.29886844
v -1.17317915 0.04865152 0.29580378
v 1.1730982 0.04741898 0.29587972
v -1.16262984 0.01768149 0.29432526
v 1.16269552 0.01752611 0.29381454
v -1.13898837 -0.01319548 0.29327523
v 1.13903832 -0.01310312 0.2932192
v -1.10657894 -0.03871482 0.29069298
v 1.10663223 -0.038628 0.29071456
v -1.06879735 -0.05929802 0.29062026
v -1.04077136 -0.07140409 0.29361265
v -1.00947833 -0.08442112 0.2953113
v 1.00939321 -0.0844016 0.29535841
v 1.04079926 -0.07134186 0.29361942
v 1.0688517 -0.05922637 0.29061734
v -0.97946316 -0.09567172 0.29706248
v -0.95249694 -0.10295577 0.30066335
v -0.92619782 -0.11144851 0.2994275
v 0.92602008 -0.11144219 0.29941064
v 0.9523139 -0.10295581 0.30070418
v 0.97945123 -0.09560981 0.29704624
v -0.89341312 -0.12336222 0.29842507
v -0.86145085 -0.13820767 0.29759132
v 0.86114215 -0.13815957 0.29775387
v 0.89317303 -0.12336261 0.29842209
v -0.8294391 -0.15494041 0.29919815
v -0.79739683 -0.17400795 0.3000957
v 0.79879498 -0.17274519 0.30063068
v 0.82928043 -0.15465283 0.29961809
v -0.76573562 -0.1928772 0.30042275
v -0.73727494 -0.20918083 0.29993301
v 0.73868024 -0.20833885 0.29924982
v 0.76925492 -0.19045603 0.30045849
v -0.70640564 -0.22711792 0.29587924
v 0.70563292 -0.22752705 0.29535105
v -0.67200744 -0.24668765 0.29112592
v -0.64069497 -0.26384031 0.29285949
v 0.6385405 -0.26484516 0.29642885
v 0.67120647 -0.24695429 0.29168948
v -0.60729748 -0.28408193 0.29322135
v -0.57788741 -0.30377346 0.2959432
v 0.57755589 -0.30390584 0.29821139
v 0.60376262 -0.28631687 0.29824546
v -0.5472297 -0.32550638 0.29639205
v 0.54907667 -0.32388433 0.29888162
v -0.51022183 -0.35310804 0.29297703
v 0.51253557 -0.35122978 0.29521143
v -0.47498807 -0.38188737 0.2896403
v 0.4742189 -0.38241225 0.29121005
v -0.44264975 -0.41064715 0.2886362
v 0.44223839 -0.41093212 0.28996464
v -0.41105294 -0.4424988 0.29738134
v 0.41132128 -0.44221398 0.29738771
v -0.38246253 -0.48236385 0.29287779
v 0.38243612 -0.48231172 0.29274573
v -0.3653227 -0.51174646 0.29242691
v 0.3651849 -0.51160192 0.29252794
v -0.35319089 -0.54156494 0.28994366
v 0.35322225 -0.54055488 0.29055351
v -0.34507909 -0.57297283 0.28716307
v 0.34492301 -0.57273906 0.28742626
v -0.33927983 -0.6072427 0.28948527
v 0.33907377 -0.60711377 0.28975653
v -0.33707058 -0.64072108 0.29094946
v 0.33685585 -0.6404401 0.29135838
v -0.33759027 -0.67305499 0.29284343
v 0.33734422 -0.67270404 0.29334718
v -0.33995053 -0.70458656 0.29486197
v 0.33968868 -0.70422476 0.29550129
v -0.34415769 -0.73558318 0.29259574
v 0.34368392 -0.73500281 0.29382374
v -0.34653842 -0.76459825 0.29355141
v 0.34630176 -0.76394105 0.29396206
v -0.34528714 -0.79681861 0.2979238
v 0.34549254 -0.79664659 0.29708883
v -0.34022522 -0.82823181 0.30162388
v 0.34025195 -0.82830536 0.30117708
v -0.33198726 -0.8587464 0.29939943
v 0.33190378 -0.85858583 0.29924425
v -0.32001513 -0.88458901 0.29341065
v 0.32079321 -0.88313019 0.29365694
v -0.29017469 -0.91319322 0.29090398
v -0.26238542 -0.92481434 0.29612624
v 0.26311177 -0.92514997 0.29461109
v 0.29078429 -0.91200196 0.2911978
v -0.22753147 -0.93797469 0.29706111
v -0.19519648 -0.94731724 0.2988646
v -0.16447192 -0.95390248 0.29984223
v -0.13262237 -0.95895654 0.30065158
v -0.10175422 -0.96297657 0.30179935
v -0.07068675 -0.96637916 0.30105939
v 0.08346825 -0.96511924 0.3009234
v 0.10983184 -0.96225535 0.30066472
v 0.13441139 -0.95856833 0.30070531
v 0.16814774 -0.95294296 0.29992446
v 0.19919294 -0.94517833 0.3012906
v 0.22828662 -0.93742001 0.2978675
v -0.03966626 -0.96928095 0.29747426
v -0.00873267 -0.97041165 0.29621905
v 0.02129963 -0.97019088 0.29622545
v 0.05068746 -0.96856224 0.29758358
v -0.20428712 1.24979925 0.26288849
v -0.35792595 1.22068643 0.2609508
v -0.33174586 1.22707676 0.26028788
v -0.30089265 1.23509717 0.26061582
v -0.26893258 1.24239742 0.2692146
v -0.23687899 1.24747228 0.26982104
v -0.1769661 1.24906134 0.26009702
v -0.14678934 1.24696421 0.2624818
v -0.1141134 1.2443459 0.26963114
v -0.08243205 1.24156236 0.27079483
v -0.05028469 1.23903238 0.26739934
v -0.01558371 1.23694348 0.26018765
v 0.01922186 1.23595547 0.25982421
v 0.05040033 1.23612308 0.26565262
v 0.07827732 1.23708415 0.26957047
v 0.10573033 1.23865127 0.26856738
v 0.13511718 1.2410568 0.2689265
v 0.16742405 1.24359989 0.26634424
v 0.20328298 1.24574077 0.26768139
v 0.23844023 1.24518954 0.26962882
v 0.27105975 1.24108386 0.26907563
v 0.30273729 1.23428487 0.26255947
v 0.33186391 1.22692501 0.26084756
v 0.35767447 1.22071552 0.26101255
v -0.54641246 1.18989872 0.26849609
v -0.51921188 1.1994276 0.26897662
v -0.48753207 1.20624494 0.26698663
v -0.45253133 1.21062529 0.26731485
v -0.4172357 1.21357703 0.26904451
v -0.38580203 1.2162702 0.2653906
v 0.38540273 1.21631205 0.26541972
v 0.41701507 1.21358013 0.26916903
v 0.45233342 1.21064066 0.26731216
v 0.48734736 1.2063179 0.26695388
v 0.51898419 1.1994661 0.2691046
v 0.54616653 1.18994927 0.26833915
v -0.61257869 1.16129207 0.26423054
v -0.58262389 1.17454409 0.2666178
v 0.58220416 1.17486274 0.26689454
v 0.61221957 1.16290926 0.2664684
v -0.66973316 1.13130843 0.26807072
v -0.64171171 1.14722299 0.26398956
v 0.64006704 1.15247106 0.26552441
v 0.66995668 1.14050602 0.26444351
v 0.69797098 1.12703847 0.26389482
v -0.7043761 1.1064198 0.26837945
v 0.73519563 1.10572576 0.26846122
v -0.73478895 1.08144557 0.26724812
v 0.76198148 1.08798122 0.26637888
v 0.78936469 1.06648004 0.26721006
v -0.78859269 1.0300827 0.26824629
v -0.76092457 1.05777955 0.2675966
v 0.82099258 1.03677022 0.26937824
v -0.81693613 0.99962389 0.2690044
v 0.85197413 1.00386321 0.26988029
v -0.84441942 0.96923762 0.26630032
v 0.87729901 0.97496944 0.26904338
v -0.86588168 0.94579684 0.26442641
v 0.89549094 0.95323526 0.26756703
v -0.89111137 0.91917628 0.26470476
v 0.9178307 0.92538499 0.26666945
v -0.91913533 0.88997447 0.26540428
v 0.94588279 0.88900709 0.26811921
v -0.95032072 0.8574894 0.2647778
v 0.97352886 0.85240042 0.26573401
v -0.97961175 0.82655721 0.26547956
v 0.99263763 0.8260746 0.26444485
v -1.00765693 0.79501509 0.26834347
v 1.01493811 0.79405164 0.26266482
v -1.03208911 0.76517713 0.27146863
v 1.0333507 0.7666201 0.26572147
v -1.05023658 0.73992306 0.2709501
v 1.04996442 0.74105674 0.2680431
v -1.0684092 0.71028375 0.26615065
v 1.06869959 0.70964419 0.26808697
v -1.08523106 0.67837572 0.26200032
v 1.08582437 0.67719751 0.26450008
v -1.10572886 0.64403796 0.26099312
v 1.1071105 0.64343607 0.2610588
v -1.15743613 0.60178875 0.27546748
v -1.1375128 0.61283409 0.27052372
v 1.1399374 0.61336231 0.26972749
v 1.15881121 0.60192352 0.27452784
v -1.16986966 0.57879954 0.27131319
v 1.17082727 0.57635486 0.27055251
v -1.18854022 0.54323786 0.27539622
v 1.18848657 0.54311859 0.27548825
v -1.19522595 0.51384437 0.27639985
v 1.19555902 0.51369512 0.2768892
v -1.18943166 0.48670613 0.27534818
v 1.19148552 0.48819351 0.27682769
v -1.17826795 0.45452064 0.27153134
v 1.17852211 0.45431846 0.2718752
v -1.17265558 0.41913956 0.26583311
v 1.17280423 0.41947692 0.26650553
v -1.17578935 0.39054644 0.26428008
v 1.17565274 0.39117568 0.2648445
v -1.1807754 0.36274093 0.26384306
v 1.18069911 0.36262464 0.26352661
v -1.18553423 0.32800313 0.26162612
v 1.18552947 0.32737475 0.2620362
v -1.1887604 0.29444253 0.25902989
v 1.18864846 0.2942841 0.26037022
v -1.19055366 0.262858 0.2581287
v 1.19053661 0.26223486 0.2586925
v -1.19072413 0.23297901 0.26190573
v 1.19079911 0.23350374 0.26181793
v -1.18987059 0.20412603 0.265037
v 1.19007396 0.2060053 0.2642771
v -1.18796885 0.17576336 0.26829612
v 1.18820643 0.17684949 0.26702803
v -1.18527603 0.1463221 0.27062386
v 1.18528485 0.14570954 0.27035185
v -1.18273234 0.11355371 0.26772677
v 1.18268406 0.11183114 0.26715385
v -1.18027293 0.07952979 0.26506108
v 1.18016076 0.07798142 0.26515308
v -1.17630839 0.04666806 0.26357299
v 1.17638206 0.0463574 0.26279383
v -1.16642236 0.01520295 0.26277396
v 1.16647958 0.0153162 0.26250708
v -1.14729166 -0.01328887 0.26482534
v 1.14733243 -0.01318366 0.26486235
v -1.12446045 -0.03381335 0.26874405
v -1.10512447 -0.04726402 0.26655519
v 1.10518848 -0.04718401 0.26655873
v 1.12451612 -0.03372977 0.26876473
v -1.07084822 -0.06676974 0.26216858
v -1.03958249 -0.08070948 0.26481998
v 1.03952956 -0.08068363 0.26486384
v 1.07089912 -0.06670108 0.26216918
v -1.00677442 -0.09487777 0.26812648
v -0.97828173 -0.10737869 0.27047115
v -0.95288705 -0.11709362 0.2706038
v 0.95281559 -0.11705514 0.27054128
v 0.97908198 -0.10697781 0.2699761
v 1.00683069 -0.09479898 0.2680853
v -0.92723411 -0.1273259 0.26627063
v -0.89335221 -0.14054076 0.26350379
v 0.89318698 -0.14043857 0.26361781
v 0.92698454 -0.12734507 0.26629984
v -0.86255198 -0.15493583 0.26218769
v -0.82854777 -0.17186918 0.2645989
v 0.82837516 -0.17146967 0.26519912
v 0.86227673 -0.15470546 0.2625609
v -0.79760104 -0.18894082 0.26553759
v -0.76824772 -0.20419868 0.2664498
v 0.76773995 -0.20424422 0.26653268
v 0.79763388 -0.18881753 0.26552394
v -0.73660385 -0.21973386 0.26722267
v -0.70420074 -0.23693217 0.26410141
v 0.7035104 -0.2372342 0.26370787
v 0.73553156 -0.22021061 0.26695674
v -0.6707465 -0.25473582 0.26082375
v -0.63967788 -0.2702097 0.26263207
v 0.63889884 -0.27034813 0.26369038
v 0.67066961 -0.25461408 0.26065054
v -0.60851377 -0.28693524 0.26427066
v -0.57709401 -0.30524399 0.26737579
v 0.57691389 -0.30518508 0.26743638
v 0.60626524 -0.28804203 0.26574158
v -0.54536843 -0.326496 0.26633644
v 0.54663163 -0.32565593 0.26644605
v -0.51030051 -0.35253694 0.26192134
v 0.51136702 -0.35180059 0.26353347
v -0.47606337 -0.38051477 0.25828775
v 0.47420704 -0.38197612 0.26293695
v -0.44303458 -0.4107297 0.25603607
v 0.44092369 -0.41256034 0.26224836
v -0.41149678 -0.44568353 0.26046544
v 0.41097319 -0.44609713 0.26304805
v -0.38427078 -0.48582199 0.2600857
v 0.3841713 -0.48574715 0.26041168
v -0.3689467 -0.51578795 0.25907215
v 0.36879411 -0.51575946 0.25906622
v -0.35883083 -0.54308128 0.25926432
v 0.3586702 -0.54291564 0.25944191
v -0.35110265 -0.5743432 0.25788706
v 0.35089153 -0.5742557 0.25811955
v -0.34601673 -0.60792207 0.25766545
v 0.34579676 -0.60769546 0.25804951
v -0.34427213 -0.64106226 0.2565276
v 0.34402418 -0.64074707 0.25702682
v -0.34463155 -0.67329382 0.2585783
v 0.34432625 -0.67286688 0.25923049
v -0.34656983 -0.70504832 0.26322197
v 0.34605112 -0.7040649 0.26449903
v -0.35053724 -0.73610413 0.26374846
v 0.34962588 -0.73382848 0.26604512
v -0.35377341 -0.7655611 0.26583057
v 0.35318169 -0.76307582 0.26704853
v -0.35463029 -0.79645627 0.26960817
v 0.35494193 -0.79569548 0.26854562
v -0.35265371 -0.82721447 0.27086621
v 0.35294401 -0.82764244 0.26998028
v -0.34579896 -0.85946995 0.26866346
v 0.34629255 -0.85926783 0.2679826
v -0.33237665 -0.89128375 0.26284712
v 0.33422404 -0.88907712 0.26243871
v -0.31342956 -0.91209054 0.26302477
v -0.29416576 -0.92640471 0.26010605
v 0.29696387 -0.9245845 0.25897318
v 0.3156839 -0.90814602 0.26419746
v -0.26452273 -0.93724298 0.26660978
v -0.23529654 -0.94798231 0.26653745
v -0.20668599 -0.954907 0.26853019
v -0.16968724 -0.96216231 0.26827931
v 0.17225489 -0.96184134 0.26774221
v 0.20775087 -0.95420873 0.26952862
v 0.23710826 -0.9473623 0.26640057
v 0.26853311 -0.93706476 0.26305079
v -0.13067594 -0.96856695 0.26662176
v -0.09920576 -0.9716469 0.2689687
v -0.07024803 -0.97350883 0.27101019
v -0.04002084 -0.97521889 0.27045261
v -0.00876141 -0.9759202 0.27047917
v 0.02248526 -0.97570169 0.27045753
v 0.05306583 -0.97459256 0.27033466
v 0.08444384 -0.97258305 0.27006328
v 0.10885734 -0.97123897 0.26661729
v 0.1336098 -0.96831494 0.26611733
v -0.35649159 1.21919155 0.23177507
v -0.32787016 1.22697162 0.232528
v -0.29508817 1.23632013 0.23391869
v -0.26471582 1.24340331 0.23992067
v -0.23742872 1.24744105 0.24080795
v -0.20832863 1.24868881 0.2352207
v -0.17761862 1.24727082 0.23069861
v -0.14535769 1.24483466 0.23383049
v -0.11311358 1.24214959 0.23865266
v -0.08148609 1.23941493 0.23867857
v -0.04999119 1.23703384 0.23571059
v -0.01702465 1.23505616 0.22932486
v 0.01726672 1.23398101 0.22911801
v 0.04964888 1.23389017 0.23470181
v 0.07933627 1.23438513 0.23811878
v 0.10839884 1.23546743 0.23721639
v 0.13769896 1.23769509 0.23842173
v 0.16765621 1.24048686 0.23856501
v 0.20073586 1.2432034 0.23916268
v 0.23352691 1.24375009 0.23959669
v 0.26520115 1.24099922 0.23913314
v 0.29615384 1.23500967 0.2360441
v 0.3275792 1.22667121 0.23337313
v 0.3571071 1.21908187 0.23177216
v -0.54613888 1.1884911 0.23407912
v -0.51768481 1.19799709 0.23557859
v -0.48392051 1.20363998 0.23950627
v -0.45002776 1.20784831 0.23961377
v -0.41945338 1.21057367 0.23970013
v -0.39009937 1.21344161 0.23698449
v 0.3897818 1.21351957 0.23693095
v 0.41897189 1.21059203 0.23972509
v 0.44983005 1.2078793 0.23957333
v 0.483702 1.20364332 0.23965656
v 0.51717144 1.19766449 0.2366482
v 0.54604178 1.18823051 0.23420912
v -0.6086626 1.15850389 0.23282893
v -0.58114236 1.17198264 0.23399695
v 0.58160316 1.17202901 0.23513783
v 0.61044645 1.15990901 0.23747988
v -0.66539305 1.12939834 0.23837083
v -0.6385132 1.14353168 0.23165881
v 0.64026463 1.14884805 0.23757833
v 0.66851592 1.13846445 0.23535686
v 0.69584727 1.12635386 0.23303389
v -0.69933366 1.10579395 0.23776525
v 0.73383337 1.10539782 0.23620641
v -0.73201346 1.07860994 0.23319956
v 0.76441276 1.0850805 0.23482537
v 0.79057723 1.06453681 0.23581261
v -0.76263487 1.0503596 0.23192749
v 0.81979256 1.03745961 0.23843771
v -0.79311466 1.01994931 0.23248162
v 0.85011518 1.00555098 0.23889657
v -0.82280111 0.98875808 0.23442482
v 0.87781965 0.97406518 0.23782271
v -0.85449463 0.95534396 0.23879455
v 0.89546126 0.95297724 0.23572146
v -0.88730013 0.92070281 0.23449417
v 0.91742336 0.92579352 0.23456257
v -0.91776979 0.88949155 0.23358555
v 0.94563621 0.88965547 0.23597866
v -0.94883346 0.85772568 0.23302795
v 0.97386753 0.85233265 0.23549482
v -0.97874063 0.8264032 0.23332729
v 0.99211597 0.8271178 0.23486888
v -1.0071057 0.79508245 0.23712176
v 1.01406168 0.79541301 0.23117315
v -1.03178668 0.76522958 0.24114525
v 1.03413271 0.76531958 0.23027348
v -1.05008459 0.73932313 0.23670147
v 1.05052864 0.73955583 0.23118636
v -1.06860423 0.70880019 0.22901727
v 1.06841754 0.70920085 0.23058392
v -1.08405709 0.67905932 0.22699028
v 1.08401823 0.67892986 0.22819541
v -1.10161829 0.64330256 0.23171386
v 1.10190618 0.6440438 0.23167949
v -1.12901687 0.6035937 0.24540454
v 1.13026058 0.6059091 0.24571442
v -1.13972806 0.57550525 0.23986792
v 1.1411345 0.57649159 0.24075433
v -1.15703368 0.54134386 0.24282772
v 1.15710258 0.54459035 0.2437144
v -1.16473615 0.51080155 0.24199618
v 1.16449582 0.51170349 0.24227955
v -1.1663928 0.48354542 0.23987284
v 1.16652083 0.48343607 0.2400988
v -1.16620421 0.4535892 0.23666758
v 1.1660242 0.45311784 0.23668029
v -1.17059588 0.41934362 0.23394732
v 1.17042636 0.4200896 0.23452279
v -1.17733931 0.38818371 0.23268017
v 1.17674732 0.39089041 0.23362401
v -1.18246889 0.36020714 0.23296731
v 1.18210887 0.36188405 0.23236115
v -1.1874001 0.3257294 0.23096779
v 1.18735253 0.3253405 0.2307173
v -1.19067835 0.29492369 0.22873726
v 1.19065558 0.29406756 0.22925324
v -1.19279599 0.26295304 0.22799901
v 1.1928265 0.26164245 0.22808399
v -1.19340527 0.23156084 0.2307982
v 1.19348239 0.23109029 0.23051223
v -1.1926614 0.20217767 0.23497733
v 1.19284153 0.20352587 0.23465809
v -1.19090378 0.17339709 0.23838394
v 1.19117808 0.17575022 0.23765789
v -1.18843674 0.14518487 0.23992461
v 1.18849539 0.14603984 0.24000227
v -1.18568968 0.11349565 0.23768514
v 1.18564939 0.11331136 0.23795203
v -1.18308949 0.07955712 0.23460793
v 1.18302965 0.07874678 0.23444488
v -1.17990732 0.04768025 0.23337806
v 1.17993056 0.04761596 0.23305109
v -1.17268347 0.01837398 0.23285341
v 1.17271471 0.01861689 0.23289382
v -1.15739667 -0.00845255 0.23424682
v 1.1574347 -0.0083308 0.23428961
v -1.13342964 -0.03425855 0.23733638
v -1.10894203 -0.05343479 0.23561014
v 1.10900497 -0.05335914 0.23560892
v 1.13348674 -0.03418403 0.23733779
v -1.07809186 -0.07108376 0.23211866
v -1.04307484 -0.08591301 0.23517201
v 1.0431261 -0.08584278 0.23514974
v 1.07812309 -0.07102368 0.23212692
v -1.00992178 -0.099922 0.2367267
v -0.9804759 -0.11289319 0.23875187
v 0.98284471 -0.11183373 0.23737004
v 1.01075422 -0.09951829 0.23623085
v -0.95183479 -0.12547822 0.23809488
v -0.92439627 -0.13835915 0.23440861
v 0.92451697 -0.13816443 0.23451536
v 0.9526422 -0.12505947 0.23761394
v -0.88761699 -0.15611787 0.23253333
v -0.85601925 -0.17365469 0.233187
v 0.85609597 -0.17327429 0.23355981
v 0.88785922 -0.15573222 0.23300182
v -0.82363593 -0.19181251 0.23662275
v -0.7922225 -0.20965796 0.23554021
v 0.79329133 -0.20959326 0.23467531
v 0.8237726 -0.19161689 0.23662075
v -0.76520979 -0.2224715 0.23316031
v -0.734923 -0.23485887 0.23272983
v 0.73447817 -0.23492723 0.23265382
v 0.76604914 -0.22201472 0.23318198
v -0.70168709 -0.2497774 0.23044234
v -0.66804754 -0.26602518 0.22863465
v 0.66815215 -0.26581198 0.22843083
v 0.70128488 -0.24983058 0.2302792
v -0.63671368 -0.2804864 0.23071712
v -0.60721141 -0.29535386 0.23311603
v 0.60712075 -0.29515111 0.23329031
v 0.63704621 -0.28010338 0.23069125
v -0.57302022 -0.31367355 0.23673155
v -0.54080879 -0.33395081 0.235886
v 0.54229265 -0.33310931 0.23432612
v 0.57367003 -0.3131892 0.23620942
v -0.51068341 -0.35557025 0.23284664
v 0.51113253 -0.35519725 0.23270677
v -0.47798383 -0.38221517 0.23009336
v 0.47714299 -0.38257873 0.23237641
v -0.44400912 -0.41497862 0.22851109
v 0.44286388 -0.41581565 0.2314873
v -0.41387394 -0.45158433 0.23087215
v 0.41381549 -0.4514527 0.23163232
v -0.39255598 -0.48703998 0.22801746
v 0.39258924 -0.48675662 0.22798568
v -0.37756469 -0.51676106 0.22555214
v 0.37742078 -0.51664805 0.22560612
v -0.36718303 -0.54221707 0.22779908
v 0.36699253 -0.54212468 0.22796219
v -0.35857191 -0.57378447 0.22894358
v 0.35836017 -0.57363164 0.22922182
v -0.35304039 -0.60758185 0.22941331
v 0.3527942 -0.60735499 0.22981569
v -0.35094386 -0.64096403 0.22959497
v 0.35065463 -0.6406731 0.23008129
v -0.35131925 -0.67334884 0.23125442
v 0.35099911 -0.67301428 0.23182024
v -0.35328924 -0.70502275 0.23407557
v 0.35287785 -0.70468759 0.23515114
v -0.35685092 -0.73563343 0.23472365
v 0.35618889 -0.73556995 0.23704916
v -0.36078539 -0.76533663 0.23606848
v 0.36025267 -0.76666152 0.23855015
v -0.36331191 -0.79608643 0.23903945
v 0.36333656 -0.79878926 0.24001175
v -0.36412775 -0.8276546 0.23873499
v 0.36412042 -0.82965952 0.23907202
v -0.36021453 -0.85853517 0.23722739
v 0.36012116 -0.85906016 0.23718075
v -0.3469077 -0.89103186 0.23393556
v 0.34725827 -0.89066803 0.23362147
v -0.32446411 -0.91888308 0.2299264
v 0.32490992 -0.91750967 0.23063507
v -0.30060517 -0.93807113 0.22419285
v -0.26874202 -0.94857847 0.23348811
v -0.23880732 -0.95763391 0.23409694
v -0.20917218 -0.96373307 0.23637357
v 0.21005219 -0.96372151 0.23574328
v 0.23934179 -0.9571774 0.23455518
v 0.27054882 -0.9482181 0.23265379
v 0.30106437 -0.93772774 0.22419339
v -0.17362549 -0.96975994 0.23712331
v -0.13690777 -0.97463512 0.2371425
v -0.10289129 -0.97736072 0.23942646
v -0.07079421 -0.97921991 0.24093492
v -0.03996469 -0.98051106 0.2413629
v -0.00886758 -0.98105478 0.24154214
v 0.02260621 -0.9808579 0.24153694
v 0.05420842 -0.97992903 0.24120245
v 0.08618754 -0.97822713 0.24065509
v 0.11579018 -0.97638285 0.23857075
v 0.14456318 -0.97382009 0.23679405
v 0.17866185 -0.96952253 0.23510795
v -0.35317778 1.2201066 0.20186689
v -0.32363164 1.22711777 0.20451518
v -0.29205697 1.23631739 0.20538583
v -0.26229888 1.24313068 0.20725119
v -0.23653245 1.24653196 0.20817282
v -0.20922666 1.24706172 0.20656921
v -0.17688959 1.24508738 0.20455534
v -0.14398382 1.24214279 0.207194
v -0.11268563 1.23921549 0.20897358
v -0.08139641 1.23646974 0.20650768
v -0.05030369 1.23426675 0.20254969
v -0.01777217 1.23239135 0.19715412
v 0.01593822 1.23123288 0.19741034
v 0.04784646 1.23105502 0.20408871
v 0.07860168 1.23114264 0.20753736
v 0.11067211 1.23174333 0.2068845
v 0.14175868 1.23372137 0.20786055
v 0.17042183 1.2366085 0.20886346
v 0.19982542 1.23950326 0.20846852
v 0.23053431 1.24078786 0.20675391
v 0.26222932 1.23912262 0.20544272
v 0.2932423 1.23399925 0.20539702
v 0.32458192 1.22626829 0.20423914
v 0.3563357 1.21993327 0.2009489
v -0.54673671 1.19159627 0.19936654
v -0.51769316 1.20391702 0.20111368
v -0.4871087 1.20867824 0.20789365
v -0.45677888 1.2126261 0.20767015
v -0.42692881 1.21485137 0.20679831
v -0.39329636 1.21606373 0.20479852
v 0.39461219 1.21646285 0.20419462
v 0.42675605 1.21503317 0.20635554
v 0.45688536 1.21252155 0.20776662
v 0.48703503 1.20829987 0.20891144
v 0.51695358 1.20294034 0.20378503
v 0.5458132 1.19154977 0.19990475
v -0.60685783 1.1567955 0.20244179
v -0.58049279 1.17179918 0.20078969
v 0.5797038 1.17264437 0.201285
v 0.60795462 1.1586219 0.20517471
v -0.66565227 1.12486493 0.21038851
v -0.63761544 1.14015567 0.20293894
v 0.63992905 1.14607846 0.20677322
v 0.66863077 1.13557696 0.20556974
v 0.6957854 1.1240828 0.2024922
v -0.69929224 1.10145902 0.20806345
v 0.7308498 1.10530209 0.20469375
v -0.73414826 1.07243418 0.19999769
v 0.76387012 1.08306682 0.20406451
v 0.79029762 1.06225824 0.20546422
v -0.7631632 1.04569101 0.1981154
v 0.81814795 1.0368781 0.20831354
v -0.79223656 1.01652407 0.19761765
v 0.84828621 1.00547838 0.20772211
v -0.82315886 0.98424315 0.19820708
v 0.87709307 0.97332978 0.20761627
v -0.85484451 0.95121079 0.20092216
v 0.89459538 0.95235049 0.20421344
v -0.8866142 0.91863226 0.20233234
v 0.91734331 0.92416584 0.20211327
v -0.91741097 0.88747203 0.20174369
v 0.94563031 0.88811504 0.20365431
v -0.94809401 0.85646575 0.20250845
v 0.97333157 0.8514316 0.20442794
v -0.9777981 0.82542586 0.20236542
v 0.99090921 0.82712292 0.20450606
v -1.00576353 0.79475808 0.2070727
v 1.01371324 0.79377496 0.2011941
v -1.02929425 0.76642358 0.21158054
v 1.03695118 0.75822806 0.19838662
v -1.04850018 0.7385801 0.20456132
v 1.05242562 0.73300713 0.19664034
v -1.06834173 0.70517098 0.19643454
v 1.06888592 0.704328 0.19603896
v -1.08318829 0.67707693 0.19683526
v 1.08310461 0.67695653 0.19677096
v -1.0990014 0.64369154 0.20556901
v 1.09892284 0.64381659 0.20539042
v -1.11485362 0.60788583 0.21088081
v 1.114856 0.60965758 0.21151831
v -1.12704753 0.57424527 0.209865
v 1.12713015 0.57637298 0.21133701
v -1.13959598 0.54228282 0.209311
v 1.13929879 0.54448294 0.21011501
v -1.14840602 0.51073634 0.20816227
v 1.14832997 0.51087099 0.2083055
v -1.15628314 0.48082631 0.20749113
v 1.15626549 0.48055839 0.20755496
v -1.1625117 0.45258045 0.20539802
v 1.16251945 0.4524219 0.20547321
v -1.17037081 0.41961818 0.20340912
v 1.17035508 0.41957223 0.20357659
v -1.17803096 0.3858239 0.2016066
v 1.17783451 0.38657674 0.20211383
v -1.18344628 0.35716408 0.20105183
v 1.18336904 0.35729867 0.20077659
v -1.18858516 0.32416838 0.19924096
v 1.18861627 0.32339042 0.19920963
v -1.19201064 0.29569733 0.19765688
v 1.1920259 0.29483252 0.19779866
v -1.19466233 0.26332613 0.19649408
v 1.19468557 0.26227659 0.19650046
v -1.19583618 0.2317141 0.19827526
v 1.19590544 0.23056283 0.19799375
v -1.19535756 0.20257893 0.20327843
v 1.19551909 0.20232419 0.20292601
v -1.19373476 0.17210444 0.20679104
v 1.19398725 0.17360884 0.20599423
v -1.19125199 0.14224191 0.2087512
v 1.19127202 0.14290906 0.20893134
v -1.18833994 0.11161103 0.20773437
v 1.18822193 0.11189602 0.2091393
v -1.18553376 0.07991913 0.20465743
v 1.18534088 0.07905597 0.20590277
v -1.18206024 0.04803834 0.20482096
v 1.18197274 0.04729108 0.20493736
v -1.17586374 0.01910032 0.20401674
v 1.1758691 0.01902408 0.20391956
v -1.16198849 -0.00811908 0.20310992
v 1.16203045 -0.00798363 0.20310041
v -1.13419342 -0.04029568 0.20225814
v 1.13425123 -0.04020064 0.20225782
v -1.10478651 -0.06365451 0.2020992
v -1.07578826 -0.07872276 0.20211616
v 1.07582879 -0.07865846 0.20211121
v 1.104851 -0.06357944 0.20209127
v -1.04024469 -0.09236533 0.2064794
v -1.01339793 -0.10300503 0.20458895
v -0.98514723 -0.11451805 0.2023323
v 0.98597741 -0.1140988 0.20184373
v 1.01340866 -0.10294839 0.20453892
v 1.04015636 -0.09235356 0.20651617
v -0.95337772 -0.1275708 0.20176529
v -0.92315006 -0.14186191 0.20147916
v 0.92317801 -0.14159911 0.20204557
v 0.95346689 -0.12742428 0.20174634
v -0.88449525 -0.16403766 0.20204189
v 0.88440251 -0.16379971 0.20306861
v -0.85025471 -0.18772545 0.20294322
v -0.82211637 -0.2067441 0.20626074
v 0.82227152 -0.20642751 0.20639023
v 0.85072737 -0.18710777 0.20375195
v -0.79130047 -0.22496078 0.20583002
v -0.76380145 -0.23834423 0.20268991
v 0.76597958 -0.23676991 0.20382787
v 0.79238146 -0.22438339 0.20591318
v -0.73537981 -0.25044378 0.201597
v -0.703565 -0.26389467 0.20029863
v 0.70343303 -0.26374638 0.20035819
v 0.73590087 -0.24984711 0.202039
v -0.66967564 -0.27937072 0.19812367
v -0.63871645 -0.29215711 0.20040261
v -0.60981643 -0.30567711 0.20159667
v 0.61092853 -0.30491128 0.20165026
v 0.63940358 -0.2915377 0.20047585
v 0.6697753 -0.27910783 0.19827911
v -0.57516425 -0.32305899 0.20443095
v 0.5749765 -0.32349109 0.20301559
v -0.5413239 -0.34336984 0.2038047
v -0.51252508 -0.36293396 0.20261856
v 0.51337021 -0.36220997 0.20167386
v 0.54326677 -0.34197291 0.20190531
v -0.48171326 -0.38911435 0.1998897
v 0.48168101 -0.38914984 0.19967752
v -0.44898834 -0.42362695 0.19820655
v 0.44829785 -0.4246217 0.19780516
v -0.42594081 -0.45360264 0.19835628
v 0.4256882 -0.45409074 0.19769413
v -0.4079855 -0.48401457 0.19593086
v 0.40791299 -0.48391068 0.19585135
v -0.38867873 -0.51686877 0.19610121
v 0.38853958 -0.51673054 0.19622853
v -0.37635514 -0.54306989 0.19825553
v 0.37616533 -0.54297268 0.1984151
v -0.36801439 -0.57197111 0.19939571
v 0.3677921 -0.57184219 0.19964233
v -0.36237123 -0.60499012 0.20013321
v 0.36211201 -0.60484081 0.2004466
v -0.35996469 -0.63850939 0.20130348
v 0.35967597 -0.6383959 0.20156997
v -0.36026296 -0.67175591 0.20287537
v 0.35993549 -0.6713804 0.20337405
v -0.36188167 -0.70465838 0.20436516
v 0.36157777 -0.70435684 0.20478794
v -0.36448228 -0.73716807 0.20513555
v 0.36411726 -0.7370606 0.20617583
v -0.36859476 -0.76823318 0.20495033
v 0.3682506 -0.76913189 0.20637807
v -0.37227216 -0.79881244 0.20700413
v 0.37210488 -0.80028581 0.2078652
v -0.37488523 -0.82852464 0.20516362
v 0.3747546 -0.82912409 0.2054421
v -0.37342003 -0.85607487 0.20298498
v 0.37323939 -0.85599494 0.20305976
v -0.3631457 -0.88683456 0.20132991
v 0.36297252 -0.88686132 0.20127177
v -0.34139582 -0.91798007 0.1983139
v 0.3411923 -0.91797459 0.19838392
v -0.31719887 -0.93881243 0.19623251
v -0.29949727 -0.9471215 0.2001357
v -0.26985204 -0.95719683 0.20272189
v 0.26997265 -0.95702934 0.20286959
v 0.29923498 -0.94717115 0.20023761
v 0.31693303 -0.93893051 0.19625562
v -0.23650784 -0.96678227 0.20110037
v -0.20732092 -0.97213441 0.20357354
v -0.17777031 -0.9759255 0.20635438
v -0.14559191 -0.97921258 0.20787814
v -0.10849291 -0.98202925 0.20920424
v -0.07174694 -0.98408055 0.21014496
v -0.03968376 -0.98518633 0.2106432
v -0.00896164 -0.98574388 0.20955689
v 0.02220654 -0.9855504 0.20995399
v 0.05399029 -0.98472982 0.21044135
v 0.08567817 -0.98338568 0.20978413
v 0.11714437 -0.98141592 0.20907823
v 0.14797008 -0.97889626 0.20806898
v 0.17853248 -0.97595292 0.20553207
v 0.20689159 -0.97223371 0.20340064
v 0.23616108 -0.96672344 0.2013673
v -0.51609742 1.21759033 0.17075941
v -0.48628914 1.22618246 0.17480295
v -0.4570235 1.23001074 0.17472572
v -0.42666205 1.22896575 0.17577922
v -0.39211639 1.22432398 0.17547735
v -0.35486176 1.2222042 0.1748394
v -0.32413804 1.22632598 0.17462849
v -0.29295045 1.23456549 0.17306989
v -0.26423129 1.24104571 0.17305895
v -0.23776033 1.24412632 0.1748334
v -0.20888893 1.24446153 0.17708371
v -0.17709742 1.24245095 0.17801289
v -0.14485426 1.23915505 0.17862226
v -0.11219902 1.23581194 0.17767825
v -0.07982194 1.23292708 0.17283825
v -0.04896999 1.23099315 0.16907687
v -0.01636762 1.22930836 0.16575421
v 0.01636522 1.22818398 0.16716501
v 0.0458973 1.22807717 0.17512731
v 0.07591053 1.2278378 0.17804589
v 0.11067101 1.22791564 0.17691133
v 0.14400109 1.22942495 0.17670762
v 0.17225809 1.232095 0.17705303
v 0.1999363 1.23496079 0.17604091
v 0.23033493 1.23673605 0.17359952
v 0.26234489 1.23576188 0.17165532
v 0.2938891 1.23126769 0.17209395
v 0.32518643 1.22533321 0.17353245
v 0.35790157 1.2231177 0.17296609
v 0.39520156 1.22601532 0.17470791
v 0.42761921 1.2294681 0.17526346
v 0.45777773 1.22948873 0.17549288
v 0.48636657 1.22593307 0.17549616
v 0.51513385 1.21851003 0.1709437
v -0.54827052 1.19761788 0.16926729
v 0.54407262 1.20210707 0.16750687
v -0.60861229 1.15412819 0.17178523
v -0.58123338 1.17239761 0.16926649
v 0.57637643 1.17764091 0.16791923
v 0.60650062 1.15829932 0.17224285
v -0.64023113 1.1358602 0.17348557
v 0.64040166 1.14353871 0.17483891
v 0.67005831 1.13205242 0.1744326
v -0.69945526 1.09748184 0.17477741
v -0.66935765 1.11856031 0.17728525
v 0.69853508 1.11961317 0.17150262
v 0.7302919 1.10215079 0.17334806
v -0.7336356 1.06918954 0.16686216
v 0.76597082 1.07728529 0.17384621
v -0.7617191 1.04342567 0.16641014
v 0.79304993 1.05567121 0.17541855
v 0.81750124 1.03366112 0.17827403
v -0.79118287 1.01400208 0.16613031
v 0.84341788 1.00660777 0.17567713
v -0.82352483 0.98061394 0.16598016
v 0.87144756 0.97641974 0.17765456
v -0.85496085 0.9481877 0.1677933
v 0.89157903 0.95309042 0.17548959
v -0.88589257 0.91671967 0.16929569
v 0.91695255 0.9216001 0.17213621
v -0.9168508 0.88546085 0.1693063
v 0.9454658 0.88511109 0.17278106
v -0.94738698 0.85465884 0.17182043
v 0.97129154 0.85078823 0.17349416
v -0.97659468 0.82397687 0.17147943
v 0.98852288 0.82675468 0.17285853
v -1.00279831 0.79526919 0.17565876
v 1.01234316 0.79168671 0.17054063
v -1.02386856 0.76960337 0.17779219
v 1.03650713 0.75424933 0.1677456
v -1.04434835 0.73970508 0.17171326
v 1.05003702 0.73137474 0.16459789
v -1.06544101 0.70414459 0.16613128
v 1.06593751 0.7033177 0.16516637
v -1.08044374 0.67545163 0.16663748
v 1.08027768 0.67562329 0.16660533
v -1.09752774 0.64122486 0.17729188
v 1.09748745 0.64107227 0.17719771
v -1.11070442 0.60985565 0.18096293
v 1.11061763 0.61002916 0.18102453
v -1.1238203 0.57427901 0.18142652
v 1.12362694 0.57498151 0.18193331
v -1.13423609 0.54297572 0.17809602
v 1.13411974 0.54319614 0.17822438
v -1.14366126 0.5120756 0.17588944
v 1.14367032 0.51191532 0.17592653
v -1.15283489 0.48214623 0.17526586
v 1.15280592 0.48221457 0.17537646
v -1.1608988 0.4531472 0.17400507
v 1.16085517 0.45328828 0.17406702
v -1.16935527 0.42021536 0.17207479
v 1.169335 0.42013323 0.17198726
v -1.17744779 0.38554105 0.17029151
v 1.17744529 0.38536602 0.17031449
v -1.1833719 0.35653227 0.16896122
v 1.18337869 0.35623759 0.1687096
v -1.18899464 0.32417914 0.16725631
v 1.18901705 0.32377728 0.16715127
v -1.19286131 0.29630667 0.1660455
v 1.19284677 0.29601389 0.16609834
v -1.19600284 0.26407569 0.16534288
v 1.19598305 0.26337906 0.16589914
v -1.19762444 0.23176588 0.16729426
v 1.19763577 0.23027628 0.16778907
v -1.19757235 0.20119369 0.17197543
v 1.19764161 0.19960859 0.17213599
v -1.19629073 0.16978217 0.17519342
v 1.19638967 0.16949734 0.17498259
v -1.19388127 0.13940618 0.17793062
v 1.19385242 0.13910269 0.17811121
v -1.1909275 0.1098997 0.17757523
v 1.19088244 0.11040297 0.17893829
v -1.18787288 0.0803539 0.17475885
v 1.18778085 0.08085061 0.17716006
v -1.18357968 0.04769986 0.17620353
v 1.18358135 0.04793818 0.17720079
v -1.17699706 0.01813177 0.1762765
v 1.17701065 0.01813608 0.17628201
v -1.16397619 -0.00923528 0.17492547
v 1.1640079 -0.00917763 0.17486721
v -1.13680267 -0.0423396 0.17188185
v 1.13685524 -0.04225202 0.17187821
v -1.10522484 -0.06804417 0.17174106
v -1.07761311 -0.0827904 0.17119403
v 1.07765603 -0.08272384 0.17117965
v 1.10528147 -0.06796739 0.1717339
v -1.04388904 -0.09641505 0.17303699
v -1.01764118 -0.10673274 0.17158292
v -0.98777049 -0.11838747 0.16888895
v 0.98762774 -0.11840625 0.16875487
v 1.0175116 -0.10673251 0.17161554
v 1.04387664 -0.09636887 0.1730322
v -0.95677542 -0.13071277 0.16817367
v -0.92453205 -0.14549276 0.16863334
v 0.92417246 -0.14514827 0.17038837
v 0.95652163 -0.13065567 0.16839571
v -0.88773441 -0.16605849 0.17222622
v 0.8847692 -0.16723735 0.17450407
v -0.85063076 -0.19139215 0.17363937
v -0.82393825 -0.20956341 0.17661678
v 0.82346499 -0.20964914 0.17669031
v 0.84906351 -0.1917646 0.17589283
v -0.79518324 -0.22702591 0.17639249
v -0.7682634 -0.24152635 0.17396527
v 0.76881468 -0.24094447 0.17445185
v 0.79512137 -0.22691676 0.17631012
v -0.7398318 -0.25632387 0.17347846
v -0.70788866 -0.27206444 0.17225384
v 0.70770436 -0.27198147 0.17240753
v 0.73960691 -0.25625801 0.17354938
v -0.67389452 -0.28890681 0.17009592
v -0.64059233 -0.30411028 0.17209416
v 0.64134466 -0.30354815 0.17078441
v 0.67415487 -0.288549 0.17017498
v -0.61047685 -0.31890612 0.17175358
v -0.57771754 -0.33560171 0.17222356
v 0.61015021 -0.31943851 0.17050091
v -0.54404532 -0.35654979 0.16964829
v 0.54167842 -0.35642087 0.17197713
v 0.57107007 -0.34002161 0.17108626
v -0.51186722 -0.3793509 0.16881448
v 0.511325 -0.37871536 0.17032614
v -0.47809022 -0.40967893 0.16824515
v 0.47786542 -0.41011917 0.16702717
v -0.44213658 -0.447793 0.17187763
v 0.44166359 -0.44909939 0.17057895
v -0.41855529 -0.48333495 0.16731505
v 0.41837453 -0.48365312 0.16699585
v -0.39621484 -0.51976609 0.16805422
v 0.39606928 -0.51970255 0.16811192
v -0.38370749 -0.54841923 0.16838052
v 0.38352763 -0.54833555 0.1685169
v -0.3765738 -0.57453882 0.16916276
v 0.37636745 -0.57446599 0.16932907
v -0.37160417 -0.60468506 0.16950519
v 0.37138694 -0.60469538 0.16959916
v -0.36929479 -0.63646954 0.16960248
v 0.36903658 -0.63624477 0.16999393
v -0.36922162 -0.66913527 0.17044144
v 0.36883971 -0.6678034 0.17214635
v -0.37018722 -0.70118582 0.17166967
v 0.36995542 -0.70079267 0.17207208
v -0.37211537 -0.73434096 0.17275016
v 0.37191745 -0.73408734 0.17291626
v -0.37623763 -0.76644575 0.17167079
v 0.37603595 -0.76629102 0.17200639
v -0.38000789 -0.79774665 0.17517125
v 0.37983998 -0.79775691 0.175392
v -0.38299214 -0.82737195 0.17535731
v 0.38285473 -0.82720387 0.1754076
v -0.38337057 -0.85447847 0.17243421
v 0.38324713 -0.85432285 0.17246145
v -0.37507873 -0.88329052 0.17118179
v 0.37494951 -0.88327354 0.17120009
v -0.35223931 -0.9172132 0.16944591
v 0.35209959 -0.91725814 0.16942369
v -0.32349151 -0.94260299 0.16890355
v -0.29906809 -0.95468258 0.17156107
v -0.26949745 -0.96462762 0.17231683
v 0.26932963 -0.96460735 0.17236487
v 0.298882 -0.95470035 0.17155483
v 0.32333678 -0.94261825 0.16889376
v -0.23776266 -0.97265291 0.17218756
v -0.2083913 -0.97744929 0.17423108
v -0.17871414 -0.98103582 0.17598021
v -0.14714585 -0.9839921 0.17701098
v -0.11061018 -0.98645556 0.17807316
v -0.07270455 -0.98816323 0.17919266
v -0.03932818 -0.98922741 0.17767199
v -0.00896701 -0.98998248 0.1731759
v 0.02192366 -0.98971808 0.17471207
v 0.05366806 -0.98875093 0.17877471
v 0.08532036 -0.98766994 0.17878904
v 0.11655081 -0.98613941 0.17781747
v 0.14755623 -0.98393869 0.17709395
v 0.17824593 -0.98106312 0.17593663
v 0.2080751 -0.97744685 0.17430603
v 0.23756294 -0.97267079 0.17217943
v -0.45400488 1.24713265 0.13727349
v -0.51920926 1.22834074 0.1410492
v -0.48607763 1.24175119 0.13819035
v -0.42327129 1.24325609 0.14137896
v -0.38686609 1.23264408 0.14457006
v -0.35425055 1.22461342 0.14638914
v -0.32412946 1.22542262 0.14486396
v -0.29227134 1.23231935 0.14262245
v -0.26103538 1.23850548 0.14165541
v -0.23223917 1.24134969 0.14380094
v -0.20396098 1.2411077 0.14621457
v -0.17598146 1.23898899 0.14738887
v -0.14526577 1.23573291 0.14691409
v -0.11010061 1.2323606 0.14633065
v -0.07620374 1.22968435 0.14285704
v -0.04553396 1.22808289 0.14118495
v -0.01367656 1.2265613 0.14001321
v 0.0172839 1.22531437 0.14070406
v 0.04453723 1.22489047 0.14532302
v 0.07348072 1.22444295 0.14723929
v 0.10897627 1.22420692 0.14654159
v 0.14350068 1.225178 0.14523036
v 0.17204102 1.22749543 0.14505839
v 0.20051017 1.23023843 0.14389705
v 0.231038 1.23224544 0.14245735
v 0.26293927 1.23170638 0.14097861
v 0.29500734 1.22794842 0.14145121
v 0.32546293 1.22385239 0.14379951
v 0.35619971 1.22536039 0.14571833
v 0.38941216 1.23385608 0.14628942
v 0.4211176 1.2425394 0.14334866
v 0.45036089 1.24575376 0.14080858
v 0.48049604 1.24262309 0.14119666
v 0.51298719 1.23369872 0.14008033
v 0.53910177 1.2169168 0.13910007
v -0.54968339 1.20526123 0.13985106
v 0.56838583 1.18816304 0.13810908
v -0.57994914 1.17477464 0.13377058
v 0.60215377 1.15989112 0.13722953
v -0.64185607 1.13238 0.14216822
v -0.61142432 1.15041053 0.13774229
v 0.63983154 1.14116585 0.14333339
v 0.66880691 1.12924194 0.14339581
v -0.69579196 1.09699368 0.14211787
v -0.66964089 1.11533725 0.14424023
v 0.69832557 1.1157031 0.14110964
v 0.72751897 1.09888315 0.14150938
v -0.72923255 1.06961917 0.13537383
v 0.76342403 1.07357692 0.14350026
v -0.75921261 1.04231047 0.13702975
v 0.79250943 1.05013597 0.14477056
v 0.81401443 1.03156328 0.14827939
v -0.79051899 1.0113219 0.13732655
v 0.82963144 1.01536083 0.14417682
v -0.82289731 0.97839731 0.13656592
v 0.85723006 0.98654735 0.14488326
v -0.85350656 0.94709003 0.13627208
v 0.885324 0.95543438 0.14590919
v -0.88450807 0.91541349 0.13536518
v 0.91541206 0.91847002 0.14234718
v -0.91615092 0.88330388 0.13628144
v 0.94386875 0.88189315 0.14176116
v -0.94703662 0.85192918 0.14056214
v 0.96626591 0.85216629 0.14270184
v -0.97526335 0.8219996 0.14160186
v 0.98482453 0.82605814 0.14138038
v -0.99927467 0.79556596 0.14635321
v 1.00986194 0.78945744 0.1406221
v -1.01931762 0.77058172 0.14651189
v 1.03130424 0.75605845 0.1386415
v -1.04046249 0.73940384 0.14154794
v 1.04440665 0.73354142 0.1352802
v -1.0604496 0.7052952 0.1373156
v 1.06031143 0.70538091 0.13612833
v -1.07561945 0.67565518 0.1361867
v 1.07537961 0.67600423 0.13621643
v -1.09293186 0.64153301 0.14534351
v 1.09289062 0.64158415 0.14534896
v -1.10589814 0.61199891 0.1483694
v 1.10587942 0.61195993 0.14834195
v -1.11885905 0.57797205 0.14824533
v 1.11877954 0.57810688 0.14829908
v -1.13086056 0.54333269 0.14592193
v 1.13083052 0.54332745 0.1459115
v -1.14093565 0.51242923 0.14438144
v 1.14088058 0.51257282 0.14442586
v -1.15020632 0.48271235 0.14382261
v 1.15010464 0.48298752 0.14380636
v -1.15925085 0.45170074 0.14303416
v 1.15921211 0.45167136 0.14277002
v -1.16772794 0.41992145 0.14068098
v 1.16788029 0.41930744 0.14052173
v -1.17610847 0.38603851 0.13842046
v 1.17613232 0.38605251 0.13840402
v -1.18261659 0.35696694 0.13668972
v 1.18250918 0.35765242 0.13598038
v -1.18886733 0.3248299 0.13568538
v 1.18894052 0.32497364 0.13463382
v -1.19314277 0.2975229 0.13498622
v 1.19323802 0.29755982 0.13468685
v -1.19668674 0.26630467 0.13547903
v 1.1967628 0.26570966 0.13627141
v -1.19881105 0.23386253 0.13828203
v 1.19883191 0.23267008 0.13906219
v -1.19930911 0.20135128 0.1423794
v 1.19930934 0.20010373 0.14290452
v -1.19844007 0.16849005 0.14525707
v 1.19842732 0.1679846 0.14556634
v -1.1963036 0.13740918 0.14731939
v 1.19621539 0.13662031 0.14735704
v -1.19331061 0.10809751 0.14761355
v 1.19317829 0.10695315 0.1476732
v -1.18966317 0.07917557 0.1467002
v 1.18957924 0.07863314 0.14757344
v -1.18441176 0.04660694 0.14716282
v 1.18454158 0.04732437 0.1478576
v -1.17653322 0.01578865 0.1466555
v 1.17661786 0.01627742 0.14673358
v -1.1631788 -0.01249784 0.14547532
v 1.16321599 -0.01235127 0.14540322
v -1.13848245 -0.04356518 0.14279031
v 1.13852584 -0.04349725 0.14276871
v -1.10737812 -0.06944847 0.14210051
v -1.07937645 -0.08532904 0.14130044
v 1.07940995 -0.08526393 0.14128789
v 1.10742521 -0.06938241 0.1420978
v -1.04757452 -0.09934371 0.14084431
v -1.01762628 -0.11173732 0.14018097
v 1.01750755 -0.1117468 0.14011833
v 1.0475831 -0.09928645 0.1408326
v -0.98495394 -0.12532882 0.13757023
v -0.95546817 -0.13819965 0.13648289
v 0.92596221 -0.15122748 0.14003971
v 0.95722502 -0.13683308 0.137757
v 0.98479557 -0.12533327 0.13747644
v -0.9232285 -0.15370148 0.13629803
v -0.89297866 -0.16956658 0.14023169
v 0.89033675 -0.17018818 0.1444107
v -0.859398 -0.1903693 0.14181825
v -0.83135765 -0.20688222 0.14501324
v 0.82907831 -0.20797717 0.14545153
v 0.85545927 -0.19176775 0.14594808
v -0.79965782 -0.22482839 0.14432832
v -0.76773357 -0.24204415 0.1417537
v 0.7674359 -0.24203366 0.14172366
v 0.79883664 -0.22517097 0.14401367
v -0.73743146 -0.25824302 0.14154622
v -0.70395028 -0.27595076 0.13838046
v 0.70373368 -0.27588605 0.13843847
v 0.7371186 -0.25825664 0.14152863
v -0.67113578 -0.29311594 0.13819325
v 0.67119997 -0.29290497 0.13697445
v -0.63612771 -0.31147551 0.14173767
v -0.60634326 -0.32842689 0.14243191
v 0.60843193 -0.32683417 0.13994422
v 0.63695144 -0.31074872 0.13773673
v -0.57248961 -0.34871202 0.13984009
v 0.5452187 -0.3651281 0.14038389
v 0.57090044 -0.34872293 0.13990733
v -0.54094302 -0.37023514 0.13687974
v -0.51220774 -0.39153793 0.13824063
v 0.51593267 -0.38808611 0.13889934
v -0.48157554 -0.41826531 0.14125646
v 0.48229706 -0.41785955 0.13765898
v -0.44755333 -0.45222893 0.14150428
v 0.44725674 -0.45281586 0.14010983
v -0.42099672 -0.48498547 0.13812211
v 0.42086419 -0.48499256 0.13819399
v -0.39990225 -0.52077412 0.13710701
v 0.39978933 -0.52066755 0.13722415
v -0.38799801 -0.55306685 0.1366949
v 0.38782995 -0.55303013 0.13676482
v -0.38081568 -0.58304297 0.1370607
v 0.38064396 -0.5830273 0.13713324
v -0.37652725 -0.61282753 0.13556619
v 0.37634402 -0.61273336 0.13575315
v -0.37488162 -0.64177191 0.13253676
v 0.37457305 -0.64056849 0.13408908
v -0.37497314 -0.67139029 0.1318476
v 0.37442666 -0.66809612 0.13595947
v -0.37594389 -0.70021629 0.13475275
v 0.37565863 -0.69895964 0.13630853
v -0.37805676 -0.73087471 0.13884827
v 0.37790358 -0.73065716 0.13902363
v -0.38257327 -0.76176142 0.13935124
v 0.38243037 -0.76159763 0.13939485
v -0.38737124 -0.79315096 0.14142914
v 0.38723588 -0.79300475 0.14147739
v -0.3908171 -0.82477283 0.14144659
v 0.39069792 -0.82466673 0.14146961
v -0.39044061 -0.85646963 0.14051145
v 0.3903346 -0.85644084 0.14051723
v -0.38114517 -0.88745415 0.14286911
v 0.38103851 -0.88745552 0.14286586
v -0.35997641 -0.91927301 0.14054577
v 0.35985752 -0.91927743 0.14053583
v -0.32997888 -0.94630587 0.135953
v -0.29738503 -0.96152138 0.13843901
v 0.29724061 -0.96151596 0.13843648
v 0.3298453 -0.94629997 0.13595154
v -0.26750978 -0.97104978 0.13967067
v -0.23791259 -0.9774599 0.14177186
v -0.20824608 -0.98199641 0.14360639
v -0.17806565 -0.98552548 0.14477595
v -0.14778538 -0.98814332 0.1457322
v -0.11491183 -0.9900577 0.14697068
v -0.07697343 -0.99146783 0.14738369
v -0.04029359 -0.99264192 0.14226944
v -0.00835102 -0.99345481 0.13555771
v 0.02279822 -0.99315166 0.13810896
v 0.05383869 -0.99210989 0.14593763
v 0.08524096 -0.99116557 0.14792677
v 0.11631472 -0.98998332 0.1467351
v 0.14707893 -0.98815953 0.14571248
v 0.17772218 -0.98552316 0.14481289
v 0.20810481 -0.98198175 0.14362144
v 0.23776879 -0.97745329 0.1417647
v 0.26734876 -0.97104632 0.13967259
v -0.48627531 1.24897849 0.10169519
v -0.45716071 1.25429582 0.10343562
v -0.42973804 1.25043749 0.1084551
v 0.44572734 1.2528187 0.10722754
v 0.47398981 1.25036537 0.10694991
v -0.54233181 1.21876239 0.10790208
v -0.51849275 1.23690247 0.1074416
v -0.3892501 1.23734879 0.11231171
v -0.35536658 1.22595 0.1154247
v -0.3251428 1.22371578 0.11494031
v -0.29402357 1.22889792 0.11219952
v -0.26157581 1.23435425 0.10953755
v -0.23022671 1.23722398 0.1125562
v -0.20081973 1.23686087 0.11413906
v -0.17435415 1.2349112 0.11422731
v -0.14450126 1.23216128 0.11405885
v -0.10788118 1.22920632 0.11520201
v -0.07339306 1.22697436 0.11492911
v -0.04280917 1.22545158 0.11461772
v -0.01197609 1.22384142 0.11418322
v 0.01803031 1.22222614 0.11223243
v 0.04652098 1.22115182 0.11028926
v 0.07573532 1.2208141 0.11271617
v 0.1079825 1.22069823 0.11450623
v 0.14169961 1.22127556 0.11259827
v 0.17275518 1.22332823 0.11291395
v 0.20500041 1.22581398 0.11187394
v 0.23475036 1.22755098 0.11162363
v 0.26440057 1.22712469 0.1111488
v 0.29621195 1.22440409 0.11320799
v 0.32676827 1.22188806 0.11529123
v 0.35571509 1.22562921 0.1157813
v 0.3863011 1.23649716 0.11482325
v 0.41955065 1.24796414 0.11102241
v 0.51216602 1.23989927 0.10824752
v 0.53936421 1.22304141 0.11164934
v -0.56423014 1.19091677 0.10354401
v 0.56265258 1.19524478 0.10958883
v -0.58644765 1.16521346 0.10729479
v 0.58574402 1.16900527 0.10691689
v -0.63914728 1.13060593 0.10934826
v -0.6113978 1.14663934 0.10544591
v 0.61062413 1.15002226 0.10795849
v 0.63989853 1.13651919 0.11052946
v 0.66636568 1.12592852 0.11194182
v -0.69245529 1.09666633 0.11260448
v -0.66705656 1.11417567 0.11264388
v 0.69677674 1.11143994 0.11124243
v 0.72563785 1.09435868 0.11087858
v -0.72619015 1.06892514 0.10669295
v 0.75815278 1.07141077 0.1144545
v -0.75799238 1.0399208 0.10893367
v 0.79190909 1.0428189 0.11259597
v -0.79021859 1.00808501 0.10869264
v 0.82216048 1.01654195 0.11814767
v -0.82201862 0.97618669 0.1070252
v 0.85495626 0.98232269 0.11413863
v -0.85205185 0.94585335 0.10599714
v 0.8831548 0.95150125 0.11573214
v -0.88224935 0.91491091 0.10446344
v 0.90939509 0.91857588 0.11081276
v -0.91447103 0.88188469 0.10630488
v 0.93578088 0.88444227 0.10883104
v -0.94483435 0.85057175 0.11045721
v 0.95713818 0.85632914 0.10944335
v -0.9701333 0.82302433 0.10969328
v 0.97949492 0.82506871 0.10811699
v -0.99210941 0.7982552 0.11293871
v 1.00469064 0.78850436 0.10770499
v -1.01384091 0.77083903 0.1138549
v 1.02192032 0.76135098 0.10556475
v -1.03537511 0.73867774 0.10916382
v 1.03706502 0.73595279 0.1036942
v -1.05277013 0.70782059 0.10360236
v 1.05270457 0.70781946 0.10280808
v -1.06862521 0.67699486 0.10235443
v 1.06857538 0.67708027 0.10247424
v -1.08588278 0.64401406 0.11122484
v 1.08578634 0.64416706 0.11114725
v -1.10056328 0.61200952 0.11556766
v 1.10049283 0.61215627 0.11553144
v -1.11414647 0.57780838 0.11589599
v 1.11406493 0.57798385 0.11585933
v -1.12812876 0.53986102 0.11557485
v 1.12802267 0.54008454 0.11549469
v -1.13787901 0.51071763 0.11332447
v 1.13770818 0.51109784 0.11315938
v -1.14692926 0.48225855 0.11174213
v 1.14676046 0.48251187 0.11126819
v -1.15656471 0.4506807 0.11051444
v 1.15695333 0.44927299 0.11015408
v -1.16537761 0.41978439 0.10829398
v 1.16611886 0.41778236 0.10896118
v -1.17424011 0.38664114 0.10611757
v 1.17396843 0.38881981 0.10689155
v -1.18141448 0.35759753 0.10553234
v 1.18080937 0.36159014 0.10474693
v -1.18823099 0.32628539 0.10705883
v 1.18845105 0.32721889 0.10458219
v -1.19280207 0.29999589 0.10624773
v 1.19330573 0.29965588 0.10517935
v -1.19674086 0.26926177 0.10718512
v 1.19719755 0.26856851 0.10719104
v -1.1994543 0.23566629 0.11057158
v 1.19972956 0.23523837 0.10983997
v -1.20057845 0.20133337 0.11348998
v 1.20069742 0.2012446 0.11291241
v -1.20020723 0.16828277 0.11494635
v 1.20024466 0.1684589 0.11485093
v -1.19843542 0.13692754 0.11531945
v 1.19842219 0.13694806 0.11531714
v -1.19530487 0.10601086 0.11578869
v 1.19524288 0.10552943 0.11550052
v -1.19108855 0.07598853 0.11591973
v 1.19104468 0.07562316 0.11590287
v -1.18570852 0.0462948 0.11428038
v 1.18576026 0.04672402 0.11515929
v -1.17691993 0.01537292 0.11430989
v 1.17695391 0.01560792 0.11454061
v -1.16265249 -0.01421386 0.1137692
v 1.16266751 -0.01419435 0.11364162
v -1.13931012 -0.04430249 0.11217527
v 1.13935232 -0.04424582 0.11205743
v -1.10893082 -0.07021157 0.11072197
v -1.07795429 -0.08858336 0.11066116
v 1.07798755 -0.0885191 0.11065756
v 1.10896813 -0.07015283 0.11070226
v -1.04859924 -0.10239093 0.10978981
v -1.01883435 -0.11538213 0.11007864
v 1.01850354 -0.11551256 0.10992635
v 1.04857897 -0.1023474 0.10976968
v -0.98464 -0.13079351 0.10738055
v -0.95254981 -0.14600294 0.10627146
v 0.95556932 -0.14407762 0.10758643
v 0.9845891 -0.13074481 0.10738261
v -0.92300379 -0.16060115 0.10855086
v -0.89576816 -0.17519778 0.11181283
v 0.8953135 -0.1750999 0.11262485
v 0.92565757 -0.15875709 0.10941956
v -0.86398291 -0.19387096 0.11331695
v -0.83191758 -0.21158036 0.11547444
v 0.83135855 -0.21173366 0.115317
v 0.86293309 -0.19400027 0.11482279
v -0.79817998 -0.22964982 0.112932
v 0.79792702 -0.22961027 0.11278775
v -0.76183378 -0.24840413 0.10802688
v -0.73116636 -0.26360732 0.10654373
v 0.73070585 -0.26364454 0.10661154
v 0.76153588 -0.24837377 0.10799238
v -0.69743824 -0.28070229 0.10175661
v -0.66753995 -0.29550555 0.10330084
v 0.66719925 -0.29547992 0.10332322
v 0.69642806 -0.28092801 0.10234837
v -0.63464653 -0.31240683 0.10810603
v -0.60848188 -0.32692766 0.11070427
v 0.60859841 -0.32635706 0.11158861
v 0.63460874 -0.31214588 0.10701555
v -0.57503747 -0.34719213 0.10664311
v -0.54472947 -0.36802375 0.10746991
v 0.54471999 -0.36708426 0.10929413
v 0.57196849 -0.34831732 0.10949914
v -0.51434695 -0.3912523 0.11106495
v 0.51490527 -0.39058798 0.11028706
v -0.48190265 -0.41837894 0.1138062
v 0.48187673 -0.41811153 0.10982328
v -0.44750469 -0.45158815 0.11259672
v 0.44737917 -0.45149281 0.11145177
v -0.41937765 -0.48684698 0.10966602
v 0.41931 -0.48670125 0.10978834
v -0.4008786 -0.52041065 0.10707686
v 0.40082216 -0.52027893 0.10717675
v -0.38972854 -0.55198168 0.1047199
v 0.38959273 -0.55193293 0.10476633
v -0.38221699 -0.5839371 0.10426221
v 0.38204938 -0.58392918 0.10430085
v -0.37794441 -0.61537265 0.10390307
v 0.37780791 -0.61544603 0.10383559
v -0.37657374 -0.6467449 0.10225484
v 0.37642157 -0.64661598 0.10243868
v -0.3775025 -0.67796999 0.10428656
v 0.37723308 -0.67678862 0.10576017
v -0.37969538 -0.70675379 0.10871232
v 0.37955635 -0.70660924 0.10889913
v -0.38329887 -0.73394644 0.1105241
v 0.38318345 -0.73399448 0.11045076
v -0.38853514 -0.76125997 0.10989476
v 0.38841226 -0.76120215 0.10992329
v -0.39422008 -0.79219591 0.10946442
v 0.3941054 -0.79214322 0.10948655
v -0.39827635 -0.82522904 0.10756282
v 0.39817184 -0.82521021 0.10756525
v -0.39730054 -0.85852003 0.10733285
v 0.39719918 -0.85852319 0.10732156
v -0.38825959 -0.89185553 0.11039587
v 0.38815188 -0.8918606 0.11038138
v -0.37252539 -0.91837173 0.10748004
v 0.37240618 -0.91837239 0.10746974
v -0.34707433 -0.94142407 0.10857264
v -0.32619309 -0.95379781 0.10919508
v 0.32605296 -0.95379364 0.10919416
v 0.34694156 -0.94142162 0.10856822
v -0.29387205 -0.96759641 0.10588982
v -0.26586633 -0.97577142 0.10781768
v -0.23761859 -0.98118579 0.11092479
v -0.20776833 -0.98560285 0.11256946
v -0.17754377 -0.98900157 0.11365996
v -0.14769651 -0.99141275 0.11481481
v -0.11613616 -0.99305594 0.11609238
v -0.07847752 -0.99430322 0.11483899
v -0.04128523 -0.99538433 0.10710076
v -0.00902133 -0.99593043 0.10147164
v 0.02224856 -0.9957444 0.10333046
v 0.05340674 -0.99494838 0.11132503
v 0.08499798 -0.99407398 0.11620546
v 0.11622944 -0.99304413 0.11594881
v 0.14692989 -0.99142777 0.1146767
v 0.17736461 -0.98899078 0.11366491
v 0.20763897 -0.98559153 0.11257469
v 0.23746529 -0.98117506 0.1109302
v 0.26571422 -0.97576332 0.10782044
v 0.29372483 -0.96758854 0.10589304
v -0.45925793 1.25141072 0.07598917
v -0.42971605 1.24813127 0.0789171
v 0.42683562 1.24728977 0.07949963
v 0.45226198 1.25186216 0.07754931
v 0.47507503 1.24932837 0.07624094
v -0.53592193 1.22359824 0.0766666
v -0.51800847 1.23643446 0.07637152
v -0.48929381 1.24623584 0.07279004
v -0.38894391 1.23522365 0.08151145
v -0.35633152 1.22384166 0.08425401
v -0.3255518 1.22028088 0.08299787
v -0.29445958 1.22442829 0.08007366
v -0.26227116 1.2288866 0.07636263
v -0.23063755 1.23141646 0.07844027
v -0.20084518 1.23167443 0.08029231
v -0.17497554 1.23060178 0.08101651
v -0.14480313 1.22876274 0.0817234
v -0.10734179 1.22631514 0.08195744
v -0.07260187 1.22424936 0.08161968
v -0.04282742 1.22261047 0.08204039
v -0.01438392 1.22099113 0.08397845
v 0.01490187 1.21922242 0.08201502
v 0.17048594 1.21943187 0.0827106
v 0.20414707 1.22110271 0.08185215
v 0.23424388 1.22198009 0.08022611
v 0.26445925 1.22164046 0.07985131
v 0.29623094 1.22008764 0.08404162
v 0.32733139 1.21883702 0.08677926
v 0.35747888 1.22369778 0.08553676
v 0.38876819 1.23475456 0.08213679
v 0.50953257 1.24003636 0.07579656
v 0.53582543 1.22608232 0.08059933
v -0.55509662 1.19818186 0.07672607
v 0.04713193 1.21781897 0.076497
v 0.07978923 1.21768951 0.07932801
v 0.10896726 1.21770799 0.08206281
v 0.13944242 1.2179327 0.08053591
v 0.55525887 1.20149815 0.07943968
v -0.57659822 1.17140865 0.08143466
v 0.57691264 1.17225408 0.07600844
v -0.6377803 1.12551879 0.07523061
v -0.60971444 1.14176249 0.07414397
v 0.61015498 1.14420282 0.07675342
v 0.64001369 1.1301434 0.08049897
v -0.69228732 1.09345912 0.08351515
v -0.66631305 1.11046743 0.08096917
v 0.66860151 1.11885833 0.08179463
v 0.69955384 1.10362625 0.08202516
v -0.72393095 1.06700706 0.07767828
v 0.72978878 1.08514368 0.08262238
v 0.75787943 1.0646919 0.08638165
v -0.75549304 1.03815364 0.07962387
v 0.79065322 1.03560638 0.08224821
v -0.7880761 1.00620913 0.07913281
v 0.82137668 1.00768196 0.08325803
v -0.82007944 0.9743725 0.07653485
v 0.85178053 0.97712433 0.08267217
v -0.85119199 0.94365191 0.07800806
v 0.87528955 0.95233887 0.08521498
v -0.87996178 0.9145056 0.07966196
v 0.89663803 0.92558038 0.08013092
v -0.91054797 0.88242244 0.07921141
v 0.92279565 0.89206689 0.07782969
v -0.93690347 0.85464632 0.08092717
v 0.94974649 0.8568598 0.07837541
v -0.95985984 0.82895481 0.07918372
v 0.9766289 0.82002776 0.07898577
v -0.98391026 0.80103313 0.08115775
v 0.999457 0.78654658 0.07800926
v -1.008937 0.76909029 0.08288313
v 1.01381182 0.76326876 0.07487246
v -1.02996754 0.7366954 0.07765121
v 1.03036379 0.7360109 0.07439996
v -1.04647827 0.70626246 0.07132392
v 1.04647672 0.70650947 0.07187817
v -1.06334161 0.67422729 0.07180825
v 1.06368041 0.67402803 0.07288296
v -1.08091068 0.64183044 0.08126539
v 1.08084678 0.6419388 0.08119747
v -1.09628534 0.60873454 0.08512143
v 1.09608209 0.60907781 0.08489146
v -1.10958206 0.57631003 0.08571834
v 1.10942673 0.57653915 0.08544211
v -1.12372684 0.5395199 0.08656319
v 1.12344884 0.54003703 0.08620474
v -1.13384115 0.51046896 0.08367168
v 1.13343083 0.51119768 0.08292432
v -1.14249074 0.48384922 0.08043821
v 1.1424005 0.48357993 0.07938098
v -1.15205621 0.45396038 0.07859414
v 1.15331852 0.45030987 0.07881194
v -1.16214573 0.42121973 0.07696585
v 1.16321373 0.41907644 0.0781029
v -1.17182612 0.38747003 0.07492972
v 1.17088472 0.39314264 0.07554327
v -1.17976808 0.35831967 0.07669484
v 1.17887663 0.36488902 0.07625757
v -1.18690061 0.32889604 0.08072142
v 1.18787312 0.32896313 0.07870349
v -1.19202685 0.30225685 0.07917493
v 1.19332444 0.30107423 0.07746327
v -1.19662213 0.27001491 0.07980762
v 1.19757926 0.26988509 0.07744914
v -1.19988751 0.23470899 0.08234133
v 1.20054459 0.23523461 0.07916635
v -1.20136821 0.20032882 0.08327957
v 1.20180201 0.20085033 0.08122308
v -1.20134735 0.1686258 0.08307355
v 1.20159053 0.16888225 0.08222504
v -1.19995951 0.13762909 0.08284531
v 1.20005035 0.13777315 0.08243727
v -1.19693708 0.10575604 0.08330281
v 1.19694256 0.10587563 0.08305451
v -1.19259142 0.07543782 0.08169097
v 1.192559 0.07550904 0.08298479
v -1.18721842 0.0484654 0.07712845
v 1.18721199 0.04870385 0.08032465
v -1.17718541 0.01595012 0.07829092
v 1.17737007 0.0165099 0.07939548
v -1.16179847 -0.01500585 0.0791212
v 1.16195035 -0.01471697 0.07919702
v -1.13833916 -0.04492312 0.0795646
v 1.13838529 -0.04484846 0.07943913
v -1.10732781 -0.07159563 0.0801774
v 1.10738992 -0.07151369 0.08005528
v -1.07364702 -0.09248701 0.08246032
v -1.04790556 -0.10536433 0.08014021
v -1.02006626 -0.11823693 0.0802764
v 1.02007675 -0.11815257 0.08033053
v 1.04780006 -0.10537074 0.08010227
v 1.07365453 -0.09243813 0.082439
v -0.98384577 -0.13588495 0.07620627
v 0.95454967 -0.15018963 0.07437293
v 0.98626267 -0.13434062 0.0774393
v -0.94715476 -0.15463629 0.07136415
v -0.92324483 -0.16660873 0.07633128
v -0.89601612 -0.18161889 0.0813106
v 0.8965218 -0.18125125 0.08077559
v 0.92719543 -0.16436721 0.07630406
v -0.86417019 -0.1998218 0.0837823
v 0.86402499 -0.19968922 0.08385377
v -0.82863545 -0.21929529 0.08448733
v -0.79655945 -0.23597014 0.08252106
v 0.79624116 -0.23593908 0.08253129
v 0.82839876 -0.21924561 0.08437777
v -0.76123261 -0.25369119 0.07856608
v -0.7306528 -0.2686367 0.07624281
v 0.7295556 -0.26890164 0.07665223
v 0.76074296 -0.25373783 0.07860577
v -0.69845509 -0.28464001 0.07168384
v -0.66906738 -0.29876345 0.07154767
v 0.66779613 -0.29912835 0.07204264
v 0.69609493 -0.28540772 0.07263964
v -0.63662266 -0.31438353 0.07505765
v -0.60977584 -0.32778161 0.07937775
v 0.60717964 -0.32881975 0.08070196
v 0.63501292 -0.31492263 0.07540721
v -0.57432687 -0.34787029 0.07719704
v -0.54242044 -0.36787045 0.08103863
v 0.54134702 -0.36836057 0.08184829
v 0.57195371 -0.34874665 0.08083926
v -0.51350462 -0.38916546 0.08181186
v 0.51328599 -0.38934063 0.0818718
v -0.48067587 -0.41666495 0.07918486
v 0.48060092 -0.41656732 0.07818967
v -0.44793495 -0.44971823 0.07886909
v 0.44787085 -0.44957488 0.07896252
v -0.42059439 -0.48539176 0.08288012
v 0.42070496 -0.48509311 0.08320212
v -0.40466806 -0.51320481 0.08265935
v 0.40449863 -0.5131793 0.0825549
v -0.39229854 -0.54266142 0.07822175
v 0.3924334 -0.54229879 0.07837867
v -0.38355085 -0.57375627 0.07522536
v 0.38343244 -0.57369172 0.07528571
v -0.37815803 -0.60664486 0.07281325
v 0.37800073 -0.60663163 0.07282004
v -0.37665593 -0.64239537 0.07160662
v 0.37653157 -0.642466 0.07148943
v -0.37890428 -0.67737591 0.07718813
v 0.37877327 -0.67731106 0.07726081
v -0.38306003 -0.7086178 0.08300563
v 0.38295167 -0.70870226 0.08289052
v -0.3886677 -0.73769962 0.08162304
v 0.38855606 -0.73769033 0.08162646
v -0.39532131 -0.76837837 0.0801479
v 0.39521214 -0.7683568 0.08015457
v -0.40192103 -0.80260777 0.0774313
v 0.40182089 -0.80260169 0.07742386
v -0.40627193 -0.83381474 0.07239447
v 0.40617296 -0.83381831 0.07237439
v -0.40530049 -0.8613258 0.07149186
v 0.4052003 -0.86132937 0.07147444
v -0.3962951 -0.89192831 0.07534968
v 0.39618605 -0.89193189 0.07533326
v -0.38050848 -0.91713064 0.07602515
v 0.38038843 -0.91713142 0.07601468
v -0.35220599 -0.94227373 0.07941263
v -0.32554167 -0.95805382 0.07967528
v 0.32539957 -0.95804858 0.07967584
v 0.35207253 -0.94227117 0.07940999
v -0.29245179 -0.97139036 0.0765818
v -0.26533883 -0.978612 0.07815474
v -0.23717096 -0.98384177 0.08020739
v -0.20744893 -0.98820054 0.08157716
v -0.17761418 -0.99148279 0.08281034
v -0.14749568 -0.99382805 0.0840848
v -0.11413137 -0.99549174 0.08420577
v -0.07650701 -0.99668192 0.0805196
v -0.04084044 -0.99750709 0.07284675
v -0.0090985 -0.99773025 0.07014261
v 0.02233957 -0.99765175 0.07101249
v 0.05419561 -0.9971944 0.07629591
v 0.08555595 -0.9963904 0.08307245
v 0.1163724 -0.99537181 0.08516337
v 0.1469877 -0.99382436 0.08402204
v 0.17727619 -0.99148017 0.08274358
v 0.20729818 -0.98818969 0.08158041
v 0.23702243 -0.98383122 0.08021317
v 0.26518648 -0.97860282 0.07815913
v 0.29230231 -0.97138261 0.07658527
v -0.53265291 1.21683931 0.05106206
v -0.51566159 1.22650349 0.04728365
v -0.48963424 1.23626852 0.04391544
v -0.45804023 1.24002695 0.04480699
v -0.42542332 1.23585939 0.04756291
v -0.38864526 1.22514498 0.05108772
v -0.36016544 1.21676993 0.05177586
v -0.29324173 1.21900153 0.0479913
v -0.25872176 1.22338318 0.04776927
v -0.22926981 1.22519874 0.04792148
v -0.20147275 1.22584509 0.04829407
v -0.1756944 1.22588324 0.04853846
v -0.14509558 1.22536385 0.04993266
v -0.10811847 1.22374129 0.04895801
v -0.07426521 1.22196388 0.04847382
v -0.04611414 1.2202984 0.05070526
v -0.0175038 1.21831107 0.05332749
v 0.36001092 1.21667683 0.05249923
v 0.38813847 1.22473943 0.05039776
v 0.42631951 1.23553931 0.04705882
v 0.45784014 1.23994183 0.0447724
v 0.48342067 1.23772835 0.04494384
v 0.51048439 1.22928643 0.04610022
v 0.5324707 1.21864748 0.05240808
v -0.54684621 1.19821739 0.04951546
v -0.32802131 1.21440506 0.04817346
v 0.01334408 1.21624064 0.05127297
v 0.04626932 1.21501135 0.04619555
v 0.08027059 1.21512818 0.04794655
v 0.10964991 1.21510064 0.04823911
v 0.13934174 1.21494734 0.04695876
v 0.17070643 1.21544289 0.04991222
v 0.2033796 1.21563315 0.04907521
v 0.23374551 1.21522569 0.04601926
v 0.26514405 1.21477973 0.04506017
v 0.29637521 1.21375799 0.04757129
v 0.32826924 1.2128967 0.05056735
v 0.54699283 1.20041823 0.05203009
v -0.57225245 1.16638112 0.04777903
v 0.57096922 1.16919326 0.04928508
v -0.60844916 1.13528001 0.04440004
v 0.60673475 1.13832283 0.04864175
v 0.6383264 1.12316918 0.05193106
v -0.6695528 1.10216307 0.04747229
v -0.64068543 1.11673104 0.04312535
v 0.66815054 1.11177742 0.05258751
v 0.69910037 1.09615719 0.05230898
v -0.72349047 1.06356108 0.05164564
v -0.69656729 1.08548569 0.05268088
v 0.73307275 1.0741173 0.05219006
v -0.75066107 1.03832769 0.05132675
v 0.76418471 1.04973435 0.05218934
v -0.78430926 1.00482821 0.04454071
v 0.79449844 1.02269399 0.04950429
v 0.82082426 0.9990592 0.05219099
v -0.81758868 0.97242355 0.0450561
v 0.84621274 0.97316092 0.05031716
v -0.84948033 0.94157123 0.04998084
v 0.8642081 0.95425009 0.05138556
v -0.8764894 0.9146344 0.05474654
v 0.88758623 0.92635703 0.04846414
v -0.90308296 0.88553381 0.04847992
v 0.91598403 0.89112079 0.04834421
v -0.92555862 0.86072135 0.04593096
v 0.94551247 0.85231876 0.0484067
v -0.9503259 0.83270841 0.04696898
v 0.97004878 0.81836992 0.04844731
v -0.97903102 0.79900741 0.0512074
v 0.98814761 0.790362 0.0443606
v -1.00446128 0.76620638 0.05354756
v 1.00251877 0.76682961 0.04042913
v -1.02212214 0.73757207 0.04770773
v 1.02060258 0.73815387 0.04187668
v -1.03880882 0.70674836 0.0420757
v 1.0389564 0.70655071 0.04229465
v -1.05560648 0.6762588 0.0441371
v 1.05657529 0.67574179 0.04690594
v -1.07339692 0.64442521 0.05300683
v 1.0735917 0.6443299 0.0534898
v -1.08867001 0.61144673 0.05409776
v 1.0885427 0.61150854 0.05362
v -1.10274553 0.57828557 0.05396543
v 1.1025604 0.57793343 0.05237548
v -1.11677646 0.54277694 0.05391344
v 1.11631274 0.54338437 0.05263184
v -1.12913835 0.51017743 0.05326513
v 1.12831533 0.51133602 0.05140449
v -1.13807785 0.48393428 0.04990371
v 1.13811969 0.48278629 0.04791645
v -1.1477791 0.45521029 0.0481032
v 1.14950442 0.45068034 0.04849192
v -1.15938127 0.42025184 0.04763559
v 1.15981125 0.42046964 0.0479468
v -1.16918468 0.38768512 0.04454921
v 1.16810894 0.39418089 0.04473204
v -1.17754244 0.3589943 0.04540558
v 1.17733216 0.36419126 0.047092
v -1.18467211 0.33181291 0.04794839
v 1.18673777 0.32990467 0.05020618
v -1.1907854 0.30322563 0.04775594
v 1.1930952 0.30054354 0.04675599
v -1.19627761 0.26920658 0.05038217
v 1.19801735 0.26811412 0.04458081
v -1.19998335 0.23328836 0.05235589
v 1.20125937 0.23347954 0.04550071
v -1.20152401 0.19995537 0.05166277
v 1.20254373 0.20038089 0.04698524
v -1.20165431 0.16912506 0.05074828
v 1.20238125 0.16932863 0.0477735
v -1.20061743 0.13814067 0.05082476
v 1.20101392 0.1382865 0.04891038
v -1.1978811 0.10598748 0.05093676
v 1.19805789 0.10625274 0.0507238
v -1.19360649 0.0757073 0.0485406
v 1.19368565 0.07605693 0.05194792
v -1.18816995 0.05006604 0.04497169
v 1.18838203 0.05084278 0.04963418
v -1.17734646 0.01689031 0.04640343
v 1.17793178 0.01851714 0.04712367
v -1.1617037 -0.01375593 0.04735254
v 1.16214251 -0.01271833 0.0474582
v -1.13827049 -0.04358162 0.04849558
v 1.13816881 -0.04355461 0.04886409
v -1.10627603 -0.0719282 0.05027332
v 1.10628962 -0.07188722 0.05020363
v -1.07115602 -0.09483583 0.05486984
v -1.04659938 -0.10785777 0.05084835
v -1.02047371 -0.12065485 0.04856641
v 1.02008497 -0.120808 0.04846411
v 1.04659068 -0.10780392 0.0508142
v 1.07113099 -0.09479112 0.05481507
v -0.98804235 -0.13694232 0.04517637
v 0.98806756 -0.13681203 0.04533994
v -0.95093643 -0.15650191 0.03921874
v -0.92581582 -0.1697466 0.04363327
v 0.92616742 -0.16948622 0.04324005
v 0.95331215 -0.15494938 0.04046494
v -0.89292043 -0.18816211 0.0496157
v -0.86301481 -0.20503306 0.05262768
v 0.86267173 -0.20503494 0.05264806
v 0.89243269 -0.18828672 0.04943963
v -0.82968235 -0.223304 0.05187218
v -0.79933893 -0.23915435 0.04978562
v 0.79893636 -0.23916488 0.04980529
v 0.82934612 -0.22328774 0.05189181
v -0.76533037 -0.25629606 0.04706481
v -0.73120528 -0.2734791 0.04405896
v 0.73135042 -0.27325043 0.04385027
v 0.76505082 -0.25625214 0.04701181
v -0.70049941 -0.28859305 0.04234159
v -0.66974747 -0.30349957 0.04121309
v 0.6715042 -0.30227589 0.04232959
v 0.70071589 -0.2882744 0.04240406
v -0.63831138 -0.31831175 0.04384961
v -0.60892182 -0.33243542 0.0482244
v 0.60593318 -0.33441495 0.04564707
v 0.63768267 -0.31848144 0.04375777
v -0.57235497 -0.35231477 0.04838777
v 0.57285058 -0.35173097 0.04993391
v -0.53804481 -0.37251389 0.05251154
v -0.5137642 -0.39054191 0.05009845
v 0.51388317 -0.39035198 0.0502327
v 0.53851193 -0.37200486 0.0530411
v -0.4820733 -0.41862201 0.04338962
v 0.48201847 -0.4184497 0.0433748
v -0.44961515 -0.45095908 0.04281818
v 0.44969058 -0.45070278 0.04315928
v -0.42412138 -0.48216456 0.05107248
v 0.423296 -0.48328557 0.05149388
v -0.40922799 -0.5057882 0.05482872
v 0.40637624 -0.50898242 0.05334254
v -0.39279031 -0.53729218 0.05293382
v 0.39252907 -0.53741586 0.05283651
v -0.38238248 -0.56690192 0.05149925
v 0.38250452 -0.56650263 0.05164887
v -0.37544584 -0.59951794 0.0453141
v 0.37533497 -0.59944027 0.04539235
v -0.3739528 -0.6356436 0.04179365
v 0.37380459 -0.63559395 0.04178657
v -0.37788897 -0.67247676 0.04670985
v 0.37775236 -0.67246151 0.04665548
v -0.38484859 -0.70608782 0.05299789
v 0.38471838 -0.70607292 0.05296224
v -0.39196229 -0.7365809 0.04900211
v 0.39184564 -0.73655831 0.04898926
v -0.39964777 -0.76861894 0.04829815
v 0.39954131 -0.76861274 0.04827017
v -0.40683123 -0.80379366 0.04724088
v 0.40672951 -0.8037942 0.04721259
v -0.41062229 -0.83340203 0.04465807
v 0.41052103 -0.83342379 0.04461262
v -0.40995532 -0.86112868 0.04396857
v 0.40985173 -0.86113619 0.0439428
v -0.4021942 -0.89031595 0.04390531
v 0.40208432 -0.89031565 0.04389596
v -0.38433688 -0.91769969 0.04348409
v 0.38421529 -0.91770017 0.04347877
v -0.35339897 -0.94497007 0.04538927
v -0.32609123 -0.96091961 0.04571072
v 0.32594692 -0.96091425 0.045717
v 0.35326433 -0.94496548 0.04538578
v -0.29496565 -0.97259813 0.04556122
v -0.26625081 -0.97993803 0.04745263
v -0.23692518 -0.98552572 0.04927362
v -0.20737904 -0.98985123 0.05075373
v -0.17766559 -0.993083 0.05211018
v -0.14617088 -0.99549436 0.05287478
v -0.10952507 -0.99734652 0.05010653
v -0.07268014 -0.99849283 0.04469821
v -0.04011436 -0.99900341 0.04024496
v -0.00951685 -0.99905401 0.03998138
v 0.02174126 -0.99903124 0.03998748
v 0.05383821 -0.99881672 0.0414632
v 0.08536068 -0.9981389 0.04694166
v 0.1162247 -0.99704849 0.05241359
v 0.14712134 -0.99542462 0.05332826
v 0.17741233 -0.99307584 0.05205891
v 0.20719191 -0.98984158 0.05074264
v 0.23677173 -0.98551499 0.04927703
v 0.26609939 -0.97992861 0.04745772
v 0.29481774 -0.97258871 0.04556462
v -0.48720586 1.22043108 0.02161112
v -0.45726174 1.22414135 0.02082025
v -0.42478603 1.21810674 0.02069689
v -0.25945863 1.21730089 0.02274459
v -0.23278474 1.21902561 0.02254822
v -0.20593455 1.21988701 0.02044295
v -0.17623071 1.2210052 0.01912258
v -0.14364692 1.2222017 0.02215938
v -0.10839884 1.22155678 0.02065681
v -0.07603349 1.22003984 0.01937973
v -0.04795577 1.21810042 0.02076888
v 0.42543554 1.21812439 0.02057755
v 0.45870792 1.22378587 0.02080152
v 0.48725968 1.22050595 0.02211885
v -0.54024893 1.19275689 0.02979581
v -0.51498222 1.20389676 0.02115289
v -0.39034533 1.20858812 0.0191551
v -0.36266732 1.20386588 0.01568694
v -0.33127689 1.20580005 0.01453315
v -0.29549971 1.21228468 0.01894876
v -0.01731107 1.21550536 0.02137863
v 0.01383882 1.21340823 0.02010227
v 0.0452939 1.21265411 0.01759215
v 0.07922686 1.21291303 0.01793202
v 0.10933184 1.21283173 0.01655157
v 0.13802504 1.21233224 0.0164284
v 0.16888588 1.2114911 0.01855637
v 0.20093987 1.20971489 0.01585244
v 0.23301273 1.20831847 0.01372082
v 0.2652651 1.20821535 0.01532602
v 0.29643452 1.20727312 0.01627101
v 0.32913228 1.20437026 0.01497247
v 0.36211895 1.20381653 0.01576322
v 0.39006382 1.20856082 0.01875813
v 0.51415371 1.20521497 0.02158141
v 0.54050064 1.19347345 0.0309275
v -0.56609785 1.16007471 0.02010688
v -0.54188978 1.1682136 0.01006085
v 0.54206585 1.16810846 0.01050126
v 0.56596708 1.16046512 0.0208604
v -0.60446453 1.13038229 0.01678751
v 0.60412454 1.13104033 0.01807417
v -0.66998034 1.09442877 0.01320763
v -0.64009696 1.10964214 0.01211169
v 0.63974624 1.1134715 0.01860212
v 0.67031467 1.10191333 0.0211796
v -0.72005319 1.06217098 0.02419983
v -0.69728142 1.07881903 0.02056715
v 0.69992077 1.08736622 0.02190429
v 0.73084402 1.06774473 0.02334901
v -0.7365579 1.04670608 0.02062552
v 0.76252651 1.0419532 0.02123784
v -0.76670247 1.01736593 0.0151449
v 0.79386824 1.01342845 0.01828432
v -0.81873643 0.96695506 0.01581294
v -0.79162365 0.99351775 0.01638104
v 0.82365369 0.98582547 0.01986149
v -0.84661132 0.93971467 0.01774675
v 0.85321474 0.95628452 0.02141523
v -0.86606109 0.92034316 0.02062231
v 0.88284134 0.92109692 0.01648288
v -0.89077961 0.89316356 0.01519737
v 0.91239392 0.88484048 0.01710678
v -0.91685843 0.86380004 0.01367103
v 0.93838149 0.84967535 0.01488828
v -0.94599038 0.83030593 0.01710553
v 0.95824015 0.82117223 0.01290287
v -0.97500759 0.79570233 0.02266402
v 0.97381573 0.79696142 0.00926342
v -0.99785661 0.76553809 0.02535773
v 0.99094975 0.77126002 0.01000604
v -1.01469504 0.73794108 0.02147308
v 1.01253438 0.7389214 0.01513588
v -1.03284716 0.70501112 0.01707727
v 1.03274679 0.70513689 0.01684126
v -1.05040717 0.67380917 0.01929406
v 1.05043172 0.67502343 0.02177083
v -1.06790304 0.64221549 0.02556709
v 1.06762981 0.64275002 0.02545266
v -1.08192801 0.61088264 0.02343471
v 1.08186841 0.61067444 0.02260177
v -1.09714078 0.57648658 0.02478983
v 1.09650707 0.57591903 0.02025665
v -1.11069989 0.54282522 0.02372947
v 1.10995459 0.54323661 0.02007136
v -1.12407159 0.50916457 0.0241247
v 1.12295484 0.51020777 0.02046358
v -1.1335597 0.48280358 0.02063094
v 1.13356089 0.48043599 0.01725235
v -1.14340138 0.45496803 0.01888093
v 1.14484953 0.45026907 0.01808217
v -1.15591406 0.4195491 0.01890189
v 1.15587377 0.42017734 0.01819757
v -1.16639626 0.3867287 0.01515486
v 1.1661576 0.39008429 0.01478286
v -1.17578935 0.35595616 0.01491263
v 1.17569828 0.36100137 0.015881
v -1.18329644 0.3289158 0.01577819
v 1.18441522 0.33117517 0.01703183
v -1.18997776 0.29973682 0.01609019
v 1.19213604 0.29907926 0.01348016
v -1.19551622 0.26759427 0.01793877
v 1.19811892 0.26517617 0.0106433
v -1.19933831 0.23322098 0.01988675
v 1.20162105 0.23190751 0.01117896
v -1.20097112 0.20073196 0.01986122
v 1.20287799 0.20050007 0.01243859
v -1.20118463 0.17001453 0.01934029
v 1.20272135 0.17009839 0.01257948
v -1.20040428 0.13886652 0.01907709
v 1.20149624 0.13915357 0.01472319
v -1.19808888 0.1067229 0.01791972
v 1.19880437 0.10720391 0.01732471
v -1.19416129 0.07650888 0.01599545
v 1.19462919 0.07731327 0.01929857
v -1.18886399 0.05138836 0.01491539
v 1.18916893 0.05227726 0.0180343
v -1.17812323 0.01886959 0.01481248
v 1.17810249 0.01933942 0.01566672
v -1.16289615 -0.01062442 0.01591957
v 1.16278839 -0.01033664 0.01776628
v -1.13853156 -0.04125799 0.01721946
v 1.13791751 -0.04174157 0.01901438
v -1.1039884 -0.07228022 0.01528231
v 1.1036973 -0.07252423 0.01572684
v -1.06745708 -0.09728705 0.0182471
v -1.0421642 -0.11159546 0.01672872
v 1.04284191 -0.11115172 0.0164565
v 1.06750023 -0.0972304 0.01819764
v -1.01635778 -0.12515428 0.01413129
v -0.98753547 -0.13958612 0.01422723
v 0.98708832 -0.1397438 0.01414247
v 1.01632416 -0.12509626 0.0140923
v -0.95258653 -0.15736562 0.01322003
v -0.92571902 -0.17177605 0.01499257
v 0.92516994 -0.17195645 0.01484749
v 0.95243048 -0.15731108 0.01334097
v -0.8905915 -0.19166865 0.01854679
v -0.86231404 -0.20774596 0.02090024
v 0.86194384 -0.20776963 0.02090367
v 0.89026606 -0.19166545 0.01862581
v -0.83173513 -0.22485558 0.01970268
v -0.80002063 -0.24258311 0.01539382
v 0.79966914 -0.24260619 0.01530009
v 0.83139497 -0.22484552 0.01971722
v -0.7654165 -0.26064351 0.01303174
v 0.7653256 -0.26060473 0.01261459
v -0.72801315 -0.27977499 0.01051346
v -0.69783353 -0.29456067 0.01135308
v 0.67216986 -0.30641734 0.01435093
v 0.7018603 -0.29237151 0.01166358
v 0.72941076 -0.27907943 0.0097133
v -0.66596162 -0.31010305 0.01128779
v -0.63773298 -0.32369726 0.0139684
v -0.60748481 -0.33867669 0.0166877
v 0.6377803 -0.32399606 0.01270012
v -0.57389336 -0.35715755 0.01661571
v 0.57390773 -0.3576326 0.01343619
v 0.60248524 -0.34308683 0.00816368
v -0.53956145 -0.37776702 0.02089807
v -0.51488548 -0.3954696 0.02127107
v 0.51455509 -0.39542296 0.0214599
v 0.53921473 -0.37778064 0.0209817
v -0.48435416 -0.41999766 0.01395934
v 0.48418879 -0.41990566 0.01407227
v -0.44975742 -0.44968211 0.01143591
v 0.44903117 -0.45069921 0.01198896
v -0.42267826 -0.47838163 0.01893792
v 0.41850596 -0.4841361 0.01899236
v -0.40398201 -0.50631672 0.02567493
v 0.39578494 -0.51618075 0.02200539
v -0.38515609 -0.53954637 0.02521112
v 0.38234385 -0.54259693 0.02374781
v -0.37436816 -0.56978321 0.02338056
v 0.37394869 -0.56943106 0.02286719
v -0.36700487 -0.60449367 0.01443568
v 0.36691004 -0.60423684 0.01444144
v -0.36644449 -0.63660991 0.00967283
v 0.36629906 -0.63649314 0.0096986
v -0.37183642 -0.66793513 0.01243327
v 0.37162864 -0.66783148 0.01231932
v -0.38246083 -0.70227134 0.0209287
v 0.38233888 -0.70226264 0.0209094
v -0.39161312 -0.73515081 0.0156464
v 0.39141404 -0.73509049 0.01548208
v -0.400523 -0.76675581 0.01459831
v 0.40041366 -0.76679611 0.0145368
v -0.40877753 -0.80095273 0.01423933
v 0.40863394 -0.80099326 0.01407162
v -0.41291278 -0.82926225 0.01478615
v 0.41281235 -0.82923698 0.0147969
v -0.41300076 -0.85781085 0.0164574
v 0.4128828 -0.8578701 0.01635152
v -0.40615737 -0.8861233 0.01517143
v 0.40604507 -0.88613033 0.01515645
v -0.3858546 -0.91758233 0.01346835
v 0.3857333 -0.9175769 0.013461
v -0.35336864 -0.9467858 0.01298676
v -0.32605406 -0.96220064 0.01322754
v 0.32589101 -0.96220541 0.01323285
v 0.35321915 -0.94678521 0.01296066
v -0.29603159 -0.97289562 0.01471963
v -0.2661888 -0.98057007 0.01671802
v -0.23666451 -0.98633122 0.01855441
v -0.20742817 -0.99063897 0.02001745
v -0.17802992 -0.99388176 0.02140662
v -0.14666467 -0.99634659 0.02138257
v -0.10887789 -0.99827837 0.01568495
v -0.07181177 -0.9993807 0.00992841
v -0.04029488 -0.99974429 0.00885161
v -0.00995548 -0.99977451 0.00973619
v 0.02129972 -0.99975013 0.00965494
v 0.05336209 -0.99960649 0.00882762
v 0.08506767 -0.99906677 0.01084999
v 0.11594463 -0.99800014 0.01791309
v 0.14710149 -0.99630272 0.02189279
v 0.17756849 -0.99388152 0.0213332
v 0.20725485 -0.99062925 0.02001621
v 0.23652154 -0.98631954 0.01856203
v 0.26604059 -0.98055744 0.01671896
v 0.29588115 -0.97288918 0.01473261
v -0.14147761 1.21824955 -0.0064944
v -0.10775594 1.21904861 -0.00542946
v -0.47921055 1.19086527 -0.00504849
v -0.44920069 1.19504249 -0.00903231
v -0.42020022 1.19204115 -0.01176781
v -0.38986775 1.19065213 -0.01327754
v -0.36035358 1.19368815 -0.01477835
v -0.33166134 1.19877517 -0.01448968
v -0.30191618 1.20405864 -0.01226619
v -0.26944232 1.20776534 -0.01109033
v -0.23999854 1.20988464 -0.01226039
v -0.20859187 1.21162843 -0.01613789
v -0.17521408 1.2144382 -0.01615462
v -0.07503981 1.21763205 -0.00979599
v -0.04506652 1.21522283 -0.01366328
v -0.0143883 1.21261024 -0.01456723
v 0.01536688 1.2109363 -0.01395658
v 0.04645105 1.21050608 -0.01356204
v 0.07919019 1.21077203 -0.01213797
v 0.10971044 1.21056318 -0.01235922
v 0.13955242 1.20944523 -0.01216947
v 0.1704612 1.20719838 -0.01190516
v 0.20177827 1.20363044 -0.0169422
v 0.23393805 1.20139241 -0.01793759
v 0.26607039 1.20119452 -0.01451791
v 0.29818469 1.20048499 -0.01323239
v 0.33006882 1.19720077 -0.01492741
v 0.36102002 1.19310689 -0.014999
v 0.38994598 1.19057035 -0.01327244
v 0.42000544 1.1921072 -0.01169394
v 0.44937026 1.19493961 -0.00903469
v 0.4796164 1.19067835 -0.00500078
v -0.51539683 1.16946148 -0.0065695
v 0.51537042 1.16967749 -0.0063772
v -0.60079723 1.12214446 -0.01361322
v -0.56929391 1.13820982 -0.01435404
v -0.54225552 1.14934063 -0.01531113
v 0.54216098 1.14925885 -0.01531551
v 0.56909126 1.13803577 -0.01453587
v 0.60066783 1.12200176 -0.01381883
v -0.63751828 1.10336852 -0.01693036
v 0.63692462 1.10572648 -0.01323157
v 0.66882216 1.09328126 -0.00934925
v -0.69870829 1.07062351 -0.01413683
v -0.67116439 1.08637595 -0.0184653
v 0.69881355 1.07853019 -0.00855625
v 0.7291671 1.05972063 -0.00627608
v -0.72840583 1.04894876 -0.00802417
v 0.76051789 1.03403389 -0.00889197
v -0.76337444 1.01537919 -0.01836076
v 0.79032141 1.00635886 -0.01249907
v -0.79433655 0.98603999 -0.0146792
v 0.82174158 0.97620225 -0.01361647
v -0.8233726 0.95772922 -0.0130124
v 0.8507238 0.94578349 -0.01635062
v -0.85456764 0.92702007 -0.00976298
v 0.87773996 0.91538727 -0.0166708
v -0.88481247 0.89377176 -0.01578503
v 0.90482723 0.8827368 -0.0150879
v -0.91494071 0.85939598 -0.01552896
v 0.92796582 0.85103702 -0.01803944
v -0.94384473 0.82508349 -0.01195592
v 0.94804257 0.82186496 -0.02053443
v -0.96710562 0.79633832 -0.00753471
v 0.96457219 0.79754388 -0.02099889
v -0.98761761 0.76793074 -0.00552395
v 0.98393094 0.77076524 -0.01464715
v -1.00669574 0.73813152 -0.00583309
v 1.00637006 0.73808878 -0.00760923
v -1.02442956 0.70612013 -0.010131
v 1.02485823 0.70615267 -0.00863958
v -1.04260063 0.67320096 -0.01002708
v 1.04293 0.67435944 -0.00675893
v -1.06010401 0.64041656 -0.00754975
v 1.06027638 0.64133966 -0.00544165
v -1.07480573 0.60787141 -0.01117081
v 1.07429993 0.61059743 -0.00803999
v -1.091017 0.57446098 -0.00746006
v 1.08871281 0.57809233 -0.01092449
v -1.10458588 0.54368835 -0.00793591
v 1.10220062 0.54641294 -0.01257216
v -1.11707902 0.51207274 -0.00799771
v 1.11597228 0.51215797 -0.01376717
v -1.12814164 0.48342311 -0.01134392
v 1.12814641 0.47812494 -0.01690234
v -1.13770425 0.45645684 -0.01206899
v 1.13848757 0.44983553 -0.01721213
v -1.14972078 0.42288813 -0.01231635
v 1.1494615 0.42090266 -0.01494621
v -1.16201901 0.38761341 -0.01537341
v 1.16214394 0.38818442 -0.01451586
v -1.17270755 0.35520246 -0.01556324
v 1.17252624 0.36026102 -0.01238667
v -1.18092238 0.32748299 -0.01466834
v 1.18176293 0.33228781 -0.01108201
v -1.1881442 0.29790234 -0.01518366
v 1.19103407 0.29818338 -0.01313907
v -1.19379806 0.2669397 -0.01649946
v 1.19771242 0.2642762 -0.0164796
v -1.19770205 0.23440089 -0.01476668
v 1.20163035 0.23144109 -0.01655281
v -1.19963574 0.2023229 -0.01225626
v 1.20300364 0.20069797 -0.01655709
v -1.19996118 0.17140761 -0.01181522
v 1.20278096 0.17100238 -0.01940056
v -1.19923973 0.14026229 -0.0133213
v 1.20154285 0.14037682 -0.01837145
v -1.19740748 0.10803504 -0.01416889
v 1.19904923 0.10871376 -0.01677653
v -1.19419097 0.07802464 -0.01429624
v 1.19532513 0.07973665 -0.01514409
v -1.18933391 0.05312544 -0.01558933
v 1.18968582 0.05417726 -0.01483969
v -1.17810654 0.01982297 -0.01928412
v 1.17689323 0.01792229 -0.01543713
v -1.16157817 -0.0105233 -0.01864458
v 1.16095244 -0.01129655 -0.01442769
v -1.13588893 -0.04223251 -0.01554634
v 1.13567352 -0.04230327 -0.01402059
v -1.10339474 -0.07203154 -0.01793431
v 1.10351765 -0.07185737 -0.018061
v -1.07114863 -0.09519931 -0.01709727
v -1.04565906 -0.11105257 -0.01458817
v 1.04753732 -0.10995302 -0.01530653
v 1.07190036 -0.09471619 -0.01753086
v -1.01582551 -0.12869551 -0.01531566
v -0.98507607 -0.14457547 -0.01536022
v 0.9849497 -0.1445388 -0.01538131
v 1.01646804 -0.12825509 -0.0155883
v -0.95336115 -0.15916171 -0.01336493
v -0.9262101 -0.17292091 -0.01354594
v 0.9260168 -0.17286875 -0.01348002
v 0.95301532 -0.15923316 -0.01339582
v -0.89051675 -0.19326016 -0.01431345
v -0.85894525 -0.21195437 -0.01484373
v 0.85870766 -0.21189411 -0.01479432
v 0.89095175 -0.19274786 -0.01396597
v -0.83105123 -0.22853094 -0.01631291
v 0.8306899 -0.22858215 -0.01638369
v -0.79813104 -0.24907794 -0.02095566
v -0.76308906 -0.26859021 -0.01961671
v 0.76298832 -0.26877301 -0.02055841
v 0.7978453 -0.2491928 -0.02130552
v -0.72942465 -0.2852104 -0.01693816
v -0.70080417 -0.29917889 -0.01473957
v 0.703224 -0.29805779 -0.015691
v 0.73041486 -0.28494262 -0.01849757
v -0.66789108 -0.31569543 -0.01502436
v -0.63778245 -0.3310337 -0.01677375
v 0.6382547 -0.33081424 -0.0163875
v 0.6710146 -0.31370604 -0.01350331
v -0.60401511 -0.34800505 -0.01796264
v -0.57184135 -0.36537551 -0.01681154
v 0.57819443 -0.36213886 -0.02054104
v 0.60516965 -0.34834003 -0.02308384
v -0.53941893 -0.38401302 -0.0109691
v 0.54084056 -0.38310611 -0.01132014
v -0.51062691 -0.40050333 -0.00786097
v -0.4803861 -0.41695785 -0.01323596
v 0.48007851 -0.41689568 -0.01320162
v 0.51004535 -0.40065589 -0.00762504
v -0.44218504 -0.44283682 -0.01382652
v -0.41822871 -0.45151916 -0.0222861
v 0.41865432 -0.45132058 -0.02176754
v 0.44239544 -0.44260537 -0.0134773
v -0.40992188 -0.47370499 -0.00980637
v 0.4096511 -0.47462788 -0.00902818
v -0.38289165 -0.51541256 -0.00515828
v 0.38026225 -0.51858997 -0.00632139
v -0.3648819 -0.54997152 -0.00833531
v 0.36445099 -0.54966163 -0.00886014
v -0.35459622 -0.58036851 -0.01528911
v 0.35420161 -0.57892584 -0.01638243
v -0.35129487 -0.61331111 -0.02146394
v 0.35092961 -0.61277222 -0.02195173
v -0.3553521 -0.64219355 -0.02194007
v 0.35508942 -0.64200377 -0.02211533
v -0.36213597 -0.66801685 -0.02045785
v 0.36198425 -0.66803455 -0.02053953
v -0.37560811 -0.70061427 -0.01098611
v 0.37587779 -0.70090425 -0.01041267
v -0.38732534 -0.73480051 -0.01492897
v 0.3872312 -0.73506581 -0.01509624
v -0.39787328 -0.76688659 -0.01667818
v 0.39795258 -0.76713639 -0.01637845
v -0.40710699 -0.80096972 -0.01874214
v 0.40702417 -0.80107855 -0.01878665
v -0.41256827 -0.82983416 -0.01831451
v 0.41256877 -0.8292725 -0.01749966
v -0.4131217 -0.85688281 -0.01607775
v 0.41301935 -0.85682976 -0.01601829
v -0.40615034 -0.88471651 -0.01564532
v 0.40601944 -0.8847655 -0.01575972
v -0.38562646 -0.91734999 -0.01493225
v 0.38546717 -0.91735655 -0.01504013
v -0.3530516 -0.94685113 -0.01577129
v -0.3257015 -0.96188497 -0.01618268
v 0.3255479 -0.96186798 -0.01628925
v 0.35286125 -0.94688499 -0.01570581
v -0.29517471 -0.9727267 -0.01456792
v -0.2656787 -0.98045241 -0.01338182
v -0.23644828 -0.98626911 -0.01206778
v -0.20745599 -0.99064445 -0.01074391
v -0.1781218 -0.99396121 -0.0093693
v -0.147006 -0.99645531 -0.0097928
v -0.1093856 -0.99827122 -0.01676465
v -0.07183562 -0.99924182 -0.02234578
v -0.04043228 -0.99955999 -0.02227312
v -0.01008383 -0.99961125 -0.02140267
v 0.02123234 -0.99957752 -0.02134866
v 0.053404 -0.99941301 -0.02230472
v 0.08543945 -0.99894571 -0.02190039
v 0.11659168 -0.99801015 -0.01526202
v 0.14753511 -0.99642086 -0.00934691
v 0.17773814 -0.99396175 -0.00934415
v 0.20726658 -0.99063694 -0.01074817
v 0.23632825 -0.98625695 -0.01201323
v 0.26553204 -0.98044228 -0.01336906
v 0.29496222 -0.97275728 -0.01455037
v -0.35883119 1.18586349 -0.04428996
v -0.32904952 1.19184398 -0.04312466
v -0.29951041 1.19611895 -0.04266636
v -0.26843863 1.1989001 -0.04460593
v -0.23826214 1.2016201 -0.04627912
v -0.20826861 1.20403575 -0.05063757
v -0.17637762 1.20769739 -0.0511627
v -0.1414843 1.21289444 -0.04162396
v -0.10817595 1.21503925 -0.03910849
v -0.07562037 1.21458697 -0.04143732
v -0.0441774 1.21263504 -0.04530511
v -0.01304148 1.21048915 -0.04589665
v 0.01755541 1.20910048 -0.04475376
v 0.04864389 1.20866751 -0.04312599
v 0.07806777 1.2086271 -0.04172615
v 0.10812713 1.20792102 -0.04158253
v 0.14069819 1.20584201 -0.04190401
v 0.17299768 1.20236349 -0.04282687
v 0.20409572 1.19783186 -0.04787396
v 0.23509807 1.19486236 -0.04875689
v 0.26548582 1.19408059 -0.04532867
v 0.29591405 1.19324183 -0.04418462
v 0.32645207 1.19064521 -0.04443213
v 0.35880821 1.18535471 -0.04468288
v -0.47896111 1.16157734 -0.04275751
v -0.4488644 1.16791915 -0.04555308
v -0.42291265 1.1710273 -0.04933998
v -0.39354848 1.1773436 -0.04780818
v 0.39353245 1.17727065 -0.04781915
v 0.42264267 1.17110037 -0.04929437
v 0.4486151 1.16799521 -0.0455356
v 0.47884029 1.16157913 -0.04277521
v -0.57056057 1.1259458 -0.05037361
v -0.54112148 1.13618469 -0.04994427
v -0.51137197 1.14704406 -0.04729164
v 0.51118636 1.14710879 -0.04729912
v 0.54093802 1.13621974 -0.0499705
v 0.57030069 1.12595129 -0.05047741
v -0.63703501 1.09509229 -0.04959136
v -0.60206246 1.11230039 -0.04920715
v 0.60187208 1.11221242 -0.04936745
v 0.63703221 1.09579539 -0.04829849
v -0.69739401 1.06360316 -0.04804894
v -0.67111384 1.07802772 -0.05012231
v 0.67029339 1.08093011 -0.04570061
v 0.70030063 1.06521904 -0.04538445
v -0.72694778 1.04187583 -0.04769295
v 0.73137891 1.04558801 -0.04284124
v -0.76146602 1.01105141 -0.05005496
v 0.76152402 1.02194464 -0.04190238
v 0.78882622 0.99746191 -0.04268758
v -0.79523527 0.98002761 -0.04332483
v 0.81963098 0.96850633 -0.04297579
v -0.82557952 0.95055246 -0.04192718
v 0.84718823 0.94007265 -0.04575829
v -0.85504841 0.92049783 -0.04353222
v 0.86623215 0.91883516 -0.04715202
v -0.88326621 0.88935846 -0.04448307
v 0.89132893 0.88785171 -0.04589092
v -0.91028976 0.85768109 -0.04406963
v 0.9174683 0.85248273 -0.0486321
v -0.93652665 0.82520693 -0.04236967
v 0.93973577 0.82135963 -0.04960038
v -0.95692074 0.7986952 -0.03978063
v 0.95839655 0.79592192 -0.04564207
v -0.97844111 0.76790499 -0.03750339
v 0.97892832 0.76724124 -0.0388876
v -0.99897587 0.73559945 -0.03735454
v 0.99953776 0.7353031 -0.03618246
v -1.0151093 0.70491039 -0.04464219
v 1.01603734 0.70514386 -0.04091859
v -1.03163754 0.67367148 -0.04822742
v 1.03300261 0.67391014 -0.04307184
v -1.0484029 0.64132124 -0.04944035
v 1.04944086 0.64222592 -0.04324439
v -1.06739282 0.60465192 -0.0520666
v 1.0676732 0.60793328 -0.04212558
v -1.08830034 0.5729258 -0.04762594
v 1.08640289 0.57608729 -0.0434416
v -1.10630619 0.54327738 -0.04555383
v 1.101264 0.54720008 -0.04451143
v -1.11789822 0.51285135 -0.04250535
v 1.11593127 0.51417422 -0.04637057
v -1.12850344 0.48289334 -0.04569932
v 1.12851834 0.47763001 -0.04780577
v -1.13584029 0.45505666 -0.04519186
v 1.1371696 0.44727736 -0.04789467
v -1.14506351 0.42218679 -0.04370025
v 1.14568495 0.41757065 -0.04517322
v -1.15778279 0.38520479 -0.04437451
v 1.1567204 0.38699698 -0.04466825
v -1.16888952 0.35396227 -0.04571958
v 1.16708493 0.36048686 -0.04484647
v -1.17692947 0.32873654 -0.04607003
v 1.17873263 0.32978606 -0.04420163
v -1.18432927 0.30093252 -0.04609167
v 1.19061327 0.29295146 -0.04394136
v -1.1910026 0.26801914 -0.04809146
v 1.1976279 0.26181033 -0.04528972
v -1.19521403 0.23599615 -0.04838851
v 1.20165848 0.23101705 -0.04415737
v -1.19727587 0.20435953 -0.04625877
v 1.20310306 0.20084875 -0.04344627
v -1.1976844 0.1732763 -0.04513891
v 1.20268011 0.17159131 -0.04620729
v -1.19699382 0.14220456 -0.04644182
v 1.20117867 0.14147341 -0.04640605
v -1.19576799 0.10978336 -0.04513991
v 1.19871211 0.11074075 -0.04834429
v -1.1933422 0.0798615 -0.0453013
v 1.19544792 0.08283708 -0.04942509
v -1.18859672 0.05396128 -0.04852521
v 1.18967258 0.05619542 -0.04741574
v -1.17645812 0.01803359 -0.05238596
v 1.17534053 0.01607955 -0.04527477
v -1.15940296 -0.01267364 -0.05191936
v 1.15919005 -0.0128282 -0.04685008
v -1.13385617 -0.0430514 -0.04852774
v 1.13415551 -0.04242408 -0.0476382
v -1.10264301 -0.07149869 -0.0474125
v 1.1027584 -0.07128927 -0.04767079
v -1.07186031 -0.09481015 -0.04673316
v -1.04510533 -0.11339955 -0.04594128
v 1.0455228 -0.11315506 -0.0459143
v 1.07188689 -0.09477327 -0.04690162
v -1.01078915 -0.13599251 -0.04687373
v 1.01068377 -0.13596175 -0.04698398
v -0.97722137 -0.15488332 -0.04731101
v -0.95111632 -0.16591854 -0.04430129
v -0.9262371 -0.17773747 -0.0445659
v 0.92671459 -0.17722268 -0.04423089
v 0.95092141 -0.16587713 -0.04430328
v 0.9770354 -0.1548767 -0.04730625
v -0.88923019 -0.19895069 -0.04804684
v 0.89091718 -0.19757159 -0.04715737
v -0.85116118 -0.22144135 -0.05059297
v -0.82686948 -0.23551465 -0.05135406
v 0.82662153 -0.23549106 -0.05139467
v 0.85156071 -0.22094188 -0.05026368
v -0.79412388 -0.25715097 -0.05197209
v 0.79385203 -0.25724211 -0.05245872
v -0.75783038 -0.27951657 -0.04794374
v -0.7314307 -0.29215964 -0.04507767
v -0.70692443 -0.30346995 -0.04584489
v 0.70709991 -0.30356895 -0.04637549
v 0.73178345 -0.29202228 -0.0469538
v 0.7576189 -0.27965986 -0.04938551
v -0.67385673 -0.31928533 -0.04657461
v -0.64066511 -0.33401969 -0.04986921
v 0.64039534 -0.33410528 -0.04826385
v 0.67307394 -0.31953749 -0.0458867
v -0.60513216 -0.34894996 -0.05015797
v -0.57108104 -0.3647305 -0.04459213
v 0.57775509 -0.36035329 -0.04892975
v 0.60837066 -0.34703922 -0.05213667
v -0.54090005 -0.37704616 -0.04181097
v -0.51079964 -0.38705354 -0.04256394
v -0.47874358 -0.39659467 -0.04636232
v 0.47826373 -0.39664816 -0.04624351
v 0.5102356 -0.38712364 -0.04246523
v 0.54254597 -0.37554514 -0.04341064
v -0.44779309 -0.41160684 -0.04502778
v -0.42015409 -0.42865496 -0.04373734
v 0.42014217 -0.42867296 -0.04346949
v 0.44766968 -0.41147032 -0.04494345
v -0.39429068 -0.44778549 -0.04806935
v 0.39384216 -0.44811198 -0.04794783
v -0.37928122 -0.4773674 -0.03941024
v -0.35933858 -0.48453143 -0.05547276
v 0.35958772 -0.48466986 -0.05475785
v 0.37980449 -0.47717964 -0.03862459
v -0.35713982 -0.51305699 -0.04007636
v 0.35717076 -0.51305294 -0.03979466
v -0.34560442 -0.54826211 -0.03921334
v 0.34516632 -0.54835027 -0.03969778
v -0.33596611 -0.58083468 -0.04838451
v 0.33559358 -0.58028698 -0.04888774
v -0.3357979 -0.61515253 -0.05159994
v 0.33564823 -0.61486047 -0.05163518
v -0.34266346 -0.64784729 -0.05073354
v 0.34248501 -0.64785265 -0.05086395
v -0.35004776 -0.67272204 -0.05116386
v 0.35025158 -0.67308819 -0.0507314
v -0.36410957 -0.70006144 -0.04269907
v 0.36507496 -0.70035159 -0.04058631
v -0.37806707 -0.73286688 -0.0432836
v 0.37860152 -0.73352253 -0.04225635
v -0.39067035 -0.76701068 -0.04691809
v 0.39133703 -0.76662766 -0.0444839
v -0.40020072 -0.8003875 -0.05210692
v 0.40049698 -0.80003154 -0.05069223
v -0.40702855 -0.83131474 -0.05236751
v 0.40729165 -0.8299005 -0.04998412
v -0.40868917 -0.85962361 -0.05003458
v 0.40869379 -0.85906279 -0.04919929
v -0.40201205 -0.88807666 -0.04831292
v 0.40186947 -0.88804411 -0.04839713
v -0.38395935 -0.91748011 -0.04389152
v 0.38377308 -0.91751647 -0.04382713
v -0.35213097 -0.9455381 -0.04319633
v -0.32450419 -0.96047639 -0.04453496
v 0.32494807 -0.9600858 -0.04471658
v 0.35229706 -0.94548285 -0.04219751
v -0.29243469 -0.97215652 -0.04284551
v -0.26403603 -0.97984743 -0.04242397
v -0.23577863 -0.98536139 -0.04294041
v -0.20735406 -0.9897331 -0.04206938
v -0.17810182 -0.99322664 -0.04004734
v -0.14708268 -0.99573636 -0.04026597
v -0.10983961 -0.99726516 -0.0475191
v -0.07188768 -0.99801963 -0.05341718
v -0.04029721 -0.9982953 -0.05390011
v -0.00982572 -0.99835777 -0.05338572
v 0.02160095 -0.99832052 -0.05334821
v 0.053766 -0.99815565 -0.05376058
v 0.08527374 -0.99776136 -0.0530821
v 0.11656391 -0.99697816 -0.04764717
v 0.14776444 -0.99568122 -0.04032135
v 0.17772191 -0.99324137 -0.03999473
v 0.2069256 -0.98970961 -0.04254005
v 0.23555141 -0.98536419 -0.04292654
v 0.26380047 -0.97989231 -0.04236044
v 0.29226696 -0.972135 -0.04297571
v -0.29328316 1.18735361 -0.07441899
v -0.25884386 1.19090831 -0.07741276
v -0.22857353 1.19446277 -0.08000223
v -0.20341354 1.19762969 -0.08255276
v -0.17746499 1.20184755 -0.08079804
v -0.14486575 1.20738434 -0.07357387
v -0.11102706 1.2104913 -0.07218151
v -0.07778284 1.21127438 -0.07242585
v -0.04537052 1.21031856 -0.07333322
v -0.01336437 1.20874977 -0.0730659
v 0.01833203 1.20745515 -0.07299448
v 0.04987307 1.20675444 -0.07279904
v 0.07947498 1.20611512 -0.07299323
v 0.10998286 1.20459866 -0.07339479
v 0.14204563 1.20161581 -0.07379527
v 0.17272636 1.19782412 -0.0726456
v 0.20320338 1.19352459 -0.07301162
v 0.23432083 1.18955445 -0.07526072
v 0.26446467 1.18694615 -0.07581177
v -0.4465655 1.15558159 -0.0796739
v -0.42243963 1.16087555 -0.08225624
v -0.39645886 1.16753459 -0.08117593
v -0.36281943 1.17514109 -0.07950262
v -0.32971608 1.18151092 -0.07731787
v 0.2941744 1.18452477 -0.07748442
v 0.32683432 1.18088674 -0.07904017
v 0.36211726 1.17511677 -0.07965859
v 0.39655977 1.16761553 -0.08101141
v 0.42223233 1.16093123 -0.08229336
v 0.44630968 1.15566873 -0.07963253
v -0.54060876 1.1296637 -0.08111316
v -0.51126527 1.13756179 -0.08242631
v -0.47922435 1.14710807 -0.08030304
v 0.47902739 1.14716482 -0.08029282
v 0.51107555 1.13760662 -0.08243285
v 0.54044318 1.12971448 -0.08112055
v -0.60514968 1.10214829 -0.0844613
v -0.57272374 1.11728274 -0.08361221
v 0.5725615 1.11733055 -0.08365854
v 0.604945 1.10218763 -0.08450521
v -0.67442256 1.06626176 -0.08345066
v -0.64038693 1.08443617 -0.08254078
v 0.6403923 1.08464717 -0.08202537
v 0.67422574 1.06750059 -0.08127971
v -0.72720181 1.03297019 -0.08299192
v -0.70054203 1.05171346 -0.08268212
v 0.7017588 1.05273485 -0.08021563
v 0.73117274 1.03373658 -0.07766504
v -0.75752025 1.00796091 -0.08156102
v 0.76329755 1.00969827 -0.07363593
v -0.79261386 0.97776341 -0.07615475
v 0.79700911 0.98174113 -0.07485347
v -0.82514083 0.94849634 -0.07561065
v 0.82780897 0.95463615 -0.07716435
v -0.85318148 0.92147153 -0.08101582
v 0.85600483 0.92589688 -0.07873422
v -0.87710964 0.89097726 -0.07740541
v 0.88386952 0.88743102 -0.07738882
v -0.89777344 0.86483973 -0.07550589
v 0.90732449 0.853971 -0.08051897
v -0.92300945 0.83273035 -0.07284571
v 0.92591512 0.82822895 -0.07967247
v -0.94655925 0.80090653 -0.07171411
v 0.9470371 0.80021709 -0.07385776
v -0.96850383 0.7676447 -0.07294592
v 0.96853721 0.76799929 -0.07234278
v -0.98742079 0.73585462 -0.07630943
v 0.98716849 0.73683822 -0.07501552
v -1.00347721 0.70578265 -0.08291345
v 1.00319218 0.7079274 -0.07950135
v -1.02023291 0.67606806 -0.08325654
v 1.02018249 0.67703801 -0.08152771
v -1.04005193 0.64087653 -0.08008495
v 1.03982687 0.6417849 -0.07976192
v -1.06743001 0.59839308 -0.07840521
v 1.06655776 0.60065001 -0.07705901
v -1.09914112 0.56693744 -0.07749133
v 1.09475255 0.56844508 -0.07765235
v -1.12573409 0.53992784 -0.08314034
v 1.11430907 0.54448413 -0.07815469
v -1.13594436 0.50709056 -0.07516408
v 1.13178277 0.51658564 -0.07978754
v -1.14203381 0.47932487 -0.07754903
v 1.14259839 0.48512303 -0.07873241
v -1.14360702 0.45135945 -0.07898448
v 1.14649367 0.45325443 -0.07727893
v -1.14468693 0.420991 -0.07756735
v 1.14823103 0.42215997 -0.07809791
v -1.15206241 0.38639542 -0.07424346
v 1.15261709 0.39255851 -0.08043634
v -1.16338789 0.3542689 -0.07431028
v 1.161026 0.36193275 -0.0796208
v -1.17229771 0.32807505 -0.07666273
v 1.17512738 0.32558983 -0.07809437
v -1.18015682 0.30115658 -0.07641115
v 1.18972587 0.28661245 -0.07658737
v -1.18785047 0.26714792 -0.0769458
v 1.19731319 0.25825476 -0.07806804
v -1.1923145 0.23626163 -0.07862934
v 1.20147585 0.22995188 -0.07758241
v -1.19402861 0.20628587 -0.08012998
v 1.20298278 0.20084935 -0.07523158
v -1.19429218 0.17571374 -0.07990153
v 1.20228815 0.17238234 -0.07462583
v -1.19367647 0.14408958 -0.07993734
v 1.20041418 0.14355513 -0.07378536
v -1.19305706 0.11222839 -0.07686208
v 1.19790196 0.11403769 -0.07594988
v -1.1914339 0.08179298 -0.07766311
v 1.19461202 0.08472612 -0.07826055
v -1.18700182 0.05364939 -0.08156409
v 1.18848037 0.05501566 -0.07713873
v -1.17526555 0.0174857 -0.08337137
v 1.1744163 0.01556086 -0.07644396
v -1.15886473 -0.01221895 -0.08299802
v 1.15873205 -0.01223676 -0.07952949
v -1.13359856 -0.04215099 -0.08107809
v 1.13384211 -0.04161535 -0.08057236
v -1.10212492 -0.07108143 -0.07815329
v 1.10217857 -0.07096033 -0.07826774
v -1.07118153 -0.09489542 -0.0772925
v -1.04475939 -0.11320847 -0.07906889
v 1.04431748 -0.11351403 -0.0777003
v 1.07090878 -0.09506104 -0.07699931
v -1.00989985 -0.13609199 -0.07871679
v 1.0095644 -0.13625001 -0.07834889
v -0.97500193 -0.15704244 -0.07756272
v -0.94796752 -0.17027491 -0.07674665
v -0.9230591 -0.18250793 -0.07716109
v 0.922872 -0.18245187 -0.0771403
v 0.94775879 -0.17028351 -0.07674552
v 0.97513568 -0.15697604 -0.0772598
v -0.88907373 -0.20101594 -0.0773807
v 0.88950872 -0.20051392 -0.07704518
v -0.85258698 -0.22049501 -0.07796756
v -0.82674729 -0.23357307 -0.08063539
v 0.82638615 -0.23359444 -0.08067306
v 0.85235756 -0.22043398 -0.07791052
v -0.79210645 -0.25557744 -0.07900766
v 0.79188448 -0.25550687 -0.07933791
v -0.75661194 -0.2783077 -0.07322516
v -0.73102533 -0.2904731 -0.07365706
v -0.70649057 -0.30006155 -0.07938059
v 0.7065463 -0.3002066 -0.07845639
v 0.73194587 -0.28970131 -0.07491023
v 0.75676769 -0.27795115 -0.07445077
v -0.67389553 -0.31366312 -0.08020202
v -0.64254033 -0.32523044 -0.08107818
v -0.61080908 -0.33572238 -0.08048538
v 0.60889208 -0.33571308 -0.08142235
v 0.6395905 -0.32644346 -0.07990635
v 0.67155706 -0.31473535 -0.07920782
v -0.57647341 -0.34842777 -0.07563585
v -0.54505431 -0.35640075 -0.0761847
v -0.51189458 -0.36416721 -0.07717067
v 0.51141107 -0.36394977 -0.07741567
v 0.54419165 -0.35560298 -0.07758499
v 0.57555317 -0.34731221 -0.07806475
v -0.47569292 -0.37386298 -0.07934336
v -0.44772937 -0.38552251 -0.07878798
v 0.44748002 -0.38558787 -0.07866375
v 0.47541114 -0.3738228 -0.079284
v -0.41840681 -0.40502461 -0.07403817
v -0.38970559 -0.42916548 -0.07140754
v 0.38760164 -0.4291346 -0.07339302
v 0.41754239 -0.40524041 -0.07446207
v -0.36598277 -0.45720392 -0.06984341
v 0.36537456 -0.45769622 -0.06974196
v -0.3404802 -0.48593008 -0.07630839
v 0.34009373 -0.48653271 -0.07604941
v -0.32977923 -0.51759111 -0.07251508
v 0.32906249 -0.51739251 -0.07332384
v -0.32269096 -0.54750543 -0.07306426
v 0.32100945 -0.548949 -0.07476235
v -0.31602561 -0.5801649 -0.0794558
v 0.31520399 -0.58075201 -0.08025573
v -0.31802845 -0.61228072 -0.07997358
v 0.31783402 -0.6121875 -0.08009548
v -0.32451093 -0.64563834 -0.08139792
v 0.32424849 -0.64566785 -0.08174635
v -0.33422392 -0.67562186 -0.0821603
v 0.33382743 -0.67513525 -0.08221747
v -0.34917494 -0.70372366 -0.07611329
v 0.34876874 -0.70083177 -0.07421908
v -0.36362242 -0.73412835 -0.07553229
v 0.36344784 -0.73244988 -0.07411691
v -0.37787377 -0.76884973 -0.07894175
v 0.37805587 -0.76591819 -0.07550238
v -0.38958084 -0.80112618 -0.08229039
v 0.38951277 -0.79995822 -0.08112181
v -0.39726054 -0.83056962 -0.08252914
v 0.39731484 -0.83009225 -0.08165783
v -0.40062171 -0.85946756 -0.08053679
v 0.40051072 -0.85951936 -0.08056812
v -0.395181 -0.88894867 -0.07992453
v 0.39507484 -0.8890587 -0.07994239
v -0.37844887 -0.91732561 -0.07495035
v 0.37852656 -0.91731494 -0.07397282
v -0.34668958 -0.94465881 -0.07357896
v -0.32286423 -0.9574359 -0.07579539
v 0.32467913 -0.95631611 -0.07533559
v 0.34801042 -0.94411885 -0.07101276
v -0.29061734 -0.96923434 -0.0750994
v -0.26213988 -0.97768849 -0.07351608
v -0.2344723 -0.9831869 -0.07564538
v -0.20667317 -0.98746025 -0.07551239
v -0.17789059 -0.99116057 -0.07241766
v -0.14728787 -0.99367785 -0.07266359
v -0.11041834 -0.99493247 -0.07996249
v -0.07217578 -0.99558657 -0.08508818
v -0.04017821 -0.99586939 -0.08562724
v -0.00942732 -0.99594175 -0.08534072
v 0.02214383 -0.99591147 -0.08524747
v 0.05365271 -0.99577957 -0.08512259
v 0.08297239 -0.99542343 -0.08450941
v 0.11411939 -0.99470663 -0.08096668
v 0.14715138 -0.9936279 -0.07316324
v 0.17733126 -0.99114841 -0.07293675
v 0.2059755 -0.98726433 -0.07758179
v 0.23401635 -0.98317956 -0.07616923
v 0.26181209 -0.97775089 -0.07350804
v 0.29105967 -0.96884179 -0.07530609
v -0.22389516 1.18739771 -0.1095945
v -0.19565761 1.19318938 -0.10733723
v -0.1723188 1.19750833 -0.10610956
v -0.14532724 1.20209896 -0.10355317
v -0.11376918 1.20540463 -0.10473887
v -0.08037778 1.20720052 -0.10547503
v -0.04735932 1.20732164 -0.10551468
v -0.01467855 1.20640206 -0.1053906
v 0.01757167 1.20529139 -0.10567866
v 0.04923649 1.20431029 -0.10600854
v 0.07987456 1.20301318 -0.10635516
v 0.11067029 1.2006185 -0.10667171
v 0.14117518 1.19710123 -0.10595756
v 0.17086373 1.19318771 -0.10237969
v 0.20249402 1.18843364 -0.10057127
v -0.39636391 1.15801358 -0.11173208
v -0.36584806 1.16351652 -0.11326089
v -0.33181533 1.16927635 -0.11327035
v -0.29477894 1.17558789 -0.1108251
v -0.25876164 1.18070793 -0.11200454
v 0.23386684 1.1828587 -0.10617359
v 0.26377105 1.17804217 -0.11143403
v 0.29346069 1.17452073 -0.11245109
v 0.32750299 1.16975426 -0.11346389
v 0.36418509 1.16383338 -0.11323127
v 0.39720314 1.15804696 -0.11133503
v -0.53812438 1.12295591 -0.110704
v -0.50873911 1.13110411 -0.11206346
v -0.47930786 1.13791513 -0.11374135
v -0.44793582 1.14560186 -0.11350624
v -0.42184671 1.15171361 -0.11370906
v 0.42230266 1.15150046 -0.11405997
v 0.44771248 1.14562201 -0.11358448
v 0.47907283 1.13798296 -0.11371237
v 0.50855791 1.13114941 -0.11206831
v 0.53795528 1.12300109 -0.110726
v -0.60285919 1.09464025 -0.11563763
v -0.57067608 1.10996568 -0.11435867
v 0.57053577 1.1100111 -0.11439463
v 0.60272657 1.09466612 -0.11570645
v -0.64003747 1.0760653 -0.1116109
v 0.6399452 1.07609581 -0.11155575
v -0.70361232 1.03942692 -0.11331825
v -0.67609405 1.05523431 -0.11471928
v 0.67600226 1.05556845 -0.11415622
v 0.7033239 1.04040074 -0.11228306
v -0.76154077 0.99988573 -0.1101062
v -0.73194527 1.02053153 -0.11195226
v 0.7324295 1.02186417 -0.10942489
v 0.76499074 1.00033664 -0.10501918
v -0.79427677 0.97670233 -0.11005602
v 0.80009824 0.9761461 -0.10694732
v -0.84740811 0.93752706 -0.11363594
v -0.82353276 0.95611035 -0.11259575
v 0.82652223 0.95803725 -0.11149662
v 0.84915423 0.9396584 -0.11279742
v -0.86051452 0.91845774 -0.1134369
v 0.86334413 0.91857564 -0.11301596
v -0.87602132 0.89169955 -0.11326563
v 0.8796249 0.88871645 -0.11254151
v -0.89190471 0.86553788 -0.10787785
v 0.8959282 0.86022067 -0.11277341
v -0.91549998 0.83204746 -0.10338991
v 0.91600406 0.83075124 -0.10767979
v -0.93858695 0.79908436 -0.10439322
v 0.93859255 0.79926282 -0.10453771
v -0.9579398 0.76809746 -0.10887832
v 0.95791053 0.76819115 -0.10864212
v -0.97628605 0.73748922 -0.11135362
v 0.97610843 0.73769676 -0.11145006
v -0.99286389 0.70821893 -0.11467739
v 0.99258709 0.70913744 -0.11377529
v -1.01153492 0.67631435 -0.11280237
v 1.01129579 0.67664504 -0.11342459
v -1.03495001 0.63760578 -0.10808147
v 1.03466033 0.63796144 -0.10965703
v -1.06660509 0.59761381 -0.11069996
v 1.06583452 0.59622603 -0.11180139
v -1.12837219 0.55802655 -0.11272756
v -1.10453307 0.57388126 -0.10950379
v 1.10294437 0.56505394 -0.10696706
v -1.14270734 0.53964799 -0.11191168
v 1.13167262 0.54106712 -0.10767404
v -1.15621984 0.50621485 -0.10947893
v 1.15854752 0.51375401 -0.11244807
v -1.16209614 0.47792407 -0.11212062
v 1.17302131 0.48690128 -0.11144852
v -1.15982663 0.45036792 -0.11483275
v 1.17318892 0.45690196 -0.10626265
v 1.19992899 0.45316988 -0.12242547
v -1.15153169 0.42223548 -0.11374509
v 1.16918778 0.42622414 -0.10997402
v 1.19899892 0.4249258 -0.12529449
v -1.1485238 0.38750332 -0.1073725
v 1.16549313 0.39611387 -0.11675196
v -1.15765023 0.35327282 -0.10384503
v 1.16338825 0.36249277 -0.11346803
v -1.16757106 0.32497561 -0.10599124
v 1.17202353 0.32390305 -0.10918981
v -1.1756041 0.29945081 -0.10654705
v 1.18607401 0.28570213 -0.10569013
v -1.18327045 0.26779204 -0.10678557
v 1.19494807 0.25697314 -0.10857719
v -1.18838024 0.23661795 -0.10700328
v 1.20004391 0.22903677 -0.11049415
v -1.19067347 0.20711076 -0.10749507
v 1.20189023 0.20093241 -0.10849844
v -1.19086873 0.17797155 -0.10793732
v 1.20098209 0.17291858 -0.10690763
v -1.18985056 0.14502501 -0.10969021
v 1.19838273 0.143736 -0.1068187
v -1.18923318 0.11351896 -0.10788966
v 1.19533419 0.1125006 -0.10724963
v -1.18785095 0.08053201 -0.10807661
v 1.19157075 0.07970447 -0.10726508
v -1.18324041 0.04774264 -0.11144047
v 1.18507576 0.04683904 -0.10708735
v -1.17273783 0.0142363 -0.1129921
v 1.17304897 0.01389405 -0.10999251
v -1.15791797 -0.01207124 -0.11318498
v 1.15830504 -0.01103047 -0.1127765
v -1.13291978 -0.04189835 -0.11199426
v 1.13314604 -0.04130693 -0.11222486
v -1.10118293 -0.07143871 -0.10917173
v 1.1013 -0.07128645 -0.10926476
v -1.07079446 -0.09448415 -0.10977685
v -1.04509258 -0.11055061 -0.11334647
v 1.04560291 -0.11029411 -0.11126756
v 1.07106423 -0.09431383 -0.10917218
v -1.0119847 -0.12947291 -0.11204268
v -0.98025965 -0.14701262 -0.11072334
v 0.98105263 -0.14678788 -0.10973204
v 1.01248192 -0.12925162 -0.11104442
v -0.95184934 -0.16124033 -0.11101116
v -0.92466414 -0.17438927 -0.11253513
v 0.92441201 -0.17441237 -0.11253476
v 0.9519757 -0.16116841 -0.11067846
v -0.89187735 -0.19115643 -0.11255472
v -0.85978972 -0.20776376 -0.11032509
v 0.85945439 -0.20777618 -0.11036731
v 0.89166706 -0.19111059 -0.11253367
v -0.82651722 -0.22521702 -0.11094737
v 0.82617539 -0.22520345 -0.11097695
v -0.79020768 -0.24634985 -0.11016658
v -0.75826335 -0.26533967 -0.10534885
v 0.75821352 -0.26514887 -0.10553264
v 0.78986442 -0.24634298 -0.11011068
v -0.7290529 -0.27968356 -0.10522015
v -0.70098894 -0.29027509 -0.11125721
v -0.66992586 -0.30201971 -0.1119299
v 0.66832554 -0.30256444 -0.11164149
v 0.70080828 -0.2903282 -0.11062978
v 0.72946333 -0.27916321 -0.10567308
v -0.63967776 -0.31303477 -0.10887947
v -0.60915815 -0.32241666 -0.10701941
v -0.57778424 -0.33038011 -0.10815584
v -0.54702538 -0.33636632 -0.10990159
v 0.54647004 -0.33616048 -0.11017184
v 0.57646298 -0.3302111 -0.10915895
v 0.60814654 -0.32189369 -0.10896262
v 0.63778585 -0.3134405 -0.10925134
v -0.51343107 -0.34472847 -0.10940529
v -0.4770137 -0.3553698 -0.11161319
v -0.44999831 -0.36730054 -0.10940134
v 0.44992914 -0.36711582 -0.10942277
v 0.47675472 -0.35539671 -0.11149888
v 0.51311826 -0.34471887 -0.10930547
v -0.41930961 -0.38705438 -0.10277535
v 0.41925805 -0.38568174 -0.10411878
v -0.38505443 -0.41233047 -0.09745022
v 0.38438922 -0.40919214 -0.10130079
v -0.35365691 -0.44054591 -0.09831469
v 0.35360631 -0.43937271 -0.099435
v -0.32142633 -0.47527876 -0.10567335
v 0.32073122 -0.47579085 -0.10596585
v -0.31019938 -0.51211679 -0.1011652
v 0.31015306 -0.51034313 -0.1013996
v -0.30058386 -0.54406213 -0.10702177
v 0.30076414 -0.543168 -0.10626675
v -0.29368728 -0.57835513 -0.1148739
v 0.29372406 -0.57860386 -0.11446712
v -0.2972967 -0.61074966 -0.11289776
v 0.29717305 -0.61094594 -0.11297863
v -0.30426979 -0.6429851 -0.11315573
v 0.30407631 -0.64342224 -0.1136153
v -0.31557065 -0.67673981 -0.11342507
v 0.31506931 -0.67602634 -0.11353645
v -0.33007514 -0.70855224 -0.11145786
v 0.32913327 -0.703408 -0.10918281
v -0.34286141 -0.73548144 -0.11142334
v 0.343149 -0.73395025 -0.10988208
v -0.35814452 -0.76734131 -0.11112822
v 0.35855478 -0.76678746 -0.10974177
v -0.37385082 -0.80058252 -0.1090732
v 0.37405929 -0.80116009 -0.10899999
v -0.38260814 -0.83108925 -0.11005449
v 0.38338273 -0.83192896 -0.10926561
v -0.38562911 -0.86029481 -0.11097884
v 0.38596063 -0.86094415 -0.11057777
v -0.38001442 -0.88944661 -0.11249642
v 0.37986773 -0.88974392 -0.11243817
v -0.36253309 -0.91906845 -0.10877529
v 0.36230242 -0.91936159 -0.10860668
v -0.32787925 -0.9481039 -0.10452056
v -0.29402312 -0.96126151 -0.11078215
v 0.29517594 -0.96065372 -0.11052647
v 0.32916957 -0.94743907 -0.10367582
v -0.26368138 -0.97115266 -0.1090383
v -0.23369211 -0.97849226 -0.10990876
v -0.20499242 -0.98342388 -0.11014863
v -0.17671158 -0.98704069 -0.10857044
v -0.14654964 -0.98956942 -0.10936553
v -0.10976503 -0.9909991 -0.11458814
v -0.07191869 -0.99189627 -0.11696104
v -0.04009027 -0.99226141 -0.11687445
v -0.00918389 -0.99234139 -0.11672787
v 0.02243967 -0.99231118 -0.1166922
v 0.05308107 -0.992141 -0.11676462
v 0.08033517 -0.99169999 -0.11689795
v 0.11098992 -0.99094021 -0.11483012
v 0.14575542 -0.9896053 -0.10933428
v 0.1766403 -0.98686802 -0.1093662
v 0.20541572 -0.98285043 -0.11280095
v 0.23479065 -0.97827452 -0.10990431
v 0.26438313 -0.97092104 -0.10869936
v -0.19268128 1.1870166 -0.13292332
v -0.16718649 1.1916536 -0.13500419
v -0.14273528 1.19599461 -0.13538011
v -0.11524273 1.19972658 -0.13613326
v -0.0832327 1.20228838 -0.13750851
v -0.04997834 1.20349049 -0.13766747
v -0.01681237 1.20336782 -0.13776186
v 0.0157117 1.20254004 -0.13797244
v 0.047273 1.20127248 -0.13828054
v 0.07826415 1.19930267 -0.13842858
v 0.10854993 1.19624912 -0.13833627
v 0.13691921 1.19270873 -0.13581739
v 0.16659086 1.18787729 -0.13354262
v -0.32693356 1.15896451 -0.14351797
v -0.29255649 1.16640901 -0.13882021
v -0.25990021 1.17181038 -0.13947917
v -0.22498101 1.17951607 -0.13595463
v 0.20002946 1.18180418 -0.13337329
v 0.2322258 1.17575335 -0.13645514
v 0.26280403 1.17028892 -0.13955417
v 0.29279333 1.16604328 -0.13896882
v 0.32562309 1.1591742 -0.1435453
v -0.50645226 1.12276554 -0.14064961
v -0.47662547 1.12954831 -0.14231947
v -0.44634902 1.13607776 -0.14334209
v -0.41693168 1.14143848 -0.14571067
v -0.39047962 1.14662635 -0.14583522
v -0.36183476 1.15205442 -0.14578309
v 0.36089164 1.15213239 -0.14609792
v 0.39263442 1.14640712 -0.14530852
v 0.41885429 1.14077019 -0.1464324
v 0.44665953 1.13586533 -0.14373688
v 0.4764384 1.12957644 -0.14236411
v 0.50626957 1.12280011 -0.14066937
v -0.56961941 1.1012988 -0.14339935
v -0.53810882 1.11340415 -0.14127294
v 0.53794914 1.11343884 -0.14128556
v 0.56949877 1.10132861 -0.14340603
v -0.63692522 1.06870698 -0.13997206
v -0.60178196 1.0861392 -0.14437942
v 0.60171198 1.08612346 -0.14440906
v 0.63690447 1.0686562 -0.13998091
v -0.70397663 1.02851808 -0.14266181
v -0.67426407 1.04584527 -0.14481915
v 0.67427939 1.04579198 -0.14486226
v 0.70377159 1.0287646 -0.14271548
v -0.73548495 1.00893259 -0.140502
v 0.73497968 1.00975751 -0.14022883
v -0.821451 0.96669733 -0.14608334
v -0.7965151 0.97728657 -0.14256532
v -0.76786011 0.99047058 -0.14073813
v 0.76808267 0.99116873 -0.13944894
v 0.79802966 0.97722458 -0.14074686
v 0.82127279 0.96763718 -0.14469441
v -0.85176062 0.94558209 -0.14788964
v 0.85182023 0.94622182 -0.1469303
v -0.87200903 0.91534888 -0.1498543
v 0.87275534 0.91525298 -0.14957568
v -0.88253176 0.88721859 -0.14795172
v 0.88268381 0.88742601 -0.14790134
v -0.89234334 0.86032402 -0.13767345
v 0.89186835 0.86124116 -0.14107359
v -0.91064965 0.82776963 -0.13319984
v 0.910326 0.82836943 -0.13449367
v -0.92931962 0.79778099 -0.13831286
v 0.92934131 0.79790312 -0.13798508
v -0.94828081 0.76722437 -0.14354842
v 0.94819724 0.76729619 -0.14358043
v -0.96829247 0.73608624 -0.14219284
v 0.96826261 0.73605155 -0.1423493
v -0.98556566 0.70675998 -0.14366808
v 0.98582392 0.70648694 -0.14333948
v -1.0051248 0.67282521 -0.14455005
v 1.00497531 0.67293638 -0.14499029
v -1.0278939 0.63511359 -0.14305976
v 1.02700233 0.63592207 -0.14411535
v -1.05277729 0.60437119 -0.14161677
v 1.05089473 0.60399746 -0.14364787
v -1.13027787 0.56420838 -0.14369422
v -1.10667204 0.57856804 -0.14383757
v -1.07679224 0.59104681 -0.14170017
v 1.07762861 0.58250129 -0.14370609
v 1.10860467 0.56090325 -0.14079365
v -1.14679265 0.54471665 -0.14105293
v 1.13757956 0.53935229 -0.13609972
v -1.1642214 0.50978612 -0.13993802
v 1.16965889 0.51076507 -0.1374257
v -1.17145586 0.48154002 -0.14187178
v 1.19723248 0.47820121 -0.1352168
v -1.1700325 0.454681 -0.14367651
v 1.22559976 0.44601053 -0.13700597
v -1.15785193 0.42766013 -0.14422065
v 1.2317686 0.42230641 -0.13388833
v 1.25629234 0.419564 -0.14370617
v 1.28224325 0.40576523 -0.15252377
v -1.14566564 0.39041677 -0.1405107
v 1.19534039 0.39257928 -0.1421184
v 1.23691701 0.39469689 -0.14580984
v 1.26755487 0.3923318 -0.14348402
v 1.29545486 0.38546958 -0.14868189
v -1.15084147 0.35487264 -0.13509713
v 1.17755413 0.36424589 -0.14231956
v 1.27212858 0.36441516 -0.15660968
v 1.30164909 0.35915112 -0.15146787
v 1.32731378 0.35661581 -0.1541839
v -1.16220939 0.32211417 -0.13456267
v 1.17107069 0.327019 -0.14037653
v 1.35039174 0.33667218 -0.15928076
v -1.17118716 0.29304704 -0.13661329
v 1.17922103 0.29046309 -0.13777136
v -1.17863452 0.26190716 -0.13839663
v 1.1890738 0.25918164 -0.14088374
v -1.1840403 0.2312164 -0.1369531
v 1.19602799 0.23074506 -0.14217966
v -1.18696761 0.20403686 -0.13283206
v 1.19879746 0.20279097 -0.14014889
v -1.18690836 0.17898212 -0.13332286
v 1.19794499 0.17335522 -0.13827641
v -1.18506991 0.14640437 -0.13888859
v 1.19484162 0.14272119 -0.13857947
v -1.18383407 0.11285264 -0.14128378
v 1.19130551 0.10995502 -0.13860866
v -1.18271172 0.07775343 -0.14177209
v 1.1880207 0.07833878 -0.13729719
v -1.17902219 0.04428931 -0.14285089
v 1.18226718 0.04587144 -0.13762891
v -1.17053377 0.01464528 -0.14328809
v 1.17195558 0.01625278 -0.14258757
v -1.15718781 -0.01004654 -0.14360499
v 1.15767884 -0.00914178 -0.14485591
v -1.13263845 -0.04074615 -0.14264179
v 1.13274455 -0.04052397 -0.14324182
v -1.10106563 -0.0709111 -0.13963814
v 1.10111641 -0.07082295 -0.1398094
v -1.07191097 -0.09289337 -0.14047235
v -1.04595375 -0.10850891 -0.14386363
v 1.0462042 -0.10831288 -0.14331165
v 1.07202625 -0.09276926 -0.14052468
v -1.01537132 -0.12424302 -0.14172931
v -0.987643 -0.13720849 -0.14145723
v -0.9578619 -0.15049257 -0.14212381
v 0.95768481 -0.15049223 -0.14203602
v 0.98783063 -0.13712126 -0.14124816
v 1.01531982 -0.12420097 -0.14168141
v -0.92354059 -0.16569979 -0.14618074
v 0.92327785 -0.16569705 -0.14624434
v -0.88610625 -0.18420955 -0.14864134
v -0.85769254 -0.20067271 -0.14336159
v 0.85738021 -0.20066241 -0.14340716
v 0.88587427 -0.18418058 -0.14868921
v -0.82782995 -0.21864977 -0.14007863
v -0.79544013 -0.23713919 -0.14068931
v 0.79515129 -0.23720865 -0.14014765
v 0.82735878 -0.21872094 -0.14000414
v -0.76130288 -0.25546997 -0.13830982
v -0.72923475 -0.27065336 -0.13809599
v 0.72981119 -0.27028399 -0.13785591
v 0.76188427 -0.25522261 -0.13754646
v -0.69817745 -0.28176683 -0.143911
v -0.66704094 -0.29245728 -0.14326739
v -0.63706338 -0.30284932 -0.13802675
v 0.63622719 -0.30302277 -0.13792982
v 0.66676592 -0.29248076 -0.14304024
v 0.69818139 -0.28167063 -0.14351731
v -0.60581213 -0.31200921 -0.13427358
v -0.57610654 -0.3172779 -0.13735303
v -0.54636305 -0.32325732 -0.13857469
v -0.51286381 -0.33266416 -0.13874563
v 0.51255911 -0.33268001 -0.13864222
v 0.54603356 -0.32328236 -0.13839209
v 0.57547044 -0.31737306 -0.13723528
v 0.60531699 -0.31178593 -0.13489125
v -0.47498327 -0.34504625 -0.13979834
v -0.44568949 -0.35718345 -0.13485613
v -0.42039281 -0.36819976 -0.13130132
v 0.42066997 -0.36764586 -0.13154619
v 0.44566303 -0.35710674 -0.13478726
v 0.47478559 -0.34499537 -0.13977596
v -0.38710835 -0.38416379 -0.13148289
v 0.38749939 -0.382355 -0.13297376
v -0.35047477 -0.41060394 -0.13450229
v 0.35085141 -0.41007694 -0.13445155
v -0.31571501 -0.44646656 -0.13976016
v 0.31514498 -0.44772076 -0.13920816
v -0.29925924 -0.47982728 -0.13263145
v 0.29785233 -0.48208934 -0.13315717
v -0.29086524 -0.51237624 -0.13084247
v 0.2903977 -0.51168131 -0.13081318
v -0.28364002 -0.54421073 -0.1354025
v 0.28440377 -0.54106748 -0.13351741
v -0.27722418 -0.57817292 -0.14369285
v 0.27746588 -0.57700598 -0.1430011
v -0.28026673 -0.61084729 -0.1422227
v 0.28012889 -0.61091697 -0.14236871
v -0.28714889 -0.64274621 -0.14163765
v 0.28695225 -0.64303875 -0.14196349
v -0.29866331 -0.6781128 -0.14136436
v 0.29813301 -0.67622375 -0.14074486
v -0.31170171 -0.71237802 -0.14206709
v 0.31079369 -0.70469701 -0.13816744
v -0.32196784 -0.73732811 -0.1432912
v 0.32265073 -0.73350215 -0.13971902
v -0.33582443 -0.76504337 -0.14168983
v 0.33646655 -0.76497685 -0.14052787
v -0.35005366 -0.79589223 -0.1396524
v 0.35081765 -0.79699724 -0.13902604
v -0.36032825 -0.82971674 -0.14057852
v 0.36224687 -0.83026129 -0.13812749
v -0.3625881 -0.86130577 -0.14398369
v 0.36391907 -0.86241579 -0.14209017
v -0.35831001 -0.88896632 -0.14425247
v 0.3581956 -0.88988649 -0.14356006
v -0.3448885 -0.91712427 -0.13789436
v 0.34486186 -0.91816115 -0.13707867
v -0.316536 -0.94248044 -0.13581681
v -0.2942166 -0.95212292 -0.14067982
v -0.26492881 -0.96096885 -0.14402364
v 0.26772606 -0.95981353 -0.14361371
v 0.29735052 -0.9504584 -0.14042913
v 0.31832438 -0.94161731 -0.13550718
v -0.23363739 -0.97052371 -0.14363554
v -0.20381546 -0.97753381 -0.14229343
v -0.17565044 -0.98113471 -0.14337119
v -0.14575782 -0.9839434 -0.14400103
v -0.10919969 -0.98584365 -0.14652034
v -0.07183364 -0.98705816 -0.14740479
v -0.04004156 -0.98747515 -0.14760795
v -0.00913264 -0.98754775 -0.14771799
v 0.02267507 -0.987504 -0.14770373
v 0.05410632 -0.98724478 -0.14785175
v 0.08277663 -0.98664474 -0.14796012
v 0.11285631 -0.98574435 -0.14613917
v 0.1457794 -0.98396068 -0.14367111
v 0.17560556 -0.98091274 -0.14369513
v 0.2045767 -0.97699713 -0.14300799
v 0.23692232 -0.9700241 -0.14169949
v -0.13697604 1.18909251 -0.1673503
v -0.11161966 1.19410419 -0.16507864
v -0.08297345 1.19687223 -0.16715207
v -0.05195459 1.19858539 -0.16814851
v -0.01946212 1.19909715 -0.16881257
v 0.01329927 1.19861578 -0.1690506
v 0.04493178 1.1973102 -0.16861024
v 0.07565942 1.19498062 -0.16787591
v 0.10541802 1.19123804 -0.1679805
v 0.13383369 1.18702173 -0.16540332
v -0.29130756 1.15750658 -0.163495
v -0.2607907 1.16258823 -0.16574448
v -0.22812229 1.16912365 -0.16642054
v -0.19524374 1.17663335 -0.16586993
v -0.16509597 1.18295693 -0.16792513
v 0.16550205 1.18041563 -0.16652157
v 0.19851714 1.17344832 -0.16769117
v 0.23013663 1.16749632 -0.16691631
v 0.26162272 1.16206574 -0.16571253
v 0.29215115 1.15733647 -0.16341917
v -0.44621971 1.12518346 -0.17222498
v -0.41351258 1.13034939 -0.17540495
v -0.38270789 1.13589048 -0.17608296
v -0.35425671 1.1424396 -0.17297749
v -0.3223426 1.14972257 -0.16909107
v 0.32261303 1.14971733 -0.16911324
v 0.35367283 1.14248693 -0.17319575
v 0.38341277 1.13588643 -0.17573474
v 0.41391688 1.13012456 -0.17576977
v 0.44595664 1.12519359 -0.17232739
v -0.56961739 1.09189295 -0.1707967
v -0.54230368 1.10154259 -0.17207929
v -0.51166498 1.11015832 -0.17277821
v -0.47894251 1.11798548 -0.17293727
v 0.47868713 1.11801743 -0.17293182
v 0.51152157 1.11014664 -0.17278537
v 0.54218769 1.10156881 -0.17195388
v 0.56951254 1.09184241 -0.17084276
v -0.63299417 1.06007838 -0.1709343
v -0.60039377 1.07724237 -0.17220693
v 0.60037887 1.07725465 -0.17196965
v 0.63301193 1.06004309 -0.17088943
v -0.67130947 1.035393 -0.17707961
v 0.67144882 1.0353595 -0.17707395
v -0.73534929 0.99778962 -0.1725475
v -0.70449709 1.01520085 -0.17584127
v 0.70429396 1.01548075 -0.17585331
v 0.73513805 0.99812871 -0.17305889
v -0.81968087 0.97122383 -0.17424097
v -0.79206842 0.97815525 -0.17390874
v -0.76515859 0.98444485 -0.17334003
v 0.76503133 0.98443818 -0.174582
v 0.79178476 0.97824108 -0.17335364
v 0.81830704 0.97160756 -0.17288559
v -0.8551281 0.94791209 -0.17459426
v 0.85456126 0.94811546 -0.17408192
v -0.87594842 0.91560971 -0.17782057
v 0.87585818 0.91574561 -0.17785063
v -0.8840608 0.88537269 -0.17626318
v 0.8839609 0.88555783 -0.17619121
v -0.89078199 0.85671603 -0.16586732
v 0.89028948 0.8574683 -0.16683225
v -0.90445202 0.82555711 -0.16218833
v 0.90441817 0.82568538 -0.16211804
v -0.92035532 0.79626733 -0.17028364
v 0.92034721 0.79626298 -0.17018929
v -0.93947541 0.7656188 -0.17630624
v 0.93944293 0.76564216 -0.17633447
v -0.95872545 0.73646771 -0.17471367
v 0.95904249 0.73611122 -0.17435009
v -0.97615432 0.70787918 -0.17418021
v 0.97713697 0.70682191 -0.17309984
v -0.99344205 0.67681378 -0.17622304
v 0.99364709 0.67683482 -0.1758272
v -1.01543974 0.64009726 -0.17604717
v 1.01426661 0.64065218 -0.17650821
v -1.04529893 0.60515475 -0.17235963
v 1.04144632 0.60420012 -0.17388063
v -1.10697829 0.57599723 -0.17344169
v -1.07857966 0.58763182 -0.17153322
v 1.07828366 0.5729267 -0.17478166
v -1.13721561 0.55295193 -0.17089861
v 1.11019694 0.55053579 -0.17406262
v 1.13913834 0.52997613 -0.16768184
v -1.16140258 0.51307618 -0.17405337
v 1.16985499 0.50486439 -0.16650764
v -1.1710608 0.48361221 -0.17421242
v 1.19798207 0.47914472 -0.16687575
v -1.17008078 0.4555903 -0.17329922
v 1.22825861 0.45044481 -0.16697049
v -1.15567314 0.42732387 -0.1744
v 1.26012325 0.42374455 -0.17024523
v -1.13979649 0.39031139 -0.1736069
v 1.28852772 0.40287852 -0.17269355
v 1.31779396 0.37691992 -0.16562967
v -1.14332354 0.35610675 -0.16670119
v 1.19913196 0.36440527 -0.16902737
v 1.24485826 0.36395537 -0.17116317
v 1.34306955 0.35355246 -0.16637951
v -1.15569889 0.32248351 -0.16244852
v 1.17392921 0.32955569 -0.17127095
v 1.27272462 0.34449178 -0.17587199
v 1.30265486 0.33321079 -0.16938889
v 1.33076381 0.33389645 -0.15893222
v 1.35962081 0.33224192 -0.17342424
v -1.16486096 0.29249227 -0.16539603
v 1.17271089 0.29517972 -0.16942627
v 1.33096742 0.301445 -0.18066343
v 1.35852718 0.30345937 -0.17025283
v 1.37495636 0.2994706 -0.18035666
v -1.17173671 0.26300659 -0.16853824
v 1.18088293 0.26342979 -0.17297875
v 1.36135363 0.27076685 -0.18143254
v 1.38380527 0.26813435 -0.18252368
v -1.17700314 0.23175758 -0.16921399
v 1.18936061 0.23392799 -0.17210018
v 1.3936795 0.23312304 -0.18153929
v -1.17999029 0.19983808 -0.16753551
v 1.19372105 0.20448193 -0.16825747
v 1.39471721 0.20487749 -0.18762509
v 1.40712511 0.20350162 -0.18760004
v -1.17978525 0.17086988 -0.16897708
v 1.19281375 0.17309372 -0.1674411
v -1.17830658 0.1396344 -0.17151986
v 1.18947625 0.14186859 -0.16749937
v -1.17739439 0.10727095 -0.17251716
v 1.18543028 0.10798025 -0.16866891
v -1.17673528 0.07440576 -0.17344616
v 1.18235373 0.07731881 -0.1695224
v -1.17423963 0.04360064 -0.1739245
v 1.17794513 0.04694537 -0.17050933
v -1.16759634 0.01610284 -0.17395921
v 1.16940879 0.01839131 -0.17434567
v -1.15549862 -0.00882742 -0.17449887
v 1.15595674 -0.00836073 -0.17583328
v -1.13358974 -0.03799676 -0.17381706
v 1.13358879 -0.03812009 -0.17434439
v -1.10504758 -0.06657824 -0.1706216
v -1.07864713 -0.08705258 -0.16928955
v 1.07870745 -0.08694006 -0.16942822
v 1.10508823 -0.06653817 -0.17071878
v -1.04955744 -0.10481928 -0.1704061
v -1.01486945 -0.12237164 -0.16858051
v 1.01481199 -0.12231616 -0.16881391
v 1.04953861 -0.10474999 -0.17043486
v -0.98499238 -0.13537377 -0.16999821
v -0.95530015 -0.14791373 -0.17019766
v 0.9556691 -0.14769589 -0.16990971
v 0.98579907 -0.13491274 -0.17049783
v -0.9210155 -0.16281831 -0.17140311
v -0.88746106 -0.17945274 -0.17345553
v 0.88718843 -0.17944078 -0.17352023
v 0.92080795 -0.16280686 -0.1713379
v -0.8576492 -0.19720259 -0.17131014
v -0.82895433 -0.21478238 -0.1712258
v 0.82837295 -0.21500203 -0.17065405
v 0.85723549 -0.19726643 -0.17122998
v -0.79774081 -0.23212528 -0.17345184
v 0.79780542 -0.23223199 -0.17192018
v -0.76065599 -0.2509399 -0.17288884
v -0.73127818 -0.26397401 -0.17138105
v -0.70018827 -0.27437025 -0.17358657
v 0.69881337 -0.27467861 -0.17312023
v 0.73097628 -0.26397019 -0.17057201
v 0.761985 -0.25055974 -0.17105604
v -0.66514504 -0.28561025 -0.16847497
v -0.63729822 -0.29276523 -0.16770479
v -0.60818189 -0.29878753 -0.16978836
v -0.57649546 -0.30543494 -0.17051553
v 0.57625395 -0.30541259 -0.17041018
v 0.60790777 -0.29872906 -0.16975504
v 0.6371631 -0.29270824 -0.1675352
v 0.66508275 -0.28551048 -0.16820123
v -0.54601085 -0.31424588 -0.16754034
v -0.51431644 -0.32389402 -0.16527533
v -0.47716605 -0.33416789 -0.16443821
v 0.47710731 -0.33406031 -0.16443294
v 0.51408946 -0.32387858 -0.16519855
v 0.5457257 -0.31422671 -0.16746974
v -0.44468766 -0.34287789 -0.16100758
v -0.42024466 -0.34817665 -0.16120101
v -0.38734236 -0.35957318 -0.16778901
v 0.38782584 -0.35881936 -0.1681962
v 0.42050093 -0.34788239 -0.16130121
v 0.44479918 -0.34265005 -0.16107118
v -0.3525756 -0.38634657 -0.1703598
v 0.35335305 -0.38546425 -0.16990572
v -0.32297632 -0.42177045 -0.16918414
v 0.32354137 -0.42167067 -0.16756463
v -0.30015176 -0.44996839 -0.16753555
v 0.29984974 -0.45113378 -0.16622328
v -0.28366461 -0.4815796 -0.16440036
v 0.28269487 -0.48382705 -0.16434525
v -0.27402913 -0.51292979 -0.165334
v 0.27330949 -0.51430815 -0.16561573
v -0.26701846 -0.54350829 -0.16869694
v 0.26704073 -0.54285913 -0.16816037
v -0.25951162 -0.57665491 -0.17700967
v 0.25938844 -0.57670742 -0.17700648
v -0.26123869 -0.60987091 -0.17645679
v 0.26109835 -0.61008685 -0.17658363
v -0.2693119 -0.64342486 -0.1731044
v 0.26920124 -0.64381724 -0.17340119
v -0.27992612 -0.67879462 -0.17184451
v 0.27968505 -0.67907202 -0.17225949
v -0.29054844 -0.71129143 -0.17312145
v 0.29001861 -0.70931041 -0.17245055
v -0.30154052 -0.73671269 -0.1718049
v 0.30166146 -0.73633271 -0.17122207
v -0.31493955 -0.766173 -0.16991014
v 0.31462115 -0.76685601 -0.17053735
v -0.32759192 -0.80123853 -0.17000643
v 0.32663998 -0.80068063 -0.17071288
v -0.34407067 -0.83362233 -0.16157728
v -0.32712864 -0.82907664 -0.17966364
v 0.32531335 -0.82910287 -0.18047243
v 0.34382569 -0.83112263 -0.16056554
v -0.34376496 -0.86434698 -0.1660355
v 0.34398776 -0.86501157 -0.16437843
v -0.3351165 -0.89014262 -0.16961816
v 0.33486667 -0.89253509 -0.16782611
v -0.31893193 -0.91634416 -0.16719827
v 0.31791281 -0.91915285 -0.16531601
v -0.29633861 -0.93786215 -0.16346275
v -0.26645496 -0.94623076 -0.17533767
v -0.23638592 -0.95808368 -0.17483861
v 0.23485854 -0.95906257 -0.17487637
v 0.26218575 -0.94874292 -0.17652514
v 0.29089683 -0.94104719 -0.16477179
v -0.20455876 -0.96908855 -0.17112417
v -0.17459036 -0.9738177 -0.17359259
v -0.14482535 -0.9776647 -0.17301075
v -0.11000977 -0.97981381 -0.17517262
v -0.07299771 -0.98101711 -0.17711097
v -0.03998446 -0.98149824 -0.17812669
v -0.00899698 -0.98160457 -0.17845276
v 0.0226443 -0.98156034 -0.17829707
v 0.05463276 -0.98128354 -0.17779733
v 0.08539113 -0.98060584 -0.17698597
v 0.11546275 -0.97961413 -0.17465768
v 0.14552469 -0.97759747 -0.17293009
v 0.1737353 -0.97371161 -0.17397067
v 0.20269401 -0.96909195 -0.17185187
v -0.10451208 1.18672752 -0.19613513
v -0.07584248 1.19009685 -0.19874711
v -0.04819559 1.19184613 -0.20114985
v -0.019878 1.19243943 -0.20303869
v 0.01052594 1.19226574 -0.20321755
v 0.04184034 1.19120454 -0.20132935
v 0.0729069 1.18859994 -0.19943082
v -0.22706869 1.15864706 -0.19731944
v -0.19474546 1.16668963 -0.19652512
v -0.16416028 1.17338264 -0.19892004
v -0.13331398 1.18030905 -0.1991423
v 0.10407513 1.18379342 -0.20035335
v 0.13396289 1.17860508 -0.19850054
v 0.16514852 1.17175602 -0.19888404
v 0.19514085 1.16551458 -0.19735258
v 0.22709789 1.15818774 -0.19759279
v -0.38028734 1.12491262 -0.20343841
v -0.35189184 1.13246703 -0.19807933
v -0.32245695 1.1387999 -0.19643802
v -0.29154622 1.14513206 -0.19594812
v -0.25995963 1.15102672 -0.19792257
v 0.25996947 1.15100717 -0.19787512
v 0.29172891 1.14512538 -0.19599881
v 0.32259565 1.1388148 -0.19642964
v 0.35169956 1.13248229 -0.19815832
v 0.38018548 1.12494039 -0.20341274
v -0.51988959 1.0959618 -0.20461261
v -0.4822773 1.10499894 -0.20464864
v -0.44705301 1.11142015 -0.20623436
v -0.41394299 1.11702823 -0.20755139
v 0.41359645 1.11704254 -0.20764571
v 0.44679579 1.11141634 -0.2062419
v 0.48207145 1.10495007 -0.20462843
v 0.51955306 1.09604692 -0.20444476
v -0.60992127 1.06154871 -0.20121647
v -0.57969832 1.07620513 -0.20141254
v -0.55197119 1.08632087 -0.20397973
v 0.55174493 1.08633351 -0.20413629
v 0.57914751 1.07610297 -0.20255081
v 0.60962313 1.06193161 -0.20142161
v -0.64061605 1.04435515 -0.20111286
v 0.64013791 1.04479718 -0.20217989
v -0.70602476 1.00051903 -0.20933575
v -0.67399966 1.02166819 -0.20741108
v 0.67386418 1.022408 -0.20805235
v 0.70543354 1.00206196 -0.20944857
v -0.81850397 0.96592611 -0.2019642
v -0.78945875 0.97239244 -0.20372206
v -0.76430428 0.97463822 -0.20491789
v -0.73653376 0.98407304 -0.20606564
v 0.73679786 0.98471164 -0.20825439
v 0.76535856 0.97394013 -0.20909699
v 0.79053223 0.97193718 -0.20480659
v 0.81825572 0.96574693 -0.20135632
v -0.85204017 0.94442915 -0.20110496
v 0.85175401 0.94446802 -0.20103329
v -0.86832052 0.91961175 -0.20334324
v 0.86828523 0.91969436 -0.20333373
v -0.87528002 0.88842785 -0.20443829
v 0.87564748 0.88762885 -0.20419892
v -0.88190716 0.85853213 -0.1975613
v 0.88189685 0.85820585 -0.19749338
v -0.89340049 0.82776701 -0.1952764
v 0.893188 0.8278734 -0.19536131
v -0.90903365 0.79712659 -0.20303618
v 0.9089353 0.79726457 -0.20306962
v -0.92923551 0.76649206 -0.20635354
v 0.92916953 0.76657927 -0.20639701
v -0.94965106 0.73619526 -0.20504987
v 0.94961845 0.73624336 -0.20503202
v -0.96917623 0.70521473 -0.20349061
v 0.96936595 0.70512235 -0.20305915
v -0.98568809 0.67479097 -0.2062722
v 0.98598396 0.67458182 -0.20647722
v -1.0057137 0.63920617 -0.20654004
v 1.00673794 0.63685476 -0.20782332
v -1.03883981 0.59770733 -0.20359085
v 1.03390598 0.59953355 -0.20224233
v -1.10599422 0.56652772 -0.20080754
v -1.07905995 0.57880508 -0.19703808
v 1.07047534 0.5662896 -0.20092433
v -1.13302338 0.54465013 -0.20396667
v 1.10472202 0.53950238 -0.20286035
v -1.15510153 0.50875484 -0.20359119
v 1.13789463 0.51366007 -0.20163542
v -1.16309583 0.48014241 -0.20256367
v 1.16889715 0.48615407 -0.20421697
v 1.19471371 0.47004056 -0.19812214
v -1.15941762 0.45130676 -0.20134204
v 1.22481942 0.44394701 -0.19768911
v -1.14408552 0.4217056 -0.20384191
v 1.26137661 0.41368982 -0.20066461
v -1.13042438 0.38888019 -0.2066749
v 1.29162573 0.39007145 -0.20354621
v -1.13455033 0.35677224 -0.20143929
v 1.2030847 0.3548842 -0.20491293
v 1.2398473 0.34980475 -0.20620231
v 1.32028293 0.36945086 -0.20060512
v 1.34509146 0.34698867 -0.20080415
v -1.14662814 0.32490843 -0.19595846
v 1.16990852 0.32948267 -0.20225247
v 1.2700212 0.32777911 -0.20727986
v 1.35946941 0.32704934 -0.2043159
v -1.15619421 0.29322603 -0.19911594
v 1.16431534 0.29594889 -0.20089677
v 1.29999077 0.30362659 -0.20259645
v 1.3760811 0.2965762 -0.20803313
v -1.16370618 0.26328519 -0.20102904
v 1.17128717 0.26487323 -0.20590965
v 1.31342458 0.2715184 -0.21426755
v 1.33179915 0.2705155 -0.19804665
v 1.38876783 0.26618218 -0.2047013
v -1.1687715 0.23492986 -0.20156209
v 1.18063855 0.23373571 -0.2035028
v 1.3325138 0.24424848 -0.21419042
v 1.36397361 0.23835744 -0.19123238
v 1.39966726 0.23480007 -0.19784061
v -1.1720879 0.20272782 -0.19989974
v 1.18623852 0.20233416 -0.19687068
v 1.36639499 0.20374679 -0.20526927
v 1.40770781 0.20178215 -0.20130819
v -1.17222189 0.16935715 -0.20068079
v 1.18481612 0.17025886 -0.19805194
v 1.36919152 0.1696805 -0.21560666
v 1.39443135 0.17082662 -0.20037993
v 1.40882158 0.17586365 -0.20640936
v -1.17076671 0.1367073 -0.20209646
v 1.18112254 0.13981416 -0.19906538
v 1.3923527 0.14213505 -0.21034228
v 1.41064429 0.14322626 -0.21261063
v -1.16975331 0.10472093 -0.20340049
v 1.17739534 0.10750857 -0.2000489
v 1.3942058 0.11601987 -0.21193704
v 1.41469788 0.11343625 -0.21065682
v -1.16932964 0.07376722 -0.20491264
v 1.17477703 0.07706685 -0.2017748
v 1.3948853 0.08756992 -0.21781802
v 1.42237687 0.07998143 -0.21237251
v -1.16782844 0.04363356 -0.20513001
v 1.17132771 0.04744817 -0.20376978
v 1.42399847 0.05282451 -0.2149091
v 1.43819904 0.04804501 -0.21601322
v -1.16242694 0.01502363 -0.20459565
v 1.16409301 0.0178972 -0.20616987
v 1.42745161 0.02333992 -0.21959133
v 1.44641828 0.02038954 -0.218978
v -1.15078437 -0.01195069 -0.20525294
v 1.15123081 -0.01128405 -0.20639535
v -1.132905 -0.03696616 -0.20446652
v 1.13284564 -0.03728286 -0.20471744
v -1.10843765 -0.06175671 -0.20190963
v -1.08183622 -0.08270731 -0.19822014
v 1.08186173 -0.08262293 -0.19828251
v 1.10840773 -0.0618699 -0.20192436
v -1.04796731 -0.10316613 -0.19747008
v 1.04800951 -0.10306558 -0.19758276
v -1.00953149 -0.12208568 -0.19875247
v -0.98039329 -0.13452351 -0.20270454
v -0.95469927 -0.14532896 -0.2025558
v 0.95669519 -0.14445424 -0.20201781
v 0.98310935 -0.13319522 -0.20379225
v 1.01034128 -0.12162885 -0.19927558
v -0.91958105 -0.16100624 -0.19954699
v -0.88883614 -0.17640891 -0.20061743
v 0.88859522 -0.17640192 -0.2005895
v 0.91991758 -0.16079738 -0.1992107
v -0.85690146 -0.19509147 -0.20138377
v -0.82981056 -0.21156206 -0.20159515
v 0.82913649 -0.21190568 -0.20057962
v 0.85640394 -0.19522744 -0.20117303
v -0.80089974 -0.22730273 -0.20319116
v -0.76486837 -0.24439317 -0.20613259
v 0.76578009 -0.24420279 -0.20402434
v 0.80106937 -0.22745987 -0.20112045
v -0.73405754 -0.25705558 -0.2047382
v -0.7016642 -0.2677083 -0.20314931
v 0.69865489 -0.26836639 -0.20368027
v 0.73171377 -0.25769251 -0.20405751
v -0.66375577 -0.27961969 -0.19423022
v -0.63711571 -0.28563123 -0.19535142
v -0.6101551 -0.29086431 -0.20013847
v -0.57790285 -0.29828512 -0.2010775
v -0.54681515 -0.30629199 -0.19902041
v 0.54663884 -0.3062078 -0.1989502
v 0.57782805 -0.29825174 -0.20090964
v 0.6102876 -0.29067501 -0.20022334
v 0.63736039 -0.28544688 -0.1952379
v 0.66345214 -0.27948957 -0.19433219
v -0.51466894 -0.31339287 -0.19495987
v -0.48078078 -0.3183282 -0.19437736
v -0.45045274 -0.32159614 -0.19638766
v -0.42187443 -0.3294146 -0.19862999
v 0.42237407 -0.32907092 -0.19888222
v 0.45115304 -0.32123524 -0.19648698
v 0.48137074 -0.31809103 -0.19432756
v 0.51488119 -0.31323266 -0.19501528
v -0.38406103 -0.34945255 -0.20509225
v 0.38437062 -0.34908893 -0.20545603
v -0.35203561 -0.38060241 -0.20224805
v 0.35275846 -0.37973901 -0.20221501
v -0.32304844 -0.41626203 -0.20004847
v 0.32351058 -0.41589912 -0.19888612
v -0.29218009 -0.45061552 -0.19902393
v 0.29217654 -0.45081839 -0.19889918
v -0.27180457 -0.48235666 -0.1975346
v 0.27132353 -0.48359 -0.19700004
v -0.25799602 -0.51201516 -0.19948218
v 0.25776553 -0.51294606 -0.19942095
v -0.25105369 -0.54027009 -0.19947475
v 0.2509703 -0.54058718 -0.19945542
v -0.24331332 -0.57318353 -0.20506867
v 0.2432219 -0.5734235 -0.20510396
v -0.24348735 -0.60859066 -0.20549403
v 0.24343907 -0.6085596 -0.20546443
v -0.25042891 -0.64383912 -0.20306223
v 0.25029987 -0.64384597 -0.20315423
v -0.25841462 -0.67744779 -0.20385408
v 0.25830471 -0.6777938 -0.20413923
v -0.26953214 -0.7089858 -0.20308265
v 0.26927495 -0.70911639 -0.20344974
v -0.28185954 -0.73543018 -0.19840261
v 0.28161498 -0.73590892 -0.19888946
v -0.29157164 -0.76487046 -0.1987745
v 0.29108026 -0.76530396 -0.19944539
v -0.30043804 -0.79707872 -0.20038113
v 0.2995662 -0.79703575 -0.20112645
v -0.30728074 -0.82615745 -0.20088239
v 0.30579847 -0.82690203 -0.20166643
v -0.31864517 -0.85443514 -0.19208148
v 0.3172478 -0.85762995 -0.19198
v -0.31120181 -0.88594436 -0.19441631
v 0.31072318 -0.8900147 -0.192725
v -0.29152965 -0.91550248 -0.19473552
v -0.26670089 -0.92616289 -0.20599168
v 0.28820595 -0.91699159 -0.19594031
v -0.23831163 -0.9404056 -0.20614448
v -0.20547771 -0.9567123 -0.20149338
v -0.17415012 -0.96381676 -0.20394532
v 0.17390456 -0.96382045 -0.2040012
v 0.2034147 -0.95757389 -0.2019678
v 0.23205149 -0.94507372 -0.20555844
v 0.26019287 -0.93635195 -0.19881421
v -0.14515276 -0.96900117 -0.20200239
v -0.11367505 -0.97222638 -0.20318016
v -0.07708799 -0.97381281 -0.20587454
v -0.0409384 -0.97443199 -0.20796866
v -0.00878313 -0.97459936 -0.20872858
v 0.02258584 -0.97452616 -0.20850096
v 0.05426292 -0.97422176 -0.20736052
v 0.08536997 -0.97356009 -0.20543001
v 0.11535861 -0.97213935 -0.20300273
v 0.14471715 -0.96899837 -0.20199233
v -0.19459956 1.15595221 -0.22710251
v -0.16455093 1.16214847 -0.23123183
v -0.13411958 1.16847372 -0.23436991
v -0.10319946 1.17432057 -0.23593668
v -0.07173726 1.17892062 -0.2375824
v -0.0419835 1.18201375 -0.23801273
v -0.01621907 1.18338131 -0.23838079
v 0.010185 1.1833018 -0.23860731
v 0.04084241 1.18168962 -0.2382659
v 0.07233603 1.17853474 -0.2369644
v 0.10358743 1.17364454 -0.23624369
v 0.13359561 1.16852808 -0.23266311
v 0.16500383 1.1615405 -0.23125271
v 0.19452446 1.15574789 -0.22697645
v -0.32270777 1.12744402 -0.2246907
v -0.28973329 1.13394689 -0.22609424
v -0.25817585 1.14030706 -0.22793768
v -0.22610625 1.14805078 -0.22737307
v 0.22704696 1.14752316 -0.22803455
v 0.25858232 1.14045834 -0.22736927
v 0.289586 1.13404691 -0.22599795
v 0.32259094 1.12744045 -0.22479668
v -0.48076891 1.09299945 -0.23561255
v -0.44571504 1.09893894 -0.23770579
v -0.41446033 1.10521769 -0.23596662
v -0.38275396 1.11310958 -0.23082423
v -0.35354226 1.1205343 -0.22635224
v 0.35342675 1.12050223 -0.2265093
v 0.3825277 1.11310887 -0.23090082
v 0.41431367 1.10512566 -0.23611156
v 0.44685578 1.09862649 -0.23779399
v 0.48183289 1.09280824 -0.23582877
v -0.57945442 1.06390881 -0.23281097
v -0.55073857 1.07488966 -0.23459196
v -0.51958417 1.08370137 -0.23623293
v 0.51897937 1.08425986 -0.23629784
v 0.55023062 1.07496702 -0.23697781
v 0.57822239 1.0642296 -0.23715719
v -0.64118063 1.03091478 -0.23285946
v -0.60969144 1.04849827 -0.23361414
v 0.60877573 1.05013608 -0.23638637
v 0.63956248 1.03291857 -0.23760786
v -0.67380869 1.00940871 -0.23596546
v 0.67210531 1.01225471 -0.24008025
v -0.73681801 0.96926081 -0.23688687
v -0.70608115 0.98715007 -0.23838138
v 0.70519262 0.99068564 -0.24062123
v 0.73808521 0.97158765 -0.23974919
v -0.82291638 0.94423353 -0.23125277
v -0.79290783 0.95491868 -0.2340292
v -0.76575195 0.95934677 -0.23532065
v 0.76867216 0.95949327 -0.23931169
v 0.79644417 0.95481371 -0.23429712
v 0.82507491 0.94302403 -0.23047518
v -0.84953939 0.92507481 -0.22679173
v 0.85039866 0.92361152 -0.22654864
v -0.85465014 0.89220762 -0.2364214
v 0.85616171 0.8891499 -0.23581184
v -0.8646239 0.86169487 -0.23224887
v 0.86568284 0.86020851 -0.23087324
v -0.87820071 0.83005958 -0.23027312
v 0.87782633 0.83038234 -0.23011007
v -0.89605736 0.79812324 -0.23545607
v 0.89571934 0.79852151 -0.23549094
v -0.91820281 0.76739752 -0.23559516
v 0.91804242 0.76762068 -0.23560148
v -0.93901574 0.73662436 -0.2362889
v 0.93886327 0.73682403 -0.23636238
v -0.95892536 0.70538079 -0.23587334
v 0.95887178 0.70542192 -0.23590186
v -0.97653949 0.67461669 -0.23755127
v 0.97783494 0.67220217 -0.23810803
v -0.99302166 0.64352166 -0.23912078
v 0.9970746 0.63624954 -0.24070932
v -1.01743674 0.60709929 -0.23544788
v 1.01792955 0.60467541 -0.23605088
v -1.08095109 0.56109654 -0.22509127
v -1.04605341 0.57915121 -0.22886052
v 1.04810011 0.57255619 -0.23095692
v -1.12640976 0.53711003 -0.22691124
v -1.10735929 0.54567146 -0.22897747
v 1.08105623 0.54138726 -0.23141902
v -1.13471555 0.51219499 -0.23059941
v 1.11407327 0.51121038 -0.23246675
v -1.13788819 0.48408854 -0.2323331
v 1.13949155 0.48162773 -0.23548984
v -1.13469123 0.45396214 -0.23175884
v 1.17377781 0.45412972 -0.23288252
v 1.200001 0.44386008 -0.22663536
v -1.12619733 0.42400315 -0.23255474
v 1.20333313 0.4180029 -0.2420358
v 1.22722578 0.41553601 -0.2297478
v -1.12054395 0.39288154 -0.23545357
v 1.2034887 0.3887909 -0.2476719
v 1.26638507 0.38678586 -0.23102518
v -1.12656927 0.35836744 -0.23289468
v 1.16778707 0.35814288 -0.23790878
v 1.20464539 0.36197274 -0.23269361
v 1.24027824 0.35174667 -0.23341959
v 1.29527211 0.36473411 -0.23482182
v 1.32286512 0.34664085 -0.23350495
v -1.13749933 0.32651877 -0.22916549
v 1.1633284 0.33322092 -0.22923818
v 1.26972794 0.32602506 -0.23593248
v 1.35097503 0.32335111 -0.22967338
v -1.14674592 0.2937009 -0.233148
v 1.15699625 0.29133433 -0.23029452
v 1.29272913 0.29823923 -0.23526942
v 1.36754488 0.29409688 -0.23613667
v -1.15536475 0.26033926 -0.23382635
v 1.16388738 0.25836759 -0.23562175
v 1.30897545 0.27018985 -0.23664516
v 1.38058042 0.26304015 -0.23435449
v -1.16050207 0.23279249 -0.23401475
v 1.17137169 0.22973193 -0.23565486
v 1.32509684 0.24010826 -0.23566009
v 1.39044404 0.23472791 -0.22982808
v -1.16434979 0.20441907 -0.22955468
v 1.17534291 0.2022309 -0.2317736
v 1.34126079 0.20988029 -0.2311643
v 1.39442849 0.20562046 -0.23502063
v -1.16439962 0.17272961 -0.22980254
v 1.17409551 0.1733419 -0.23213794
v 1.35692656 0.17071498 -0.23405909
v 1.39844989 0.17759114 -0.23934246
v -1.16219592 0.13872438 -0.23313263
v 1.17118406 0.14207226 -0.23121818
v 1.3636434 0.14487718 -0.23440089
v 1.40692353 0.14695973 -0.23674258
v -1.1608659 0.10707096 -0.23545201
v 1.16801691 0.10781323 -0.23144936
v 1.36705374 0.11247699 -0.23949767
v 1.41627502 0.11413709 -0.23293414
v -1.16094982 0.07843389 -0.23661553
v 1.16596746 0.0771663 -0.23295539
v 1.37021195 0.08109889 -0.24457667
v 1.42629766 0.0819927 -0.23375225
v -1.16083359 0.04889719 -0.23644621
v 1.16375052 0.04988293 -0.23506948
v 1.39292895 0.05346848 -0.23143188
v 1.44226241 0.0436494 -0.23388633
v -1.1568315 0.01805039 -0.23525495
v 1.15790319 0.01905483 -0.23713076
v 1.39792752 0.02098834 -0.23676735
v 1.45269131 0.01405612 -0.23444169
v -1.14562082 -0.01274648 -0.23522481
v 1.14601504 -0.01268836 -0.23623132
v 1.4069817 -0.01151369 -0.24329637
v 1.42928814 -0.0135535 -0.23220621
v 1.45527291 -0.01716762 -0.2277418
v 1.46751701 -0.02064639 -0.23566062
v -1.13137292 -0.03556549 -0.23347047
v -1.11145794 -0.05615803 -0.23272079
v 1.1114856 -0.05630957 -0.23269641
v 1.13147652 -0.0359228 -0.23353093
v 1.43104863 -0.03701623 -0.24570745
v 1.46139228 -0.04648497 -0.2429673
v 1.47618544 -0.04773033 -0.24366298
v -1.0831964 -0.07860978 -0.22926867
v 1.0832386 -0.07854826 -0.22924116
v -1.0489515 -0.09949241 -0.22861602
v -1.0150218 -0.11579163 -0.23239198
v 1.01504933 -0.11570219 -0.23254247
v 1.04889774 -0.09943045 -0.22867733
v -0.98456978 -0.12894536 -0.23569947
v -0.95557642 -0.14170771 -0.23391798
v 0.95591682 -0.14152912 -0.2335577
v 0.9853273 -0.12851515 -0.23623716
v -0.91567367 -0.16001024 -0.23089543
v -0.88555407 -0.17531034 -0.23295149
v 0.88531684 -0.17529255 -0.23306453
v 0.91547465 -0.16000637 -0.23081204
v -0.85478246 -0.19332769 -0.23469629
v -0.8287636 -0.20887109 -0.23469263
v 0.82787942 -0.20931848 -0.23343879
v 0.85430425 -0.19346198 -0.23451307
v -0.798307 -0.22524938 -0.23470884
v -0.76507437 -0.24061185 -0.23760879
v 0.76508516 -0.24063295 -0.23757588
v 0.79811197 -0.22545126 -0.23373964
v -0.73317283 -0.2534275 -0.23650515
v -0.70302021 -0.26359385 -0.23425483
v -0.66808438 -0.27413117 -0.22741547
v -0.6400336 -0.28035944 -0.2280706
v 0.64035236 -0.28029006 -0.22765004
v 0.6682955 -0.27399677 -0.22787052
v 0.70061779 -0.26409417 -0.23632505
v 0.73018187 -0.25437751 -0.23656077
v -0.6128146 -0.28564775 -0.23021194
v -0.58107471 -0.2903769 -0.23212952
v -0.54799759 -0.29439637 -0.23189584
v -0.51207983 -0.2978602 -0.23075002
v -0.48073351 -0.30155038 -0.23149082
v -0.45311 -0.3070288 -0.23155364
v 0.4540646 -0.30675616 -0.23155808
v 0.4818598 -0.30116441 -0.23149082
v 0.5127846 -0.29732596 -0.23157209
v 0.54786014 -0.29433029 -0.23153373
v 0.57974982 -0.29102808 -0.23062795
v 0.61227834 -0.28561678 -0.23010474
v -0.42121228 -0.32175132 -0.23118844
v 0.42227178 -0.32135212 -0.23170356
v -0.38351145 -0.34980973 -0.23650172
v 0.38393938 -0.3496024 -0.236868
v -0.35373801 -0.38181108 -0.23180957
v 0.3532975 -0.38189309 -0.23234996
v -0.32180833 -0.41320139 -0.23368057
v 0.32198855 -0.41311591 -0.23127505
v -0.2874825 -0.44585079 -0.22768113
v 0.28960767 -0.44238585 -0.23281985
v -0.26026049 -0.47599941 -0.23025718
v 0.26025947 -0.47628891 -0.2308458
v -0.23261508 -0.50877249 -0.2376648
v 0.23264095 -0.5092622 -0.23729582
v -0.22759275 -0.54082208 -0.23073129
v 0.22763998 -0.54097694 -0.23062652
v -0.22466191 -0.57461011 -0.22960965
v 0.2246989 -0.57455217 -0.22951248
v -0.22436043 -0.6108278 -0.23057828
v 0.22426259 -0.61072635 -0.23057031
v -0.22759941 -0.64579349 -0.23263379
v 0.22712405 -0.64626449 -0.23304912
v -0.23394607 -0.67771899 -0.23522663
v 0.23374819 -0.6785196 -0.23549604
v -0.24771502 -0.71165466 -0.23299488
v 0.24757766 -0.71176505 -0.23313945
v -0.25842994 -0.74047899 -0.23098887
v 0.25821307 -0.74051034 -0.23120471
v -0.26652643 -0.76952296 -0.23133063
v 0.26620355 -0.76944565 -0.23159316
v -0.27974039 -0.80378615 -0.22606596
v 0.27927494 -0.8029735 -0.22636106
v -0.28495061 -0.83079576 -0.22517693
v 0.28427541 -0.82908618 -0.22545212
v -0.2867881 -0.85975289 -0.22353814
v 0.28595554 -0.85911679 -0.22325752
v -0.28231316 -0.88737881 -0.22137527
v -0.25954237 -0.88748359 -0.24124869
v 0.25866597 -0.8895322 -0.23959422
v 0.28184923 -0.8893584 -0.21931095
v -0.26453396 -0.90948194 -0.22413557
v -0.23432686 -0.92039811 -0.23345923
v 0.23324768 -0.92108565 -0.23376753
v 0.26158785 -0.91371977 -0.22159844
v -0.2034568 -0.94122624 -0.22988802
v -0.17383492 -0.95175302 -0.23215836
v -0.14465853 -0.95651984 -0.23496034
v -0.11374725 -0.96157097 -0.23510363
v -0.07883085 -0.96500825 -0.23523873
v -0.04172581 -0.96635288 -0.23711818
v -0.00848823 -0.96670508 -0.23821908
v 0.02268369 -0.96657574 -0.23792594
v 0.05370446 -0.96608805 -0.23643854
v 0.0845137 -0.96480476 -0.2347965
v 0.11408241 -0.96155804 -0.23505628
v 0.14402173 -0.9567058 -0.23487132
v 0.17372623 -0.95197749 -0.23188516
v 0.20366856 -0.94109183 -0.23007878
v -0.13622203 1.15639245 -0.26644134
v -0.10319397 1.16306996 -0.26787191
v -0.07134068 1.16862344 -0.26761144
v -0.04051921 1.17181801 -0.26855331
v -0.01559003 1.1733483 -0.26878121
v 0.00921257 1.17339944 -0.26889365
v 0.03974982 1.17179632 -0.26893147
v 0.07123167 1.16858768 -0.26796382
v 0.10319818 1.16294145 -0.26808375
v 0.13716699 1.15620458 -0.26595777
v -0.28745836 1.12244212 -0.25712889
v -0.25892874 1.12840032 -0.2588796
v -0.23217725 1.13358688 -0.2626374
v -0.20475652 1.13955164 -0.26530945
v -0.1714119 1.14739513 -0.26719611
v 0.17490586 1.14639902 -0.26735049
v 0.20747858 1.13918185 -0.26439178
v 0.23610204 1.13249993 -0.26304408
v 0.26126569 1.12840676 -0.25740256
v 0.28788894 1.12258946 -0.25648993
v -0.41302764 1.09499383 -0.2617715
v -0.3829115 1.10160517 -0.25904408
v -0.35320097 1.10793173 -0.25755137
v -0.32053232 1.11505603 -0.25727239
v 0.32044971 1.11500716 -0.25748491
v 0.35318887 1.10788393 -0.25765585
v 0.38307631 1.10174536 -0.2585195
v 0.41407883 1.09467113 -0.26194179
v -0.54761254 1.06279909 -0.26642596
v -0.51927447 1.07022535 -0.26984792
v -0.48425012 1.07855272 -0.2695719
v -0.44759017 1.08635234 -0.2678467
v 0.45156812 1.08574104 -0.26827895
v 0.4879471 1.07874441 -0.27034729
v 0.51992887 1.07227015 -0.27002877
v 0.54878413 1.06444025 -0.26969006
v -0.60746085 1.03402495 -0.26945835
v -0.57718038 1.05043625 -0.26681155
v 0.57780033 1.05359411 -0.27039796
v 0.60768413 1.04000401 -0.26966771
v -0.67205607 0.99719429 -0.26530408
v -0.63955122 1.01669311 -0.26689225
v 0.6384778 1.02281487 -0.27125674
v 0.66884708 1.00394272 -0.27225959
v -0.70326119 0.97671759 -0.26499614
v 0.70144879 0.98227715 -0.27147877
v -0.79539704 0.9342792 -0.25531971
v -0.76924705 0.94159364 -0.26073193
v -0.73722064 0.9547019 -0.26577216
v 0.73616719 0.96002018 -0.26883682
v 0.76833093 0.94385129 -0.26462757
v 0.79496204 0.93506658 -0.25734305
v -0.82025426 0.92028427 -0.25290536
v 0.82115316 0.91816431 -0.25428077
v -0.82660651 0.88974046 -0.26506
v 0.82923585 0.88656663 -0.2658559
v -0.84360158 0.8593012 -0.26342281
v 0.8461157 0.85849618 -0.26188775
v -0.8622992 0.82827276 -0.2637093
v 0.86282342 0.82905823 -0.26279273
v -0.88431763 0.79744601 -0.26443469
v 0.88405758 0.7979719 -0.26439958
v -0.90696537 0.76831138 -0.26284155
v 0.90671628 0.76840686 -0.26319712
v -0.92728853 0.73846572 -0.26479739
v 0.92765742 0.73784023 -0.26488378
v -0.94828683 0.70566606 -0.2659316
v 0.94800436 0.70602238 -0.26607286
v -0.96761113 0.67293745 -0.26777222
v 0.96751642 0.67293614 -0.26796698
v -0.98381555 0.64249682 -0.27090105
v 0.98498719 0.64060217 -0.27108562
v -1.00461626 0.60736262 -0.26947486
v 1.00447702 0.60852515 -0.26843833
v -1.03361105 0.57297897 -0.26047724
v 1.03237199 0.57377803 -0.26066112
v -1.06849682 0.54209184 -0.25403851
v 1.06560707 0.53655582 -0.25765323
v -1.10445725 0.51710999 -0.24802231
v -1.0771172 0.51375538 -0.26560759
v 1.07356691 0.51192176 -0.26844984
v 1.09392774 0.50967681 -0.25246778
v -1.10789728 0.4834339 -0.25728118
v 1.10536754 0.48152387 -0.25946021
v -1.10576856 0.45551508 -0.26061999
v 1.10797572 0.4525507 -0.26862859
v 1.14486444 0.45145458 -0.24851253
v -1.10454535 0.42658543 -0.26157346
v 1.13841426 0.41648799 -0.26222333
v 1.1711657 0.41980835 -0.25049001
v -1.10800647 0.39394772 -0.26262658
v 1.13714897 0.38612127 -0.2651003
v 1.17046105 0.38786992 -0.25051885
v 1.2308917 0.38058382 -0.24958959
v -1.11748778 0.3589577 -0.26203444
v 1.13478207 0.35586497 -0.26520007
v 1.23854756 0.36201453 -0.24816656
v 1.26567602 0.35756403 -0.25297242
v -1.12892246 0.32676482 -0.2600876
v 1.13478386 0.32810601 -0.26702165
v 1.27172708 0.33669939 -0.25487387
v 1.29561674 0.33505255 -0.25666973
v 1.32383263 0.3192597 -0.25766837
v -1.13787269 0.29554158 -0.26301461
v 1.14222729 0.29224187 -0.26723855
v 1.30205798 0.30438959 -0.25856685
v 1.32658934 0.29636663 -0.26311728
v 1.34950459 0.29698589 -0.25470554
v -1.14566516 0.26304769 -0.26456248
v 1.15395414 0.25726532 -0.26572424
v 1.32420659 0.2722733 -0.2587552
v 1.36094236 0.25852504 -0.25779569
v -1.15076255 0.2327291 -0.26570332
v 1.16066956 0.22863873 -0.26535594
v 1.33239412 0.24060881 -0.25803014
v 1.35772991 0.23563286 -0.26449853
v 1.37519335 0.23253965 -0.25558286
v -1.15615057 0.20242869 -0.25722429
v 1.16290926 0.20240694 -0.26470899
v 1.34185528 0.20914222 -0.26012304
v 1.35816955 0.20744505 -0.26863348
v 1.37796187 0.20492385 -0.26136037
v -1.1562947 0.17258082 -0.25685638
v 1.16198635 0.17453973 -0.26377761
v 1.35731029 0.17487031 -0.26666361
v 1.3798846 0.17168191 -0.26762485
v -1.15290856 0.14023007 -0.26330968
v 1.16044426 0.14231506 -0.26010191
v 1.35568952 0.14257122 -0.26836067
v 1.39201009 0.14417013 -0.26604715
v -1.15075993 0.11033404 -0.26775428
v 1.15832376 0.10780743 -0.25915044
v 1.35789108 0.11106418 -0.26874598
v 1.40474271 0.11091708 -0.26352253
v -1.15104603 0.08064982 -0.26901912
v 1.15679383 0.07860288 -0.26085543
v 1.36184549 0.07820102 -0.26747316
v 1.41709256 0.07670472 -0.26404193
v -1.15185618 0.04829809 -0.26875478
v 1.15529656 0.05158106 -0.26342359
v 1.37016034 0.04960704 -0.26277509
v 1.43659305 0.03889724 -0.26191183
v -1.14928174 0.01594637 -0.26696103
v 1.15045678 0.01793369 -0.26616883
v 1.38242542 0.01467978 -0.26620471
v 1.44656157 0.00971268 -0.26457896
v -1.13984203 -0.01401514 -0.26452466
v 1.14029502 -0.01390911 -0.26462692
v 1.39511275 -0.01557474 -0.26674774
v 1.46069073 -0.02095373 -0.26254141
v -1.12681102 -0.03604079 -0.26021987
v -1.11153221 -0.05197818 -0.260679
v 1.11165273 -0.052099 -0.26061797
v 1.12702488 -0.03634889 -0.26020211
v 1.42199206 -0.04619861 -0.27235296
v 1.47148609 -0.04944179 -0.26133179
v -1.08046889 -0.07630085 -0.26049587
v 1.0806725 -0.0762224 -0.25989383
v 1.45798873 -0.06196257 -0.2695344
v 1.47520506 -0.06101957 -0.25982213
v -1.04522347 -0.09744784 -0.26046985
v -1.01643085 -0.11103256 -0.26349556
v 1.01687479 -0.11065107 -0.26433134
v 1.0455904 -0.09715728 -0.26073992
v -0.98481488 -0.12494918 -0.26523232
v -0.9540081 -0.13894523 -0.26293605
v 0.95382893 -0.13894081 -0.26319453
v 0.98510915 -0.12468008 -0.26547122
v -0.91528111 -0.15730455 -0.26262772
v -0.8857693 -0.17300826 -0.26438128
v 0.88553881 -0.1730231 -0.26442995
v 0.91507673 -0.15729579 -0.26266565
v -0.85501873 -0.19126921 -0.26640036
v -0.82871723 -0.20643976 -0.26798766
v 0.82740455 -0.20700705 -0.26613879
v 0.8544749 -0.19146195 -0.26586064
v -0.79429602 -0.22515189 -0.26691359
v -0.76371657 -0.24008582 -0.26854828
v 0.7634859 -0.240359 -0.26857292
v 0.79358339 -0.22549155 -0.26696488
v -0.73344481 -0.25239461 -0.26735955
v -0.70457559 -0.26155346 -0.26398283
v -0.67027968 -0.26923704 -0.26128029
v -0.63937032 -0.27315878 -0.26338127
v -0.61311328 -0.27590116 -0.26311993
v -0.58390307 -0.2784022 -0.26201051
v 0.60834729 -0.27689674 -0.26194059
v 0.63798213 -0.27342742 -0.26270851
v 0.67106878 -0.26915311 -0.26124423
v 0.70380413 -0.26187917 -0.26393282
v 0.73150998 -0.25354093 -0.26334831
v -0.550444 -0.28204131 -0.25994759
v -0.51324868 -0.28555259 -0.26237988
v -0.48396071 -0.29060906 -0.26580321
v -0.45569104 -0.30078035 -0.26329118
v 0.45255786 -0.30248567 -0.26288491
v 0.48029884 -0.29202818 -0.26534932
v 0.5101459 -0.2860558 -0.2630949
v 0.54840934 -0.2825731 -0.25890946
v 0.57868063 -0.28028395 -0.25882726
v -0.41993522 -0.32179194 -0.26027798
v 0.41944503 -0.3226923 -0.26099163
v -0.38443708 -0.35298359 -0.26535362
v 0.38498336 -0.35289031 -0.2650285
v -0.35706636 -0.38101005 -0.26246559
v -0.33215287 -0.40114086 -0.26117208
v 0.35454779 -0.38242417 -0.2626608
v -0.30227792 -0.41535514 -0.26628083
v 0.29518967 -0.42274159 -0.26519405
v 0.32499375 -0.40467143 -0.26280957
v -0.28142774 -0.43850138 -0.2512978
v -0.25699842 -0.45388716 -0.2607038
v 0.26101234 -0.45088672 -0.26223695
v -0.22824099 -0.47926509 -0.26278039
v -0.20274777 -0.48483505 -0.27385348
v 0.20316773 -0.48495817 -0.2734577
v 0.2304089 -0.47922918 -0.26159989
v -0.19766826 -0.51180219 -0.26556259
v 0.19782176 -0.51183462 -0.26536333
v -0.19582873 -0.54105031 -0.25986722
v 0.19597753 -0.54098045 -0.25971788
v -0.19677911 -0.57931172 -0.25587701
v 0.19674207 -0.57915151 -0.2558155
v -0.19641228 -0.61447405 -0.25722757
v 0.19587042 -0.61473453 -0.25761729
v -0.19761981 -0.64511477 -0.26097935
v 0.19648154 -0.64703428 -0.26222133
v -0.20476928 -0.6741054 -0.26274693
v 0.20423032 -0.67664003 -0.26360148
v -0.22166089 -0.70855128 -0.25939068
v 0.22146734 -0.70928645 -0.25960958
v -0.23158808 -0.74131929 -0.26078307
v 0.23142838 -0.7413069 -0.26083582
v -0.23870259 -0.77115953 -0.26245355
v 0.23853331 -0.77116835 -0.26253289
v -0.25350418 -0.79984879 -0.25358206
v -0.23452898 -0.79433941 -0.27118879
v 0.23436902 -0.7943483 -0.27128166
v 0.25322166 -0.79949086 -0.25379383
v -0.25658577 -0.82818031 -0.25342565
v -0.23351512 -0.82580721 -0.27475243
v 0.23326583 -0.8253448 -0.27503535
v 0.25617435 -0.82690501 -0.25375765
v -0.25673672 -0.85874283 -0.2518278
v -0.23180717 -0.85761064 -0.27415832
v 0.23123732 -0.85670328 -0.27468133
v 0.25603506 -0.85772204 -0.25176012
v -0.23057389 -0.8900029 -0.26123833
v 0.22988572 -0.89010226 -0.26158773
v -0.19839774 -0.92104876 -0.25867724
v 0.19764518 -0.92138671 -0.25884068
v -0.17334324 -0.93576157 -0.25872367
v -0.14386126 -0.94221991 -0.2649694
v -0.1125155 -0.94978755 -0.264813
v -0.08168184 -0.95464289 -0.26395398
v -0.04632407 -0.95669573 -0.26599466
v -0.01076614 -0.95768326 -0.26719892
v 0.02223545 -0.95750427 -0.26709014
v 0.05260976 -0.9564892 -0.26571434
v 0.08286128 -0.95455575 -0.26386392
v 0.11177685 -0.94983804 -0.2648586
v 0.14322833 -0.94249939 -0.26490718
v 0.17262585 -0.93626415 -0.25859257
v -0.07100929 1.15784502 -0.29577499
v -0.04019472 1.160609 -0.29791855
v -0.01571942 1.16173315 -0.29918336
v 0.00856892 1.16191887 -0.2991451
v 0.03911253 1.16073572 -0.29817867
v 0.07210917 1.15752935 -0.29662796
v -0.20994493 1.12618327 -0.29764559
v -0.17388118 1.13541388 -0.29709667
v -0.13784435 1.14403271 -0.29769623
v -0.10365627 1.15128982 -0.29828
v 0.10666962 1.15076708 -0.29832705
v 0.14188088 1.14321422 -0.29751536
v 0.17728179 1.13436174 -0.2977091
v 0.21058657 1.12607419 -0.2974959
v -0.35269185 1.09482216 -0.29135322
v -0.32021471 1.10138607 -0.29653322
v -0.29391601 1.10597229 -0.29961276
v -0.26915323 1.11107432 -0.29952734
v -0.24041213 1.11799979 -0.29938972
v 0.2413661 1.11755561 -0.30000782
v 0.26968663 1.11118149 -0.29898837
v 0.29385539 1.10595881 -0.29969015
v 0.32038134 1.10132205 -0.29670903
v 0.35307294 1.09527325 -0.28942957
v -0.48946589 1.06497287 -0.29977089
v -0.45102933 1.07489156 -0.29461401
v -0.41444522 1.08298337 -0.29104605
v -0.38375437 1.08828449 -0.29158139
v 0.38358163 1.08948159 -0.28819516
v 0.41488224 1.08322525 -0.29050958
v 0.452342 1.07603001 -0.29389554
v 0.48809316 1.0695647 -0.29683393
v 0.52001047 1.06263852 -0.30012881
v -0.57723307 1.03522932 -0.30083537
v -0.54814302 1.04780268 -0.30044242
v -0.52091443 1.05609583 -0.30221205
v 0.5496838 1.05411911 -0.30236911
v 0.57809203 1.04403567 -0.30192169
v 0.60763382 1.03134763 -0.29827305
v -0.63781487 1.00361943 -0.29681712
v -0.60658752 1.01964473 -0.30160582
v 0.63986313 1.0129888 -0.3000046
v -0.69642567 0.96795833 -0.29195311
v -0.6689195 0.98560082 -0.29388713
v 0.67109131 0.99259871 -0.30290409
v 0.70023226 0.97209292 -0.30193352
v -0.7304635 0.94098985 -0.29692024
v 0.73280119 0.9478212 -0.29878532
v -0.78924071 0.90926623 -0.28279733
v -0.76252263 0.92004632 -0.29387909
v 0.76430165 0.92487907 -0.29503604
v 0.79033446 0.91126281 -0.28530585
v -0.79884254 0.88628393 -0.29327374
v 0.8016985 0.88582086 -0.29676255
v -0.82310926 0.8556025 -0.29552209
v 0.82592463 0.85426908 -0.29743558
v -0.84699523 0.82478171 -0.2979353
v 0.85018444 0.82231575 -0.29762923
v -0.87208235 0.79534399 -0.29542374
v 0.87272691 0.79433959 -0.29618027
v -0.89385199 0.76728159 -0.29530221
v 0.89397972 0.76642501 -0.29622843
v -0.91523921 0.73775571 -0.29551181
v 0.91799265 0.73431766 -0.29433584
v -0.9363954 0.70557093 -0.29701596
v 0.93707561 0.70494842 -0.2963801
v -0.9552325 0.6740942 -0.29964765
v 0.95493269 0.67440915 -0.29990649
v -0.97169435 0.64478063 -0.30164882
v 0.97183376 0.64463877 -0.30145153
v -0.99089169 0.61164695 -0.29948854
v 0.99153024 0.61095464 -0.29901275
v -1.01246774 0.57743406 -0.29349142
v 1.01311564 0.57710051 -0.29380816
v -1.03501844 0.54285043 -0.29042822
v 1.03343927 0.54487067 -0.29348838
v -1.05270135 0.5103808 -0.2911494
v 1.0496391 0.51394927 -0.29380512
v -1.07101297 0.48366162 -0.2868013
v 1.06837415 0.48589956 -0.28854289
v -1.07689476 0.45219904 -0.29325854
v 1.07401621 0.45234507 -0.30192261
v -1.08461237 0.42546555 -0.2945947
v 1.10064315 0.41916894 -0.28475523
v -1.0952301 0.39441174 -0.29410579
v 1.10283517 0.39065864 -0.29239821
v -1.10675489 0.36131554 -0.29529941
v 1.10887813 0.36009323 -0.29787734
v -1.11840581 0.32780653 -0.29508045
v 1.1175071 0.33064505 -0.30017167
v -1.12869942 0.29499715 -0.29380208
v 1.1293106 0.29764261 -0.29964762
v -1.13673663 0.26340782 -0.29294091
v 1.14099443 0.26356113 -0.29669842
v -1.1407243 0.23273438 -0.29657429
v 1.14692091 0.23367899 -0.29676091
v -1.14470136 0.20152702 -0.2918688
v 1.14879536 0.20370274 -0.29761725
v -1.14468789 0.17180873 -0.29141128
v 1.14728236 0.17192697 -0.29843035
v -1.14188492 0.14133116 -0.29560667
v 1.14591205 0.13853016 -0.29523339
v 1.36321628 0.14344403 -0.2823652
v 1.37837696 0.14305104 -0.2816908
v -1.13986706 0.11218407 -0.29925572
v 1.14449167 0.10799387 -0.29450935
v 1.36639571 0.11290869 -0.28681337
v 1.38444709 0.11261475 -0.28549242
v -1.14022374 0.08039419 -0.30105704
v 1.14362525 0.07954554 -0.29688134
v 1.36788678 0.07792034 -0.28898721
v 1.39177262 0.07566985 -0.29078164
v -1.14199507 0.04758363 -0.30080109
v 1.14367127 0.04902732 -0.29855775
v 1.37359428 0.04415311 -0.29228487
v 1.3898611 0.04668767 -0.29870921
v 1.4135698 0.0439663 -0.28954327
v -1.14062929 0.01540748 -0.29909342
v 1.14106202 0.01519117 -0.29885596
v 1.3895787 0.01952873 -0.29640841
v 1.42347014 0.00863386 -0.29470086
v -1.13094008 -0.01584969 -0.29637974
v 1.13098144 -0.01655483 -0.29656899
v 1.39577162 -0.01050542 -0.29356998
v 1.41990101 -0.01591189 -0.29997563
v 1.44037449 -0.02107248 -0.29118144
v -1.11131954 -0.0464573 -0.28878498
v 1.11111664 -0.04680705 -0.2883563
v 1.40621042 -0.0345603 -0.28924739
v 1.42286527 -0.04185722 -0.29161047
v 1.45107257 -0.05129878 -0.28449595
v -1.07710647 -0.0741897 -0.29363399
v 1.07708311 -0.07433006 -0.29203024
v -1.04398036 -0.09338806 -0.29269263
v -1.01636362 -0.10668552 -0.29314881
v -0.98466545 -0.12165002 -0.29566079
v 0.98529654 -0.12119001 -0.29416167
v 1.01749229 -0.10586655 -0.29457461
v 1.04446911 -0.0931518 -0.29292553
v -0.95722264 -0.13533198 -0.29389771
v -0.92403942 -0.1528058 -0.29533854
v 0.92376297 -0.15288275 -0.29563415
v 0.95681113 -0.13548764 -0.29433831
v -0.89375931 -0.16987335 -0.29565304
v 0.89374703 -0.16978687 -0.29567885
v -0.85876238 -0.19024863 -0.29767784
v -0.83069998 -0.20544089 -0.29816314
v 0.82973498 -0.20549175 -0.2966032
v 0.85855996 -0.19018781 -0.29707068
v -0.79460036 -0.22432395 -0.29477971
v -0.76499569 -0.23766459 -0.29746753
v -0.73571962 -0.24771694 -0.29746127
v 0.76496452 -0.2382771 -0.29508504
v 0.79463458 -0.22427764 -0.29460597
v -0.70573127 -0.25421696 -0.29406428
v -0.66994875 -0.2583124 -0.2937738
v -0.63780254 -0.25986269 -0.29620033
v -0.61207485 -0.26158332 -0.29541742
v -0.58337843 -0.26499143 -0.29370597
v -0.55131292 -0.26992172 -0.29495891
v -0.51798796 -0.27566212 -0.29832181
v 0.54840517 -0.27054989 -0.29374903
v 0.57844018 -0.26569831 -0.29304784
v 0.60527497 -0.26218676 -0.29598674
v 0.63469046 -0.25966879 -0.29739281
v 0.67049837 -0.25804007 -0.29418432
v 0.70457738 -0.25489476 -0.29160612
v 0.73386234 -0.24934333 -0.28955954
v -0.48805105 -0.28471165 -0.29975229
v -0.45648258 -0.30060207 -0.29657656
v 0.44916361 -0.30409801 -0.29421529
v 0.47763297 -0.28919768 -0.29628151
v 0.50910949 -0.27881133 -0.29586386
v -0.42057678 -0.32462382 -0.29268264
v 0.41762089 -0.32757091 -0.29299908
v -0.38426607 -0.35572478 -0.29486492
v 0.38575714 -0.35557505 -0.29423934
v -0.35372477 -0.37942868 -0.29258167
v -0.33057642 -0.39105075 -0.29325684
v -0.30050283 -0.40002429 -0.29976257
v 0.32713174 -0.39383894 -0.29128933
v 0.35420921 -0.37979376 -0.2908439
v -0.26844251 -0.41914856 -0.29166036
v 0.26457518 -0.42017749 -0.2930265
v 0.29738754 -0.40323725 -0.29588505
v -0.23023074 -0.44179141 -0.28953099
v -0.20310214 -0.45104524 -0.2926312
v -0.16826093 -0.45483648 -0.30013343
v 0.16831973 -0.45466888 -0.30005288
v 0.20493432 -0.45088863 -0.29180741
v 0.23427435 -0.44143241 -0.28759744
v -0.16832085 -0.48615941 -0.28712019
v -0.13283971 -0.48252794 -0.2987228
v 0.10537315 -0.48540872 -0.30561688
v 0.13470649 -0.48439025 -0.29740512
v 0.16847498 -0.48625591 -0.28693074
v -0.1628808 -0.51385688 -0.28307163
v -0.13515406 -0.51622426 -0.29151898
v -0.10237422 -0.5155012 -0.30164033
v 0.10417567 -0.51730597 -0.30032098
v 0.13527379 -0.5162574 -0.29133498
v 0.16279551 -0.51356822 -0.28306984
v -0.16105596 -0.54285359 -0.2808696
v -0.13644473 -0.54645204 -0.28982943
v -0.10472925 -0.54740321 -0.29980838
v 0.10442142 -0.54718959 -0.29975336
v 0.13610059 -0.54594743 -0.28990703
v 0.16104358 -0.54262685 -0.28078472
v -0.16134771 -0.58186674 -0.27982825
v -0.13539236 -0.58033722 -0.29167789
v -0.10469225 -0.57830643 -0.30262571
v 0.10411439 -0.5778681 -0.3027074
v 0.13510742 -0.57985436 -0.29165279
v 0.16116859 -0.58143919 -0.27976477
v -0.16036629 -0.61409413 -0.2826417
v -0.13396985 -0.60971182 -0.29595279
v -0.1058626 -0.60741698 -0.30751979
v 0.1062159 -0.60731935 -0.30731648
v 0.13465264 -0.60974049 -0.29554042
v 0.16008895 -0.61365115 -0.28264677
v -0.16217556 -0.64386427 -0.28658264
v -0.13527458 -0.64189845 -0.30183112
v 0.13824407 -0.64331156 -0.30054307
v 0.16257964 -0.6446172 -0.28659582
v -0.17109197 -0.67707753 -0.28946101
v -0.14044797 -0.67663002 -0.30862015
v 0.14356526 -0.67832505 -0.30724614
v 0.17197737 -0.67832851 -0.28918808
v -0.19059646 -0.70530259 -0.28459137
v -0.1679368 -0.70422697 -0.30069005
v 0.16891293 -0.70517993 -0.30031299
v 0.19086013 -0.7056005 -0.28444442
v -0.19701884 -0.73841941 -0.2902455
v 0.19691221 -0.73831707 -0.29022684
v -0.20327869 -0.7651174 -0.29274046
v 0.20314513 -0.76508504 -0.29275512
v -0.20648922 -0.79335367 -0.29574471
v 0.20640243 -0.7933889 -0.29575347
v -0.20615425 -0.82647323 -0.29817789
v 0.20606336 -0.82649493 -0.2982096
v -0.20284792 -0.85840368 -0.29776054
v 0.20256182 -0.85837566 -0.29788729
v -0.19789588 -0.88437557 -0.2916224
v 0.19731269 -0.88464582 -0.29179516
v -0.17050674 -0.91478896 -0.28805172
v -0.13951703 -0.92451405 -0.29636761
v 0.13922914 -0.92477697 -0.29626277
v 0.16992259 -0.91524416 -0.28800654
v -0.10874468 -0.93536526 -0.29415458
v -0.08120703 -0.94177687 -0.29302015
v -0.04953076 -0.94443279 -0.29610306
v -0.01448277 -0.94632649 -0.29750296
v 0.02000308 -0.94610267 -0.29764825
v 0.04986316 -0.94434511 -0.29619383
v 0.07995377 -0.94177556 -0.29311129
v 0.10814102 -0.93539047 -0.29419365
v -0.17376691 1.12439763 -0.32675194
v -0.14033424 1.13133478 -0.32783615
v -0.10572537 1.13838625 -0.32876119
v -0.07196167 1.1444683 -0.32800972
v -0.04104531 1.14696216 -0.33067986
v -0.01643818 1.14823615 -0.33152037
v 0.00849462 1.1486175 -0.33112075
v 0.04078725 1.14694929 -0.33098304
v 0.07576918 1.14353036 -0.32935079
v 0.11009335 1.13790202 -0.32830205
v 0.14374336 1.1307255 -0.32772985
v 0.17474031 1.12396693 -0.32738113
v -0.31993597 1.09494733 -0.33290541
v -0.29372584 1.10112166 -0.33426892
v -0.26967626 1.10523831 -0.33201077
v -0.24007487 1.11018133 -0.33159476
v -0.20825901 1.11646461 -0.329402
v 0.20768395 1.11658644 -0.32950907
v 0.23996128 1.11018264 -0.331844
v 0.26958426 1.10526776 -0.3320055
v 0.29250919 1.10124468 -0.33411827
v 0.31917578 1.09552109 -0.3319081
v -0.4494186 1.0629009 -0.32465404
v -0.41530102 1.06894373 -0.32504898
v -0.38681268 1.07397556 -0.32681936
v -0.35589736 1.08326685 -0.3272469
v 0.35564717 1.08459997 -0.32243675
v 0.38642731 1.07619381 -0.32055997
v 0.41904777 1.0698198 -0.32384347
v 0.45323741 1.06659483 -0.32124364
v 0.48532208 1.06222403 -0.32244503
v -0.54734456 1.03388571 -0.33190107
v -0.51904428 1.04334354 -0.33267331
v -0.48841851 1.05196452 -0.33112081
v 0.51815557 1.0541135 -0.33067187
v 0.54726576 1.04547154 -0.33487311
v 0.57430779 1.03676617 -0.3311496
v -0.60584545 1.00570654 -0.33115923
v -0.57621812 1.02099478 -0.33216226
v 0.60680753 1.02378535 -0.32455045
v 0.63877165 1.00583994 -0.32480675
v -0.66921252 0.96901512 -0.32660108
v -0.63708818 0.99009692 -0.32522076
v 0.67316025 0.98156547 -0.33046329
v -0.69969654 0.94752025 -0.32777473
v 0.70308321 0.95866692 -0.33218255
v 0.73177099 0.935615 -0.32906645
v -0.73339259 0.92061299 -0.33065614
v 0.76181638 0.90837311 -0.32677722
v -0.78902292 0.8778463 -0.31868773
v -0.76319539 0.89616036 -0.32912665
v 0.78908926 0.88354492 -0.32047811
v -0.81592166 0.84519839 -0.3241536
v 0.8171066 0.84744501 -0.32459968
v -0.83366382 0.82294094 -0.32774379
v 0.84267091 0.8165605 -0.32369339
v -0.85732364 0.79558146 -0.32590803
v 0.85969692 0.79422944 -0.32515418
v -0.87965285 0.76574695 -0.32805681
v 0.88042479 0.76482468 -0.32809948
v -0.9027487 0.73528695 -0.32740539
v 0.90817809 0.73030245 -0.32244569
v -0.92355614 0.70391762 -0.32969707
v 0.92560005 0.7035591 -0.32542181
v -0.94403898 0.67137736 -0.33134776
v 0.94458824 0.67132014 -0.33018046
v -0.96158289 0.64185714 -0.33196392
v 0.962408 0.64082551 -0.33153563
v -0.9825443 0.60838484 -0.32695037
v 0.98284226 0.60600841 -0.32909658
v -1.00241577 0.57392245 -0.32329496
v 1.00133347 0.57178044 -0.32796472
v -1.01943969 0.54083496 -0.32362973
v 1.01662492 0.54049909 -0.32967674
v -1.03470397 0.50911605 -0.3246029
v 1.03336644 0.50843954 -0.32543659
v -1.04989767 0.47637209 -0.32479208
v 1.04700899 0.47823843 -0.32497447
v -1.06332302 0.44450593 -0.32563799
v 1.05619239 0.44957462 -0.33139264
v -1.07427847 0.41805541 -0.32818436
v 1.07147574 0.42108538 -0.32463592
v -1.08491373 0.39173191 -0.32827743
v 1.08308661 0.38676768 -0.33002185
v -1.0959624 0.36283242 -0.32828229
v 1.09601938 0.35597458 -0.32980203
v -1.10679841 0.33075755 -0.32884004
v 1.10747838 0.32899993 -0.32781222
v -1.11726999 0.29709297 -0.32696381
v 1.11817312 0.29926699 -0.32703355
v -1.1261096 0.26430377 -0.32358446
v 1.12763428 0.26704567 -0.32578772
v -1.13053345 0.23255735 -0.3256143
v 1.13275921 0.23681664 -0.32725501
v -1.13305187 0.20212677 -0.32446682
v 1.13404476 0.20596613 -0.32994926
v -1.13265895 0.17349594 -0.32443261
v 1.13309669 0.17231419 -0.3305971
v -1.1304388 0.14533212 -0.32634091
v 1.13284897 0.13714228 -0.32593402
v -1.12875223 0.11563169 -0.32853636
v 1.13153624 0.10868512 -0.32607418
v -1.12893354 0.08219401 -0.33141702
v 1.13082003 0.08092276 -0.32978707
v -1.13153123 0.05036487 -0.33208873
v 1.13244271 0.05029243 -0.3313508
v -1.13229608 0.01968684 -0.33062559
v 1.13300526 0.02010047 -0.32936584
v -1.12479686 -0.01137423 -0.32807743
v 1.12429583 -0.01188002 -0.32810586
v -1.10498404 -0.04370943 -0.32490968
v 1.10323596 -0.04468031 -0.32523953
v -1.0762844 -0.06905721 -0.32721477
v -1.04754388 -0.08565859 -0.3270871
v 1.04582858 -0.08675562 -0.32696437
v 1.0745728 -0.0697601 -0.32709872
v -1.01487124 -0.10264258 -0.32623297
v 1.01466321 -0.1027578 -0.32514447
v -0.9790259 -0.1220544 -0.33003336
v -0.94992101 -0.13956448 -0.32892537
v 0.94802922 -0.14067301 -0.3273479
v 0.97836637 -0.12244727 -0.32400178
v -0.91784668 -0.15894322 -0.32954368
v -0.88808488 -0.17517152 -0.32759201
v 0.88853526 -0.17461139 -0.32833492
v 0.91710495 -0.15930548 -0.32977613
v -0.85362887 -0.19257584 -0.32850083
v -0.82827651 -0.20380643 -0.3273153
v 0.82580786 -0.20427352 -0.32780423
v 0.85264122 -0.19269835 -0.32891222
v -0.79674029 -0.21791647 -0.32260376
v -0.76689755 -0.22783623 -0.32640612
v -0.73603659 -0.23552966 -0.32764068
v -0.70489394 -0.24041441 -0.3260993
v -0.67031651 -0.24391377 -0.32678294
v -0.63944256 -0.24693495 -0.32809484
v 0.63583087 -0.24686756 -0.33020043
v 0.67018091 -0.24371829 -0.32761538
v 0.70304322 -0.24063527 -0.32590454
v 0.73367744 -0.23625931 -0.32490998
v 0.76509404 -0.22882483 -0.32510763
v 0.79559588 -0.21819204 -0.32310044
v -0.61352115 -0.25111797 -0.32583335
v -0.58411878 -0.25700834 -0.32250294
v -0.55155479 -0.26297092 -0.32692354
v -0.51812154 -0.27135068 -0.33122521
v 0.51440167 -0.27287513 -0.32946407
v 0.55156326 -0.26283067 -0.32714465
v 0.58181458 -0.25677132 -0.32412093
v 0.60767972 -0.25145256 -0.32807123
v -0.48140597 -0.28757727 -0.33267304
v 0.44760188 -0.30775943 -0.32513976
v 0.47829341 -0.28810507 -0.32636478
v -0.44631958 -0.31037363 -0.33281269
v -0.41674616 -0.33160159 -0.32835942
v 0.41875144 -0.33054038 -0.32633853
v -0.38277477 -0.35518401 -0.32462698
v 0.38610392 -0.3533869 -0.32540231
v -0.3495118 -0.3723154 -0.32191318
v -0.32390937 -0.37869882 -0.3258619
v -0.2937777 -0.3822208 -0.33280277
v -0.26110154 -0.39426571 -0.3252902
v 0.26095914 -0.39368027 -0.32562264
v 0.29288992 -0.38306105 -0.33128619
v 0.32421606 -0.37900614 -0.32489275
v 0.35182678 -0.37159872 -0.32105636
v -0.22843051 -0.40735223 -0.32025635
v -0.20047742 -0.41554373 -0.32100078
v -0.16823196 -0.4222303 -0.32173168
v -0.13696277 -0.4187667 -0.32712674
v -0.10987792 -0.41933679 -0.33445119
v 0.11012937 -0.41926163 -0.33429622
v 0.13672757 -0.41854003 -0.32718795
v 0.16813258 -0.42225626 -0.32164847
v 0.2008014 -0.41557484 -0.32076814
v 0.23008102 -0.40680918 -0.3198865
v -0.13281716 -0.44826355 -0.31105092
v -0.10653226 -0.44665223 -0.31912538
v -0.08023086 -0.44806408 -0.33113849
v 0.07776659 -0.44841671 -0.33171683
v 0.1078287 -0.44863489 -0.31802374
v 0.13281481 -0.44848603 -0.31088882
v -0.10064478 -0.48027399 -0.30888915
v -0.07279011 -0.48362937 -0.31905937
v -0.04737413 -0.48191222 -0.33115351
v -0.02023312 -0.48327159 -0.3375507
v 0.00973801 -0.48423945 -0.33856332
v 0.04125753 -0.48383641 -0.3321346
v 0.07196167 -0.48531484 -0.31884706
v -0.0679427 -0.51738852 -0.31427824
v -0.04140016 -0.51657021 -0.32575136
v -0.01575996 -0.51598686 -0.33340165
v 0.01055992 -0.5167253 -0.33359423
v 0.03871129 -0.51724278 -0.32603776
v 0.06732049 -0.5174151 -0.31434446
v -0.06796824 -0.54821586 -0.31335112
v -0.03915254 -0.54758667 -0.32395976
v -0.01056332 -0.54709267 -0.33069905
v 0.01494468 -0.54732108 -0.33054381
v 0.03980277 -0.54751837 -0.32388994
v 0.06728767 -0.54797464 -0.31350666
v -0.07081897 -0.57856261 -0.31530794
v -0.04053824 -0.57778167 -0.32519871
v -0.00927851 -0.57695376 -0.33100795
v 0.01674894 -0.57730841 -0.33070665
v 0.04198883 -0.57723748 -0.3247123
v 0.07073968 -0.5786556 -0.31514996
v -0.0764654 -0.60860467 -0.31961464
v -0.04506791 -0.6083917 -0.3298735
v -0.00965382 -0.60861432 -0.33641964
v 0.02058384 -0.60960006 -0.33588868
v 0.04956278 -0.60780626 -0.32851967
v 0.07868489 -0.60891151 -0.31874156
v -0.1089771 -0.64154624 -0.3148424
v -0.08121475 -0.64338856 -0.32831376
v -0.05077765 -0.64255285 -0.33897578
v 0.05239037 -0.64262747 -0.33868867
v 0.08113261 -0.64338654 -0.32817924
v 0.10944782 -0.64166528 -0.31449514
v -0.11218119 -0.67777365 -0.32473477
v 0.11258989 -0.67789477 -0.32440346
v -0.14290921 -0.70836639 -0.31801927
v -0.11456326 -0.70730912 -0.33434897
v 0.1142314 -0.70710086 -0.33438742
v 0.14403525 -0.70911729 -0.31751608
v -0.16440531 -0.73414844 -0.31303244
v -0.13712078 -0.73549324 -0.33135086
v 0.13699466 -0.73544555 -0.3313601
v 0.16461041 -0.73442393 -0.31293594
v -0.16596044 -0.76208555 -0.32002803
v 0.16587039 -0.76207327 -0.32003498
v -0.17176219 -0.79505491 -0.32302102
v 0.17166899 -0.79503774 -0.32303479
v -0.17297181 -0.82764238 -0.32466477
v 0.17290723 -0.82773923 -0.32460972
v -0.16711005 -0.8581376 -0.32510021
v 0.1670311 -0.85850727 -0.32487142
v -0.15888026 -0.88290286 -0.32138788
v 0.15870025 -0.88341033 -0.32111772
v -0.13784045 -0.90599566 -0.31947559
v -0.10752547 -0.91481304 -0.32535827
v -0.08071728 -0.92313134 -0.32607322
v -0.04917462 -0.92756295 -0.32922735
v -0.01491042 -0.93113172 -0.32994577
v 0.01897668 -0.93080973 -0.33019146
v 0.04837157 -0.92747223 -0.3294388
v 0.07959155 -0.92314034 -0.32618138
v 0.1072231 -0.91482508 -0.32538053
v 0.13768737 -0.9062953 -0.31929883
v -0.11086738 1.12477195 -0.35784369
v -0.07791599 1.13052892 -0.35758155
v -0.04734332 1.13227462 -0.36207896
v -0.02034527 1.13322377 -0.3641482
v 0.00881908 1.13382554 -0.3634507
v 0.04511994 1.13226592 -0.36263424
v 0.08081926 1.1292274 -0.36019378
v 0.11239751 1.1244657 -0.35851967
v -0.32809618 1.0982542 -0.36198926
v -0.2988615 1.10845923 -0.36264726
v -0.27010488 1.11342632 -0.36209982
v -0.23902592 1.11434435 -0.36339861
v -0.20860871 1.11300826 -0.36386892
v -0.17755264 1.11362469 -0.36265027
v -0.14563332 1.11736679 -0.36143869
v 0.14592157 1.11733532 -0.3616268
v 0.17716062 1.11374759 -0.36282479
v 0.20841421 1.11317157 -0.36395663
v 0.23913729 1.11442017 -0.36328342
v 0.26911485 1.11359691 -0.36191958
v 0.2948029 1.10908973 -0.36216455
v 0.32475766 1.09918177 -0.36199522
v -0.39001208 1.06397676 -0.36020571
v -0.36081057 1.08104014 -0.3584274
v 0.35992324 1.08186519 -0.35606634
v 0.38996073 1.0664221 -0.35553374
v -0.51743996 1.031044 -0.36066183
v -0.48903155 1.03778922 -0.36374792
v -0.45568984 1.04606866 -0.36135739
v -0.42208609 1.05197775 -0.36302986
v 0.42548066 1.05548703 -0.36293137
v 0.45762449 1.05309605 -0.36216577
v 0.48697018 1.05047023 -0.36219823
v 0.51901149 1.04385626 -0.36594128
v 0.5471698 1.03633689 -0.36633828
v 0.57247901 1.02914822 -0.35910457
v -0.57685256 1.00636243 -0.36086332
v -0.54720556 1.02036118 -0.36004731
v 0.60478735 1.01620161 -0.35251963
v 0.63462942 1.00013136 -0.35059493
v -0.63885939 0.97487032 -0.35275468
v -0.60729843 0.9906727 -0.35901033
v 0.66630464 0.9777646 -0.35506761
v -0.66919589 0.95274895 -0.35762727
v 0.6975727 0.95097386 -0.36276924
v -0.73134362 0.90697121 -0.35958707
v -0.70050168 0.92940723 -0.36113756
v 0.72937297 0.9227038 -0.3634516
v -0.76038569 0.88117003 -0.35998031
v 0.76378798 0.88994848 -0.35947501
v -0.78972548 0.8531745 -0.3574301
v 0.79284143 0.85893178 -0.35611549
v -0.82089567 0.8226419 -0.35197055
v 0.81634855 0.82979583 -0.35680615
v -0.84576416 0.79125601 -0.35478997
v 0.84248215 0.80046463 -0.35091126
v -0.86340951 0.76637709 -0.35880935
v 0.86301064 0.76853227 -0.35836434
v -0.88763082 0.73386788 -0.35987877
v 0.89170235 0.73205465 -0.35436946
v -0.91213166 0.69859647 -0.36121404
v 0.91231584 0.70139992 -0.35664731
v -0.93674957 0.66299223 -0.35933029
v 0.9368475 0.66395902 -0.35765963
v -0.95477706 0.63419187 -0.35899323
v 0.9554196 0.63277185 -0.35951885
v -0.97388035 0.60401094 -0.35496342
v 0.97239911 0.60178744 -0.36068391
v -0.99146568 0.5724262 -0.35426238
v 0.98749649 0.57026386 -0.36360329
v -1.00624561 0.54240685 -0.35626292
v 1.00217533 0.53998118 -0.3640384
v -1.02134645 0.51144522 -0.35711753
v 1.01962649 0.50932633 -0.35633292
v -1.0359745 0.47928956 -0.35846227
v 1.03298258 0.47953575 -0.35533499
v -1.0514009 0.44579604 -0.35845166
v 1.04462707 0.44849005 -0.35944566
v -1.06419837 0.41503292 -0.36075985
v 1.05976176 0.41416269 -0.35784548
v -1.07521271 0.3872962 -0.36159896
v 1.07198333 0.38426411 -0.35878354
v -1.08551132 0.360962 -0.36055144
v 1.08562636 0.35355964 -0.35621839
v -1.09551298 0.33171427 -0.36013805
v 1.09698271 0.32370236 -0.35516732
v -1.10518133 0.29865461 -0.35984396
v 1.10712719 0.29255998 -0.35503915
v -1.11238455 0.26623681 -0.3599188
v 1.11354184 0.26356813 -0.35646724
v -1.11713695 0.2327529 -0.36051449
v 1.11726725 0.23589092 -0.35858792
v -1.11932134 0.20091721 -0.35973817
v 1.11761105 0.20784947 -0.36276748
v -1.11882174 0.17119601 -0.35924091
v 1.11810255 0.17722125 -0.36235916
v -1.11675894 0.1435195 -0.35990294
v 1.11964738 0.14437237 -0.35622161
v -1.11535275 0.11436215 -0.36114072
v 1.11797571 0.1141733 -0.35788595
v -1.11633074 0.08242902 -0.36329346
v 1.11780142 0.08414213 -0.36150372
v -1.11994266 0.0517226 -0.36366573
v 1.12083029 0.05344467 -0.36230653
v -1.12177538 0.02134423 -0.36229854
v 1.12315166 0.02435996 -0.3589513
v -1.11625576 -0.00942358 -0.35945946
v 1.11597919 -0.00870438 -0.35838198
v -1.09969091 -0.03918105 -0.35560053
v 1.09829664 -0.03947846 -0.35622319
v -1.07317543 -0.06320679 -0.35831773
v -1.04492104 -0.08060873 -0.36019322
v 1.04368722 -0.08142592 -0.35927927
v 1.07242715 -0.06264612 -0.35948997
v -1.01085245 -0.09916204 -0.35786962
v -0.97868883 -0.1171723 -0.36051875
v 0.98032093 -0.11641892 -0.35748434
v 1.01210987 -0.09891273 -0.35641706
v -0.9469791 -0.13654759 -0.35923385
v 0.94717657 -0.13638168 -0.35926562
v -0.91322618 -0.15675231 -0.35690623
v -0.88284444 -0.17202757 -0.3541941
v 0.88498902 -0.17018938 -0.35580098
v 0.91396385 -0.15606832 -0.35770061
v -0.85070449 -0.18565493 -0.35732752
v -0.82684779 -0.19376483 -0.36055752
v -0.79851126 -0.20429846 -0.35805654
v -0.766837 -0.21377006 -0.35940891
v 0.79690265 -0.20541758 -0.35606837
v 0.82601785 -0.19387266 -0.36079898
v 0.85136574 -0.18491265 -0.35814151
v -0.73372668 -0.22250723 -0.35830083
v -0.70299136 -0.22869524 -0.35651207
v -0.67009681 -0.23373988 -0.35813921
v -0.6373564 -0.2387118 -0.36260187
v -0.60943573 -0.24471184 -0.3612447
v 0.60797274 -0.2446493 -0.36229687
v 0.63705742 -0.23845325 -0.3635438
v 0.67097109 -0.23334211 -0.35873371
v 0.70218801 -0.22853674 -0.35701999
v 0.73167669 -0.22336483 -0.3568609
v 0.76311242 -0.21630683 -0.35548317
v -0.58290839 -0.25159519 -0.35388189
v -0.55264276 -0.258165 -0.35620996
v -0.51831913 -0.26924622 -0.36210858
v 0.51631122 -0.26989039 -0.36095863
v 0.55174559 -0.25840815 -0.35605141
v 0.58200401 -0.25151565 -0.35444814
v -0.47863656 -0.29047679 -0.36415121
v 0.47769713 -0.29017785 -0.35656347
v -0.44227194 -0.31585645 -0.36396598
v -0.41592997 -0.33225143 -0.35972994
v 0.41723486 -0.33114749 -0.3583858
v 0.44432386 -0.31362041 -0.35503423
v -0.38515603 -0.34657189 -0.35605359
v -0.35289436 -0.35722482 -0.35537505
v -0.32603281 -0.36166235 -0.35927125
v -0.29652875 -0.36434164 -0.36068141
v 0.29638898 -0.3643881 -0.36051255
v 0.32629922 -0.36158347 -0.35906022
v 0.35335236 -0.35692489 -0.35586881
v 0.38594311 -0.34523516 -0.35914504
v -0.26519924 -0.37216845 -0.35205203
v -0.23203781 -0.3777576 -0.351453
v -0.20218744 -0.38209164 -0.35385441
v -0.17139922 -0.38664019 -0.35278171
v -0.14152328 -0.38619244 -0.35331022
v -0.11083721 -0.38835957 -0.35991978
v 0.11060739 -0.38829374 -0.35993999
v 0.14131397 -0.38615137 -0.3533442
v 0.17132665 -0.38664579 -0.35270854
v 0.20206239 -0.38217669 -0.35373693
v 0.23210233 -0.37776035 -0.35133999
v 0.26510042 -0.37182998 -0.35235536
v -0.07622265 -0.41753369 -0.35438597
v 0.07549687 -0.4174267 -0.35411751
v -0.05215315 -0.44391289 -0.34674227
v -0.02097336 -0.4484336 -0.35026931
v 0.01320224 -0.44809538 -0.35182088
v 0.04578355 -0.44528928 -0.34757024
v -0.01292639 -0.64381408 -0.34695321
v 0.0214641 -0.645352 -0.34690594
v -0.08164956 -0.67888271 -0.34058478
v -0.05127634 -0.67626303 -0.35161733
v -0.01468129 -0.67468226 -0.35886263
v 0.02035145 -0.67542827 -0.35869801
v 0.05108115 -0.67613768 -0.3516123
v 0.08066698 -0.67857122 -0.34069097
v -0.08387816 -0.70405256 -0.34914302
v -0.05130131 -0.70331335 -0.36214798
v -0.01493417 -0.70119977 -0.36981067
v 0.01995987 -0.70129948 -0.36943194
v 0.05119444 -0.70315444 -0.3620879
v 0.0830338 -0.70378816 -0.34926676
v -0.10838 -0.73432326 -0.3479821
v -0.07834128 -0.73117089 -0.36212205
v 0.07766015 -0.73105907 -0.362208
v 0.10796403 -0.73412746 -0.34808147
v -0.13208583 -0.76366114 -0.34334498
v -0.1019698 -0.76466238 -0.36151626
v 0.10170951 -0.76461833 -0.36157462
v 0.13188688 -0.76356983 -0.34339875
v -0.13572804 -0.79867857 -0.34888094
v -0.10599206 -0.79900729 -0.36749982
v 0.10579937 -0.79899686 -0.36755219
v 0.13562412 -0.79865318 -0.34892079
v -0.13714683 -0.83032721 -0.35071027
v -0.10796908 -0.82989645 -0.36932215
v 0.10776656 -0.82987308 -0.36938726
v 0.13704802 -0.83030986 -0.35074842
v -0.13183686 -0.85780632 -0.35105943
v -0.10470603 -0.85780715 -0.36734768
v 0.10443161 -0.85779488 -0.36741876
v 0.13172116 -0.85790753 -0.35101428
v -0.12908417 -0.88261354 -0.3426378
v -0.10193826 -0.88843905 -0.35326653
v -0.07705648 -0.88647371 -0.36653125
v 0.07618286 -0.88649535 -0.36663681
v 0.10155557 -0.8884679 -0.35331577
v 0.12895488 -0.88284862 -0.34249317
v -0.07955452 -0.90548062 -0.34873825
v -0.04847698 -0.91069901 -0.35311773
v -0.01448032 -0.91348278 -0.35655486
v 0.0184613 -0.91313666 -0.35668671
v 0.04782474 -0.91059631 -0.35328
v 0.07860919 -0.90550375 -0.34884414
v -0.29853969 1.12385499 -0.39303705
v -0.26898822 1.12933063 -0.39405271
v -0.23857516 1.12787139 -0.39542558
v 0.23848152 1.12773847 -0.39543023
v 0.26960271 1.1292746 -0.39404159
v 0.29788339 1.12384653 -0.39294025
v -0.35385713 1.09460234 -0.39212065
v -0.32567083 1.11377525 -0.39361828
v -0.20980544 1.11979723 -0.39540946
v -0.1793074 1.11005854 -0.39534241
v -0.14859502 1.10571956 -0.395554
v -0.11575053 1.1086111 -0.39215651
v -0.08446896 1.11319887 -0.39176684
v -0.05370186 1.11561167 -0.39496237
v -0.02356458 1.1174215 -0.39579671
v 0.00968146 1.11801672 -0.39528977
v 0.04803477 1.1160959 -0.39502131
v 0.08422726 1.11298823 -0.39290553
v 0.11555567 1.10883462 -0.39215019
v 0.14783158 1.10572767 -0.3948425
v 0.17846548 1.10980677 -0.39596021
v 0.2088682 1.11960971 -0.39693349
v 0.32522437 1.11359381 -0.39407855
v 0.35380774 1.09418118 -0.39193344
v -0.38403159 1.06668949 -0.39216512
v 0.38349402 1.06863665 -0.39164257
v -0.45900642 1.03146028 -0.39243528
v -0.42219185 1.04203772 -0.39428958
v 0.42331925 1.04747366 -0.39681848
v 0.45642346 1.04268264 -0.39591413
v 0.48587566 1.04075491 -0.39501616
v 0.51776623 1.03459596 -0.39655682
v -0.54796958 1.00483739 -0.39005616
v -0.51731663 1.01619887 -0.39119333
v -0.48793077 1.02399778 -0.3940356
v 0.54865437 1.02596557 -0.39632493
v 0.57494843 1.01870489 -0.38805419
v 0.60324573 1.00630927 -0.38398057
v -0.60794413 0.97431904 -0.3889895
v -0.57762873 0.99024397 -0.3907769
v 0.63491106 0.98789304 -0.38355532
v 0.66476452 0.96872645 -0.38220849
v -0.66560953 0.93723231 -0.39008489
v -0.63735222 0.95965153 -0.38315844
v 0.6930111 0.94322758 -0.38963639
v -0.69932806 0.9119116 -0.39319521
v 0.72565019 0.91215694 -0.39199581
v -0.73240411 0.88949155 -0.3877995
v 0.76101124 0.87626099 -0.38936752
v -0.76243352 0.86245966 -0.38728517
v 0.78788268 0.84665674 -0.38656681
v -0.7922815 0.82763886 -0.39248916
v 0.80338519 0.82500988 -0.39004415
v -0.82309126 0.79714 -0.38629806
v 0.82775127 0.79465901 -0.38825485
v -0.84776234 0.76785385 -0.3849858
v 0.84983682 0.76568079 -0.38759207
v -0.87259888 0.73209404 -0.39047151
v 0.87764751 0.72991561 -0.38456416
v -0.89613211 0.69881004 -0.39209604
v 0.89687991 0.69932538 -0.38989445
v -0.92138588 0.66404217 -0.38913321
v 0.92016696 0.66472828 -0.39060506
v -0.94251948 0.63319766 -0.38662177
v 0.93982541 0.63297468 -0.39189025
v -0.96131449 0.60337042 -0.38452434
v 0.95688915 0.60203051 -0.39371758
v -0.97836494 0.57276308 -0.38502606
v 0.97212338 0.57128071 -0.39563682
v -0.99278837 0.54366445 -0.38737115
v 0.98692107 0.54275828 -0.39366984
v -1.00909864 0.5117768 -0.38735416
v 1.00275707 0.51217758 -0.38920772
v -1.02329206 0.48096716 -0.38931614
v 1.01640486 0.4804959 -0.38903144
v -1.03810346 0.44846648 -0.3900879
v 1.02846217 0.45044118 -0.39033412
v -1.05237639 0.41525071 -0.39100939
v 1.04140663 0.42022293 -0.38932204
v -1.06473279 0.38386324 -0.39224425
v 1.05356645 0.39186286 -0.38819176
v -1.07501888 0.35642519 -0.39210918
v 1.06740534 0.35935717 -0.38549441
v -1.08447611 0.32852208 -0.39116182
v 1.0801258 0.32529127 -0.38433611
v -1.09379577 0.29797089 -0.38943645
v 1.09341073 0.29062169 -0.38060504
v -1.0994184 0.2674348 -0.39189142
v 1.09855103 0.26055693 -0.38388791
v -1.1044414 0.23317122 -0.39152294
v 1.1007502 0.23100018 -0.38858515
v -1.10644757 0.20118758 -0.39084866
v 1.10004472 0.20286177 -0.39481288
v -1.10551714 0.17034183 -0.39099213
v 1.10161054 0.17507967 -0.39380812
v -1.10278081 0.14188604 -0.39276137
v 1.10544228 0.14741401 -0.3860706
v -1.10157609 0.11206841 -0.39398229
v 1.10381579 0.11485454 -0.38953268
v -1.10444402 0.07882582 -0.39382225
v 1.10491848 0.08169864 -0.39271158
v -1.10892462 0.0473395 -0.39411866
v 1.10865759 0.04946726 -0.39460516
v -1.11081683 0.01850292 -0.39304828
v 1.11113071 0.0201856 -0.39222037
v -1.10642802 -0.00969194 -0.38926744
v 1.10592198 -0.00985113 -0.38911533
v -1.09426403 -0.03440874 -0.38442671
v -1.0745182 -0.05305924 -0.38648504
v 1.07490754 -0.05203295 -0.38686814
v 1.09339046 -0.0347231 -0.38443672
v -1.04208922 -0.07478757 -0.39075481
v 1.04249429 -0.07482957 -0.38866376
v -1.00552702 -0.09615117 -0.38709953
v -0.97735333 -0.11073812 -0.38992726
v 0.97891348 -0.11018613 -0.38833001
v 1.00730574 -0.09590572 -0.3843624
v -0.94755739 -0.12626254 -0.39177417
v -0.91783738 -0.14215812 -0.38909241
v 0.91779512 -0.14209498 -0.38908609
v 0.9478563 -0.12610045 -0.39166501
v -0.88906616 -0.15670609 -0.38546049
v -0.85742199 -0.17090344 -0.38696387
v -0.82926809 -0.18155184 -0.39167141
v 0.82900023 -0.18165491 -0.39125436
v 0.85750496 -0.17074495 -0.38707286
v 0.88967883 -0.15607574 -0.38604682
v -0.79793679 -0.19318729 -0.39133369
v -0.766348 -0.20284333 -0.39186215
v -0.73374098 -0.21186207 -0.3906117
v 0.73313033 -0.21204631 -0.39022058
v 0.76399868 -0.204398 -0.38893091
v 0.7967025 -0.19405999 -0.38913744
v -0.70343446 -0.21983987 -0.38663172
v -0.67134988 -0.22658462 -0.38725847
v -0.63731336 -0.23243364 -0.39472723
v -0.60698521 -0.23927184 -0.39564704
v -0.58219194 -0.24645973 -0.38680645
v 0.58174365 -0.24648569 -0.38651871
v 0.60658776 -0.23925724 -0.39563804
v 0.63673305 -0.23244804 -0.39498913
v 0.67137265 -0.22625352 -0.38816809
v 0.703215 -0.21934777 -0.38806897
v -0.5521084 -0.25519633 -0.3857344
v -0.51490354 -0.27153635 -0.39267051
v 0.51494586 -0.27128964 -0.39433527
v 0.55152159 -0.25531494 -0.38576552
v -0.47716152 -0.29392233 -0.39351958
v 0.47858315 -0.29298621 -0.39256471
v -0.44149777 -0.31593641 -0.38950386
v -0.41600003 -0.3264971 -0.38933569
v -0.38712364 -0.3346675 -0.39077377
v 0.38625299 -0.33477401 -0.39189642
v 0.41662222 -0.32664483 -0.38848045
v 0.44471827 -0.31445351 -0.38803568
v -0.35400646 -0.34322714 -0.388848
v -0.32528623 -0.3470844 -0.38859698
v -0.29541963 -0.34742206 -0.38798713
v -0.26376622 -0.34881201 -0.38571223
v -0.23217673 -0.35044804 -0.38977015
v -0.20319917 -0.35402166 -0.3909291
v -0.17445908 -0.35570007 -0.38865691
v -0.14384481 -0.35706964 -0.3859266
v -0.1102237 -0.36550265 -0.38520029
v 0.11000035 -0.36554992 -0.3851574
v 0.14364883 -0.35707184 -0.38594418
v 0.17434507 -0.35567629 -0.38861137
v 0.20308066 -0.35402125 -0.39087021
v 0.23204147 -0.35050109 -0.38966405
v 0.26365184 -0.3487879 -0.38564682
v 0.29532459 -0.34739422 -0.38790237
v 0.32510536 -0.34713858 -0.38840699
v 0.35352465 -0.34345206 -0.3887701
v -0.07665614 -0.38301995 -0.38652795
v 0.0768532 -0.38336116 -0.38563311
v -0.0457737 -0.40940552 -0.37717562
v -0.01534677 -0.41027969 -0.38195094
v 0.01589631 -0.40921783 -0.3832156
v 0.04322003 -0.41056662 -0.37637895
v -0.04715123 -0.73355907 -0.37544339
v -0.01371125 -0.73128628 -0.38221725
v 0.01889777 -0.73125219 -0.38178414
v 0.04721465 -0.73347187 -0.37537527
v -0.07143648 -0.7641952 -0.37652277
v -0.04431431 -0.7674936 -0.38810673
v -0.01310949 -0.76590716 -0.39396292
v 0.01875526 -0.76586872 -0.39353275
v 0.04460095 -0.76740986 -0.38803413
v 0.07081951 -0.76413202 -0.37660616
v -0.07565018 -0.79864066 -0.38321316
v -0.04779781 -0.80123448 -0.39489093
v -0.01327342 -0.80023825 -0.40260162
v 0.01897253 -0.80021435 -0.40222564
v 0.04821993 -0.80117309 -0.39483422
v 0.07512913 -0.79859966 -0.38329368
v -0.07799112 -0.82965964 -0.3847441
v -0.04787254 -0.83077144 -0.39708566
v 0.04812107 -0.83075922 -0.39708155
v 0.07745136 -0.82964253 -0.38483575
v -0.0757439 -0.85881245 -0.38084501
v -0.04568806 -0.85846471 -0.3930462
v -0.01208211 -0.85783958 -0.40054258
v 0.01648128 -0.85776251 -0.40032482
v 0.0455414 -0.85845828 -0.39305499
v 0.07503292 -0.85881304 -0.3809497
v -0.04644603 -0.88472873 -0.37845653
v -0.01327526 -0.88459444 -0.38538378
v 0.01721988 -0.88436067 -0.38530418
v 0.0459577 -0.88466823 -0.3785156
v -0.31871014 1.12554705 -0.42297023
v -0.29293781 1.13306474 -0.4211992
v -0.26473689 1.13819968 -0.42153281
v -0.23642164 1.13671565 -0.42278784
v -0.20914322 1.12635684 -0.4227128
v 0.20552246 1.1251775 -0.42709574
v 0.23443739 1.13596081 -0.42390263
v 0.26497185 1.13799953 -0.4215331
v 0.29330265 1.133201 -0.42084834
v 0.31933516 1.12516725 -0.42316699
v -0.34996911 1.10590815 -0.42306008
v -0.17690917 1.10919809 -0.4233784
v -0.14611022 1.09697067 -0.42431265
v -0.11489795 1.09525418 -0.42149531
v -0.08556626 1.09810519 -0.42118787
v -0.05492564 1.09941351 -0.42554539
v -0.02189038 1.10059618 -0.42722562
v 0.01472903 1.10094845 -0.42677426
v 0.05262782 1.09945297 -0.4256564
v 0.08605079 1.09768176 -0.42191034
v 0.11543217 1.09506809 -0.42050844
v 0.14447104 1.09622299 -0.42236656
v 0.17402076 1.10771679 -0.42559099
v 0.3506082 1.10513949 -0.42304262
v -0.37858474 1.07280755 -0.42229712
v 0.38090977 1.07370054 -0.42219308
v -0.41230022 1.03730607 -0.42764127
v 0.4202587 1.0430684 -0.42291349
v 0.45435145 1.03390395 -0.42264935
v 0.4838626 1.03143453 -0.42301231
v -0.50845503 1.00368857 -0.42185673
v -0.47778496 1.01267039 -0.42343905
v -0.45171558 1.01953554 -0.42380198
v 0.51526415 1.0246917 -0.42580008
v 0.54754239 1.01552116 -0.42475101
v 0.57567465 1.00697398 -0.41710138
v 0.60067027 0.99560505 -0.41360786
v -0.57427227 0.97410965 -0.4224286
v -0.54095888 0.99104166 -0.42115464
v 0.63377177 0.97502577 -0.41494065
v -0.63992846 0.93954551 -0.41554924
v -0.60920763 0.9552049 -0.42132645
v 0.66643011 0.95274412 -0.41337052
v -0.67044138 0.9159758 -0.42077034
v 0.69572842 0.92217063 -0.42337402
v -0.73121452 0.87375748 -0.41447335
v -0.70199596 0.89366495 -0.42029285
v 0.72948628 0.89206403 -0.41895511
v -0.75611633 0.85015308 -0.41493463
v 0.75898289 0.85808467 -0.42038878
v -0.77419698 0.82813334 -0.41928887
v 0.7885468 0.82525271 -0.41582685
v -0.81863457 0.78211796 -0.41439238
v -0.79684042 0.80454981 -0.41770362
v 0.81391328 0.78982389 -0.41965255
v -0.83170473 0.76322352 -0.41830718
v 0.83116495 0.76529842 -0.42155447
v -0.85432237 0.73105979 -0.42285597
v 0.85621452 0.73126852 -0.42124486
v -0.87801504 0.69788038 -0.4252783
v 0.87906265 0.69780588 -0.42407226
v -0.90477901 0.66422939 -0.42049676
v 0.90357661 0.66337192 -0.42342084
v -0.9272117 0.63397413 -0.41601464
v 0.92342513 0.63199365 -0.42432999
v -0.94674485 0.60349345 -0.41431152
v 0.9412328 0.60184735 -0.42388904
v -0.96562612 0.57092845 -0.41417968
v 0.95733833 0.57173502 -0.42303478
v -0.9811455 0.54100143 -0.41597411
v 0.97197622 0.54401618 -0.42011827
v -0.99715077 0.50962656 -0.41634178
v 0.98609721 0.51252263 -0.41937634
v -1.01069939 0.48000121 -0.41880837
v 0.99829024 0.48039448 -0.42123115
v -1.0242269 0.44926899 -0.42094492
v 1.00848591 0.45250231 -0.42287951
v -1.03853762 0.41661822 -0.42157036
v 1.02056002 0.42307716 -0.42198887
v -1.05208563 0.3839935 -0.42163318
v 1.03206777 0.39346936 -0.42107641
v -1.06348979 0.35336202 -0.42165559
v 1.04404568 0.36134156 -0.42015597
v -1.07266569 0.32394266 -0.42240852
v 1.0565586 0.32994216 -0.41777423
v -1.08028221 0.29818809 -0.42094633
v 1.06945085 0.29698655 -0.41378432
v -1.0857706 0.26901459 -0.42204728
v 1.07349216 0.26464548 -0.42001026
v -1.09277951 0.23302336 -0.4178738
v 1.07724523 0.23066477 -0.42479351
v -1.09556067 0.20179753 -0.41578298
v 1.08029615 0.19868114 -0.42716297
v -1.09413206 0.17191907 -0.41712275
v 1.08441352 0.17082136 -0.42381721
v -1.0902903 0.14254331 -0.42147678
v 1.09075045 0.14597696 -0.41465196
v -1.08910787 0.10975121 -0.42343869
v 1.09106731 0.11053751 -0.4178031
v -1.09353089 0.07296608 -0.42149198
v 1.0938946 0.07363504 -0.4204747
v -1.09793496 0.03961052 -0.42270892
v 1.09773564 0.04007058 -0.42342692
v -1.09877657 0.01057141 -0.42271137
v 1.09890222 0.01072772 -0.4229263
v -1.09315133 -0.01623034 -0.41861903
v 1.09315383 -0.01635974 -0.41848564
v -1.07716751 -0.04178482 -0.41297128
v 1.07710731 -0.04180903 -0.41206616
v -1.04071927 -0.06748448 -0.42303293
v 1.04096067 -0.06788829 -0.42045971
v -1.006603 -0.08934865 -0.41672781
v -0.97974664 -0.10354191 -0.41742068
v -0.95214587 -0.11643487 -0.42144388
v 0.9519959 -0.11655357 -0.42101797
v 0.98024618 -0.10361065 -0.41585999
v 1.00728023 -0.08968859 -0.41366505
v -0.92153012 -0.13101795 -0.42154085
v -0.89191889 -0.14556115 -0.41982585
v 0.89163255 -0.14560709 -0.41998538
v 0.92108416 -0.13120594 -0.4214949
v -0.85860186 -0.16183279 -0.41694212
v -0.8285923 -0.17450422 -0.4182375
v 0.82866776 -0.17436324 -0.41834116
v 0.85845029 -0.16182407 -0.41708475
v -0.79562163 -0.18645371 -0.41910606
v -0.76535439 -0.19556523 -0.41969698
v -0.73476994 -0.2033119 -0.4213798
v -0.70314228 -0.21195362 -0.41830718
v 0.70269578 -0.21151255 -0.42004847
v 0.7342081 -0.20333826 -0.42138984
v 0.76451766 -0.19590438 -0.41886878
v 0.79523432 -0.1865884 -0.41851705
v -0.66861748 -0.22051036 -0.41732192
v -0.63530552 -0.22742292 -0.42304867
v -0.60461896 -0.2346913 -0.42621868
v -0.57870435 -0.24304053 -0.42033001
v 0.57842052 -0.24304753 -0.41990593
v 0.60351848 -0.23493382 -0.42601305
v 0.63313889 -0.22798007 -0.42282253
v 0.66862273 -0.22019374 -0.41819742
v -0.546283 -0.25668376 -0.41688278
v 0.54598957 -0.25674295 -0.41627299
v -0.5072788 -0.27861926 -0.42283257
v -0.47522455 -0.29667866 -0.42265048
v 0.4515106 -0.30778569 -0.42066904
v 0.47871315 -0.29476636 -0.42634615
v 0.50764298 -0.27832838 -0.4242205
v -0.44366157 -0.31142485 -0.41508397
v -0.41884708 -0.31836342 -0.41639947
v -0.39188897 -0.32366365 -0.42190152
v -0.36017248 -0.32872402 -0.42414128
v -0.32951909 -0.32993304 -0.42480176
v -0.29861426 -0.32948476 -0.42235833
v -0.2673802 -0.32987341 -0.42145019
v -0.23849411 -0.33257681 -0.42371451
v -0.2077547 -0.335626 -0.42243188
v -0.17546126 -0.33492454 -0.41934013
v -0.14196185 -0.33586296 -0.41844439
v 0.14193965 -0.33588868 -0.41831052
v 0.17530085 -0.33493185 -0.41925972
v 0.20762483 -0.33561208 -0.42236962
v 0.23836001 -0.33257705 -0.42365297
v 0.26725995 -0.32987192 -0.42134809
v 0.29847636 -0.32944816 -0.42225706
v 0.32927346 -0.32993957 -0.42472508
v 0.35992294 -0.32881927 -0.4241335
v 0.39218074 -0.3238337 -0.42146316
v 0.42217958 -0.31788176 -0.41517254
v -0.10776134 -0.34485012 -0.41723379
v -0.07109563 -0.36266157 -0.41671878
v 0.07107751 -0.36250212 -0.41707685
v 0.10787802 -0.3446719 -0.41729837
v -0.04397023 -0.37819463 -0.41528096
v -0.01043774 -0.38179671 -0.42163407
v 0.01863157 -0.3814294 -0.42135861
v 0.04492791 -0.37987846 -0.41267931
v -0.01214739 -0.82947474 -0.40585213
v 0.01729999 -0.82946693 -0.40556716
v -0.32001814 1.12379169 -0.45066648
v -0.29394102 1.1308614 -0.45169919
v -0.26594254 1.13786029 -0.45072799
v -0.23627694 1.13682508 -0.45129016
v -0.20660062 1.12469911 -0.45248931
v 0.2061207 1.12428271 -0.45463851
v 0.23650559 1.13668751 -0.45159342
v 0.26630485 1.13815689 -0.45031642
v 0.29366952 1.13157939 -0.4504247
v 0.32103228 1.12285721 -0.4506073
v -0.35224694 1.10638475 -0.45178985
v -0.17231312 1.10338044 -0.45473566
v 0.17205521 1.10251498 -0.45520877
v 0.35348564 1.10498797 -0.45001852
v -0.37376713 1.0790497 -0.45393854
v -0.13804289 1.08377528 -0.45638507
v -0.10670445 1.07875466 -0.45467352
v -0.08159355 1.08135557 -0.45355755
v -0.05219104 1.08244061 -0.45711821
v -0.01775091 1.08331799 -0.45842474
v 0.01848101 1.08369135 -0.45727005
v 0.05401532 1.08195662 -0.45655399
v 0.08340714 1.07958304 -0.45478361
v 0.10927331 1.07770621 -0.45347103
v 0.13872401 1.08327865 -0.45348918
v 0.37752693 1.07689118 -0.45023223
v -0.39449134 1.04707992 -0.455976
v 0.41196268 1.03809285 -0.45374983
v -0.47464829 0.99887502 -0.45232573
v -0.4523819 1.00406599 -0.45520478
v -0.41976225 1.02060675 -0.45541071
v 0.45129632 1.02229976 -0.45525646
v 0.48346298 1.01783084 -0.4566459
v 0.51689147 1.01043415 -0.45752245
v 0.54914689 1.00054097 -0.45551306
v -0.53977423 0.97367316 -0.45270729
v -0.50525158 0.98861873 -0.45183759
v 0.57975041 0.98827189 -0.45200276
v 0.60710448 0.97535586 -0.44770884
v -0.60923379 0.93569922 -0.45379847
v -0.57375234 0.95596683 -0.45396706
v 0.63619196 0.95863437 -0.44456386
v 0.66093242 0.93935895 -0.44537961
v -0.63882625 0.91940426 -0.44964861
v 0.67791283 0.92016333 -0.45247173
v -0.70052039 0.87545764 -0.44870775
v -0.67110073 0.89590096 -0.45163956
v 0.70010197 0.89895093 -0.45273745
v 0.72466146 0.87788212 -0.44733363
v -0.73017084 0.85137176 -0.44637239
v 0.74097454 0.8571968 -0.45017167
v -0.76105427 0.82332038 -0.44389528
v 0.76547908 0.82530951 -0.45265144
v -0.7927882 0.78760159 -0.44557261
v 0.79118758 0.79346299 -0.45181044
v -0.81934702 0.76000654 -0.44133186
v 0.81319832 0.76343703 -0.45290145
v -0.83842206 0.72863853 -0.45096445
v 0.84030222 0.72790879 -0.45175752
v -0.85767579 0.69669079 -0.45916128
v 0.86219084 0.69815754 -0.45153376
v -0.88818144 0.66549742 -0.44725588
v 0.88506603 0.66472554 -0.45252353
v -0.90976405 0.63570207 -0.44495055
v 0.90556752 0.63258731 -0.45387101
v -0.92902791 0.60591447 -0.44451773
v 0.92432904 0.60228717 -0.45255452
v -0.94800114 0.57292377 -0.44557565
v 0.93915444 0.57255065 -0.45321375
v -0.96630245 0.54006707 -0.44613587
v 0.9542799 0.54434835 -0.4496411
v -0.98334443 0.50778907 -0.44635817
v 0.96657621 0.5138809 -0.45024842
v -0.99790144 0.47723463 -0.44788754
v 0.97642099 0.48326933 -0.45333367
v -1.01106214 0.44753417 -0.45006775
v 0.98798412 0.45394608 -0.4527547
v -1.02369546 0.41710773 -0.45240321
v 1.00106692 0.41945278 -0.45153629
v -1.03714418 0.38457864 -0.4529328
v 1.00982546 0.38656762 -0.45432865
v -1.04989147 0.35135644 -0.45215487
v 1.02157568 0.35447156 -0.45305573
v -1.06090664 0.31901323 -0.45088815
v 1.03299546 0.32770997 -0.44943827
v -1.06728076 0.29651019 -0.45001494
v 1.04151797 0.30055308 -0.44881027
v -1.07145142 0.27112224 -0.45190498
v 1.04741299 0.27040553 -0.45251891
v -1.0780344 0.23716923 -0.44825866
v 1.0557146 0.23594889 -0.45286589
v -1.08085835 0.20477259 -0.44691297
v 1.06255209 0.20021286 -0.45247954
v -1.08012747 0.17432457 -0.4475339
v 1.06618118 0.16787122 -0.45280307
v -1.07740986 0.14320042 -0.44977462
v 1.07217097 0.13946238 -0.44779646
v -1.07618141 0.10934338 -0.4521014
v 1.07606315 0.10700896 -0.44777399
v -1.07972466 0.07418454 -0.45208764
v 1.08001685 0.07405966 -0.45039778
v -1.0836693 0.04152357 -0.45415455
v 1.08376717 0.04176484 -0.45406448
v -1.08496499 0.01030894 -0.45329561
v 1.08505475 0.01035 -0.45355609
v -1.078758 -0.01853486 -0.44959932
v 1.07888436 -0.01842995 -0.44967117
v -1.06148648 -0.04329363 -0.44968831
v 1.06165552 -0.04322689 -0.44931399
v -1.03442287 -0.06311936 -0.45755454
v -1.01268005 -0.07770905 -0.4528684
v 1.01331806 -0.07761214 -0.4515576
v 1.03485059 -0.06305073 -0.45666295
v -0.98612248 -0.09332184 -0.45028188
v -0.95625257 -0.10873196 -0.45089015
v 0.95594674 -0.10895533 -0.45032227
v 0.98664999 -0.09323134 -0.44920182
v -0.92017251 -0.12624196 -0.45143771
v -0.89092195 -0.14010217 -0.45148259
v 0.89071011 -0.14012697 -0.45162105
v 0.91991996 -0.12632191 -0.45140665
v -0.85797798 -0.15585227 -0.44765681
v -0.82821333 -0.1678411 -0.44837677
v -0.79649883 -0.17799571 -0.45205113
v 0.79627817 -0.17796236 -0.45206993
v 0.82818603 -0.1677484 -0.44852566
v 0.85782575 -0.15583825 -0.44779241
v -0.76567745 -0.18780341 -0.44953906
v -0.73572552 -0.19578047 -0.45009249
v -0.70558536 -0.20352464 -0.45069319
v -0.67164337 -0.21251955 -0.44965183
v 0.67261457 -0.21204531 -0.45029833
v 0.70455235 -0.20337365 -0.45199877
v 0.73401105 -0.19616937 -0.44991645
v 0.76481956 -0.18797485 -0.44934243
v -0.63856005 -0.22096155 -0.45121395
v -0.60625088 -0.22931954 -0.456492
v -0.57713234 -0.24035692 -0.45512998
v 0.57695794 -0.24031359 -0.45475274
v 0.60455715 -0.22985135 -0.45583939
v 0.63525587 -0.22227495 -0.44922775
v -0.54364019 -0.25810045 -0.44951802
v 0.54336106 -0.25810432 -0.44878023
v -0.50712347 -0.27977913 -0.45171934
v -0.47830435 -0.29139608 -0.4557079
v -0.45117273 -0.29989624 -0.4534673
v -0.42406344 -0.30758088 -0.45276445
v 0.45247551 -0.29933846 -0.45363909
v 0.4785079 -0.2909812 -0.4569101
v 0.50644063 -0.27985662 -0.45222207
v -0.39333036 -0.31491762 -0.45320189
v -0.36211943 -0.31822213 -0.45480731
v -0.3310427 -0.31709301 -0.45597821
v -0.29984879 -0.31586095 -0.45426476
v -0.26758426 -0.31749218 -0.45333343
v -0.23724316 -0.32151094 -0.45147198
v -0.20494577 -0.32051518 -0.45175927
v -0.17057202 -0.31776201 -0.45050671
v -0.13648358 -0.31944888 -0.45232459
v -0.10377773 -0.32940018 -0.45110231
v 0.10335566 -0.32878181 -0.45237666
v 0.13681662 -0.31934842 -0.45208692
v 0.17049029 -0.31773242 -0.45044952
v 0.20481246 -0.32053721 -0.45157739
v 0.2371222 -0.3215112 -0.45138642
v 0.26744616 -0.31748321 -0.4532547
v 0.29965049 -0.31581205 -0.45418667
v 0.33089473 -0.31705069 -0.45589822
v 0.36170193 -0.31829643 -0.45469465
v 0.39154699 -0.31609204 -0.45034331
v 0.42138323 -0.31001782 -0.44559061
v -0.07043161 -0.34747648 -0.44544047
v -0.04384071 -0.35968777 -0.44915992
v -0.013228 -0.36487186 -0.45425128
v 0.01830436 -0.36486113 -0.45351082
v 0.04276033 -0.3608095 -0.44837606
v 0.06844504 -0.34644198 -0.44934517
v -0.26823714 1.12705373 -0.48099231
v -0.23727211 1.12639796 -0.48287189
v 0.23794397 1.12633764 -0.48272579
v 0.268323 1.12706649 -0.481507
v -0.35182261 1.0963087 -0.48548787
v -0.324045 1.109761 -0.48331174
v -0.29653132 1.11777865 -0.48449248
v -0.20741146 1.11433517 -0.48652631
v -0.17816326 1.09677076 -0.48536938
v 0.17738033 1.09690296 -0.48494398
v 0.20705506 1.11412882 -0.48656788
v 0.296774 1.11751735 -0.48496091
v 0.32715725 1.10661268 -0.48594352
v 0.35337621 1.09502804 -0.48437517
v -0.36542201 1.07884228 -0.48840197
v -0.14202499 1.07397401 -0.4832865
v -0.10417202 1.06522107 -0.4820908
v -0.07590421 1.06688153 -0.48175835
v -0.04465999 1.06742739 -0.48537766
v -0.01078507 1.06746602 -0.4869706
v 0.02142709 1.0677253 -0.48527228
v 0.05282434 1.06673693 -0.48324176
v 0.07943124 1.06437385 -0.48192426
v 0.10633428 1.06301713 -0.48131552
v 0.14415179 1.07184755 -0.48544985
v 0.36668092 1.07839489 -0.48539513
v -0.38451921 1.04622304 -0.4882828
v 0.38957572 1.0427351 -0.48700076
v -0.41581168 1.0085324 -0.4888007
v 0.41811877 1.01946568 -0.48405847
v 0.45225495 1.00682067 -0.4896748
v 0.48532289 1.00267124 -0.48789858
v -0.5062567 0.97091859 -0.4826821
v -0.47954919 0.98002743 -0.48433607
v -0.4553346 0.9874075 -0.48690369
v 0.51919329 0.99472791 -0.48720741
v 0.54701399 0.9833821 -0.48918399
v 0.57460916 0.97187447 -0.48637282
v -0.57111609 0.93890321 -0.48349314
v -0.53830659 0.95733666 -0.48152491
v 0.60512471 0.95732587 -0.48098892
v 0.63745987 0.93697536 -0.47713828
v -0.6328783 0.90478527 -0.47758033
v -0.60517776 0.91914236 -0.48305767
v 0.66633141 0.91253042 -0.47742283
v -0.66692811 0.8793565 -0.47904741
v 0.69677996 0.87978601 -0.48181283
v -0.69976699 0.85182392 -0.48032867
v 0.72677457 0.85384237 -0.47405049
v -0.73256135 0.81995064 -0.48308241
v 0.75185155 0.81908619 -0.48025748
v -0.76193356 0.79223781 -0.48134031
v 0.76890087 0.79668217 -0.48147898
v -0.78761637 0.76504147 -0.4797483
v 0.78933364 0.76587677 -0.48529577
v -0.81538212 0.73586738 -0.4756332
v 0.81877917 0.73088407 -0.48059707
v -0.83439564 0.70398283 -0.48479074
v 0.84266591 0.70186221 -0.47678765
v -0.87941789 0.65796589 -0.46945565
v -0.85355693 0.67387664 -0.48968368
v 0.86517524 0.66802287 -0.47926634
v -0.89092969 0.63497269 -0.47562289
v 0.88363313 0.6384409 -0.48149305
v -0.90936946 0.60899186 -0.47405049
v 0.90415537 0.60844397 -0.47829249
v -0.92769986 0.57750773 -0.47605073
v 0.91860759 0.57944238 -0.47982725
v -0.94634926 0.54314094 -0.47806102
v 0.93379211 0.55013895 -0.47701466
v -0.96644699 0.5083487 -0.47683924
v 0.94350463 0.51822286 -0.48122507
v -0.98390936 0.47472798 -0.47686573
v 0.95336395 0.48522365 -0.48424693
v -0.99724739 0.44495844 -0.47887039
v 0.96724546 0.45439028 -0.47985544
v -1.00885713 0.41633635 -0.48188954
v 0.97736054 0.42048728 -0.48042208
v -1.02150893 0.38490694 -0.48343205
v 0.98436415 0.38724288 -0.48458927
v -1.03386926 0.35259902 -0.48337572
v 0.99836283 0.35277342 -0.48111587
v -1.04512441 0.31979832 -0.48203325
v 1.00717139 0.32320353 -0.48162281
v -1.05153584 0.29569354 -0.48172888
v 1.01252222 0.2960233 -0.48515987
v -1.05648887 0.27096873 -0.48171159
v 1.02331459 0.2680543 -0.48236253
v -1.06340909 0.23948916 -0.47698038
v 1.0339967 0.23738248 -0.47960987
v -1.06636261 0.20550142 -0.47620824
v 1.03924608 0.20315295 -0.48270022
v -1.06589794 0.17376881 -0.47682762
v 1.04169225 0.16840678 -0.48786589
v -1.06460607 0.14033536 -0.47627359
v 1.05000186 0.13575291 -0.48375135
v -1.0640378 0.10684102 -0.47754716
v 1.05957913 0.10735675 -0.47703343
v -1.06632053 0.07639178 -0.47975468
v 1.06583988 0.07794773 -0.47768747
v -1.07000064 0.04625318 -0.48242825
v 1.07026052 0.04724992 -0.48125457
v -1.07281184 0.01592392 -0.48027026
v 1.07289862 0.01606977 -0.48037916
v -1.06536519 -0.01496089 -0.47978347
v 1.06542038 -0.01486639 -0.4801892
v -1.04563295 -0.04333956 -0.48119187
v 1.04584658 -0.04310491 -0.4815793
v -1.0190097 -0.06567506 -0.48264712
v -0.98825293 -0.08409841 -0.48521587
v 0.98840409 -0.08399412 -0.48503592
v 1.0195105 -0.06531666 -0.48277884
v -0.95470231 -0.10238952 -0.48586994
v 0.95380926 -0.10279855 -0.48584562
v -0.91632974 -0.12169244 -0.48690149
v -0.8881973 -0.13517801 -0.48617199
v -0.8594464 -0.14836837 -0.48183941
v 0.85935026 -0.14830346 -0.48202711
v 0.88825541 -0.13503305 -0.48641651
v 0.91598886 -0.12174311 -0.48720148
v -0.82820975 -0.16071468 -0.4795553
v -0.79727888 -0.16965904 -0.48546391
v -0.76666802 -0.17897358 -0.48386055
v 0.76572412 -0.17903214 -0.48427939
v 0.79693448 -0.16965302 -0.48560228
v 0.82800447 -0.16072142 -0.47957262
v -0.7343533 -0.1884112 -0.48093003
v -0.70340246 -0.19640982 -0.48242151
v -0.67220997 -0.2049081 -0.48276662
v -0.63972151 -0.21413543 -0.48316589
v 0.67189681 -0.20513264 -0.48148095
v 0.70201933 -0.19670128 -0.48219382
v 0.73257899 -0.18870925 -0.48115539
v -0.60547828 -0.22475503 -0.48836949
v -0.57557988 -0.23910659 -0.48910045
v 0.57491922 -0.23942032 -0.48818171
v 0.60271167 -0.22611033 -0.48532378
v 0.63460528 -0.21676455 -0.47703152
v -0.54392272 -0.25826427 -0.48318475
v -0.51157641 -0.27481862 -0.48084449
v 0.50976479 -0.27539879 -0.48182916
v 0.54313111 -0.25859218 -0.48260223
v -0.47927269 -0.28383457 -0.48524159
v -0.45190236 -0.29129913 -0.48797875
v -0.42528775 -0.29954624 -0.48666143
v -0.39382514 -0.30668506 -0.48463794
v -0.36245277 -0.30857789 -0.48407697
v -0.33080524 -0.30622226 -0.48533082
v -0.29830846 -0.30478525 -0.48663097
v -0.26358178 -0.30822604 -0.48417335
v -0.19925981 -0.30505091 -0.48427683
v -0.16773037 -0.30107045 -0.48720043
v -0.13606533 -0.30462181 -0.48764401
v 0.13510012 -0.30488133 -0.4875859
v 0.16734795 -0.30069407 -0.48831084
v 0.19896987 -0.30499845 -0.48429739
v 0.26338616 -0.30820846 -0.48410609
v 0.29816532 -0.3047879 -0.48645478
v 0.33137759 -0.3063451 -0.48490074
v 0.36300161 -0.3083958 -0.48458248
v 0.3935045 -0.30670476 -0.48468193
v 0.42380195 -0.30052343 -0.4839892
v 0.45189255 -0.29119506 -0.48797833
v 0.47872859 -0.28363382 -0.48698803
v -0.23032864 -0.31155914 -0.47873628
v -0.10593284 -0.31379789 -0.48485469
v -0.07382576 -0.32998839 -0.47734051
v 0.070197 -0.3302347 -0.48039344
v 0.10278399 -0.31463253 -0.48558163
v 0.23020309 -0.31158012 -0.47854405
v -0.045256 -0.34364658 -0.48079541
v -0.0118784 -0.35231697 -0.48619812
v 0.01913608 -0.3512761 -0.48563364
v 0.04536984 -0.34346604 -0.48040336
v -0.3246907 1.09263014 -0.51336306
v -0.29435926 1.10432124 -0.51282274
v -0.26703506 1.11199212 -0.51272547
v -0.23781198 1.11024093 -0.5167694
v -0.2082495 1.09943306 -0.51587599
v -0.18303176 1.09017062 -0.50395643
v 0.18685078 1.09435057 -0.50565552
v 0.20687252 1.09940075 -0.51483297
v 0.23582902 1.1099435 -0.51448702
v 0.26497978 1.11159753 -0.51339519
v 0.29450178 1.10270023 -0.51540672
v -0.35368588 1.07455217 -0.5141443
v -0.17722155 1.07383418 -0.51587295
v -0.1507259 1.06570577 -0.50577181
v 0.17606672 1.07455682 -0.51435363
v 0.329508 1.08736777 -0.51826816
v 0.35485324 1.07320618 -0.51429235
v -0.37186828 1.04176688 -0.51630866
v -0.10498091 1.05089438 -0.51076453
v -0.07212577 1.05050301 -0.51308161
v -0.04058053 1.05147922 -0.51474696
v -0.00868563 1.05138492 -0.5153591
v 0.02233234 1.05048131 -0.51512098
v 0.05362655 1.04846501 -0.51486754
v 0.08215019 1.0448457 -0.51565027
v 0.11198766 1.04103875 -0.5168485
v 0.14249737 1.04333114 -0.51829314
v 0.36984029 1.04783701 -0.51577663
v -0.39039897 1.00964856 -0.51525801
v 0.38697153 1.01800251 -0.51548212
v 0.41845116 1.00165033 -0.51293802
v -0.45926761 0.96877664 -0.51607829
v -0.42202454 0.98769354 -0.51192629
v 0.4521586 0.99142289 -0.51904487
v 0.48625236 0.98692774 -0.51642787
v 0.5186901 0.97963702 -0.51395881
v -0.54677999 0.93498033 -0.50995993
v -0.51630771 0.94772768 -0.5139302
v -0.48936969 0.95784127 -0.516155
v 0.5461626 0.9642378 -0.52041304
v 0.57332551 0.95240443 -0.5170325
v 0.60173219 0.93829286 -0.51171594
v -0.57780897 0.91403627 -0.51501697
v 0.6357761 0.9129917 -0.51041054
v -0.63577592 0.87808769 -0.51216626
v -0.60800224 0.89400529 -0.51712781
v 0.66743814 0.88325917 -0.51200306
v -0.6696136 0.85162293 -0.51241332
v 0.69736129 0.85356354 -0.51095283
v -0.70208907 0.82242596 -0.51375865
v 0.72726345 0.82324004 -0.50739806
v -0.75393939 0.77991986 -0.50549888
v -0.73227417 0.79319471 -0.51480448
v 0.75400281 0.79367911 -0.50459075
v -0.76514279 0.75742214 -0.51579761
v 0.76829719 0.76496183 -0.51484799
v -0.79313188 0.73076313 -0.51007258
v 0.79460513 0.73210984 -0.51262223
v -0.81493234 0.70142352 -0.51290828
v 0.81999331 0.70066636 -0.50926387
v -0.83606791 0.66960394 -0.5169931
v 0.84551441 0.6647048 -0.50966191
v -0.85978233 0.64192259 -0.51229542
v 0.86148083 0.63678878 -0.51380407
v -0.88554251 0.60902702 -0.5084874
v 0.88124275 0.60745561 -0.51165688
v -0.90742981 0.57631599 -0.50795328
v 0.89585089 0.58054429 -0.51176434
v -0.9236741 0.54489272 -0.51200211
v 0.90881347 0.55192649 -0.51100236
v -0.94494783 0.51146262 -0.50900435
v 0.91767108 0.5195508 -0.51524096
v -0.96577191 0.47714602 -0.5059399
v 0.92946815 0.48681163 -0.51390105
v -0.97952449 0.44635433 -0.5089457
v 0.94157832 0.45677745 -0.50973129
v -0.99227058 0.41587996 -0.51187717
v 0.94919616 0.42297321 -0.51211047
v -1.00605917 0.38427859 -0.51205641
v 0.95850896 0.39147648 -0.51238399
v -1.01953899 0.35185378 -0.51034307
v 0.97195798 0.36054128 -0.50837719
v -1.03097796 0.31758272 -0.50940561
v 0.97942686 0.32718718 -0.51264041
v -1.03695428 0.28966885 -0.51160037
v 0.98824226 0.2942487 -0.5146898
v -1.03956222 0.26643461 -0.51535105
v 1.00042462 0.26247537 -0.51185762
v -1.04356741 0.23997047 -0.51495754
v 1.00758159 0.23373171 -0.51329219
v -1.04663634 0.2071311 -0.5142939
v 1.01181507 0.20417746 -0.51712906
v -1.04675436 0.17479898 -0.51440978
v 1.01851606 0.16848988 -0.51893299
v -1.04594993 0.1405701 -0.51336586
v 1.02902853 0.13241532 -0.51619076
v -1.04617548 0.10673411 -0.51336157
v 1.03783822 0.10473567 -0.51419532
v -1.0492028 0.07926285 -0.51378637
v 1.04680156 0.07747852 -0.51303392
v -1.05433666 0.05032222 -0.51349866
v 1.05441808 0.050986 -0.51145261
v -1.05869031 0.02080242 -0.50996661
v 1.05877208 0.02133772 -0.50958019
v -1.0519818 -0.01069695 -0.51392561
v 1.05192112 -0.01072124 -0.51423108
v -1.03566193 -0.03823085 -0.51665401
v -1.01716852 -0.05513035 -0.51795041
v 1.01719355 -0.05516115 -0.51799988
v 1.03556585 -0.03831597 -0.51684975
v -0.98697954 -0.07582791 -0.51753771
v 0.9870702 -0.07596942 -0.51697003
v -0.95385456 -0.09514385 -0.51769638
v -0.91863739 -0.11403524 -0.51712691
v 0.91825568 -0.11433325 -0.51668858
v 0.95338475 -0.09551577 -0.51729697
v -0.88546848 -0.13026082 -0.51621341
v -0.85726755 -0.14243802 -0.51437759
v 0.85748863 -0.14225573 -0.51446175
v 0.88575911 -0.13020262 -0.51557672
v -0.82661443 -0.15449199 -0.50983178
v -0.79616403 -0.16287878 -0.51548647
v -0.76728189 -0.17009386 -0.51910722
v -0.73485827 -0.17919798 -0.5169335
v 0.73441815 -0.17934924 -0.51625275
v 0.76739251 -0.16989682 -0.51935154
v 0.79632842 -0.1627554 -0.51550877
v 0.82657349 -0.15443755 -0.50987952
v -0.70143556 -0.18849572 -0.51615858
v -0.67058634 -0.1976374 -0.51527094
v -0.63838756 -0.20787465 -0.51486957
v 0.63914978 -0.20809331 -0.51188027
v 0.67287874 -0.19706347 -0.51407837
v 0.70156484 -0.18899804 -0.51336598
v -0.60259592 -0.22137871 -0.51766473
v -0.57415413 -0.23745007 -0.51833832
v 0.5743283 -0.23751837 -0.51809787
v 0.6029635 -0.2214595 -0.51645517
v -0.54249233 -0.25622764 -0.51555764
v -0.51186841 -0.26805388 -0.51357269
v -0.47835505 -0.27674973 -0.51574647
v 0.4796198 -0.27557575 -0.51864635
v 0.51290869 -0.26768106 -0.5143277
v 0.54397714 -0.25591874 -0.51490259
v -0.4475941 -0.28584802 -0.52010828
v -0.42072358 -0.29363647 -0.51840841
v -0.39009672 -0.29825723 -0.51581382
v -0.35762667 -0.29833281 -0.51428782
v -0.32481271 -0.2959429 -0.51587724
v -0.29295578 -0.29592913 -0.51823878
v -0.26125639 -0.29952257 -0.51484417
v -0.22977088 -0.29952698 -0.51018345
v -0.20000672 -0.29252567 -0.512959
v -0.17145036 -0.29006567 -0.51483112
v -0.14088176 -0.29352036 -0.51728999
v -0.10995429 -0.30062648 -0.51799547
v 0.10916063 -0.3007946 -0.51796478
v 0.14061541 -0.29313951 -0.51837647
v 0.17190381 -0.28892761 -0.51814508
v 0.19965136 -0.29214039 -0.51404452
v 0.22945752 -0.29949581 -0.51014429
v 0.2611171 -0.29953092 -0.51470446
v 0.29350104 -0.29608097 -0.51780128
v 0.32705697 -0.29632145 -0.51510012
v 0.35965198 -0.29825443 -0.51476633
v 0.39083397 -0.29801583 -0.51619935
v 0.42102897 -0.29368418 -0.51713973
v 0.44826644 -0.28568422 -0.51899474
v -0.07619339 -0.31374073 -0.5132758
v -0.04390251 -0.32932207 -0.51330828
v 0.02151056 -0.33903527 -0.51694881
v 0.04842659 -0.32763105 -0.51358372
v 0.07647036 -0.31339812 -0.51394438
v -0.00812682 -0.34107917 -0.51627945
v -0.2930212 1.09278678 -0.5335825
v -0.26661512 1.09788894 -0.53659236
v -0.24061094 1.09268117 -0.54117536
v 0.23624312 1.09119927 -0.54005241
v 0.26180568 1.09720921 -0.53720307
v 0.29000946 1.09328639 -0.53440195
v -0.3466323 1.06483638 -0.53756707
v -0.32220655 1.07677149 -0.53872728
v -0.2962163 1.07405614 -0.55074042
v -0.210422 1.07596564 -0.53945922
v 0.20934063 1.07595419 -0.53956663
v 0.29657781 1.07392525 -0.55085218
v 0.32351642 1.07394456 -0.53968739
v -0.35248777 1.04552578 -0.53992754
v -0.33030825 1.04947924 -0.55210435
v -0.19917132 1.04234433 -0.55469638
v -0.16699664 1.04183268 -0.54086685
v -0.13675415 1.03626501 -0.53754717
v -0.10216441 1.03276515 -0.5407027
v -0.07202079 1.03462255 -0.54153263
v -0.04126073 1.03645288 -0.5405538
v -0.00940476 1.03593099 -0.54083889
v 0.02166861 1.0349828 -0.54057252
v 0.05254367 1.03336858 -0.54020857
v 0.08176322 1.02972674 -0.54161983
v 0.16744183 1.0411098 -0.53693461
v 0.19892816 1.04651451 -0.55135655
v 0.32998025 1.04748654 -0.55316829
v 0.34980773 1.05166387 -0.5373463
v -0.35340941 1.01930141 -0.54174894
v -0.32996952 1.01938486 -0.55813026
v 0.11510739 1.02420973 -0.545084
v 0.14572209 1.02628374 -0.54353541
v 0.35616701 1.01362156 -0.54344284
v -0.41917631 0.96852266 -0.53979992
v -0.38811823 0.97912144 -0.543536
v 0.38954418 0.98110729 -0.55124199
v 0.42030832 0.97770774 -0.54799497
v 0.45373874 0.9734137 -0.54763734
v 0.48553413 0.97142648 -0.54152333
v 0.51546371 0.96545434 -0.53724163
v -0.48913079 0.93861848 -0.5470792
v -0.45447245 0.95238578 -0.54603254
v 0.54671061 0.94529283 -0.54555183
v -0.54887485 0.91058599 -0.54463142
v -0.51821088 0.92591154 -0.54631513
v 0.57916569 0.92818999 -0.54338288
v 0.60714924 0.91157496 -0.53959566
v -0.60536265 0.87285637 -0.54806959
v -0.5776472 0.89005184 -0.5494554
v 0.63798934 0.88492804 -0.54031586
v -0.63779014 0.85026061 -0.54565095
v 0.66901826 0.8545506 -0.5408169
v -0.67196434 0.82064771 -0.5472778
v 0.69822257 0.8238722 -0.54093277
v -0.70221436 0.79393971 -0.54602694
v 0.72658956 0.79106414 -0.54157429
v -0.73519063 0.76454561 -0.542014
v 0.75554913 0.75908577 -0.53678464
v -0.77716547 0.72264415 -0.53714782
v -0.75947499 0.73858183 -0.54140293
v 0.78181612 0.72238832 -0.53861701
v -0.79242122 0.70053535 -0.5419135
v 0.79708683 0.69922941 -0.54088193
v -0.81374245 0.66935312 -0.54493844
v 0.81618249 0.66851151 -0.54469203
v -0.83489191 0.63836538 -0.54616922
v 0.8346349 0.63812661 -0.54737222
v -0.85722863 0.60883319 -0.54500329
v 0.85679459 0.6068573 -0.54402053
v -0.87994289 0.57653701 -0.54456853
v 0.8739565 0.5801531 -0.54103589
v -0.89863503 0.5459842 -0.54594147
v 0.88479691 0.55077529 -0.5431478
v -0.91929614 0.5149647 -0.54307448
v 0.89415466 0.51849138 -0.54540538
v -0.94177275 0.48352164 -0.53709757
v 0.9062246 0.48721498 -0.541628
v -0.95910537 0.45001339 -0.53847366
v 0.91479384 0.45620095 -0.54114389
v -0.97391223 0.41607281 -0.54149931
v 0.92529356 0.41884625 -0.54080736
v -0.98911953 0.38523966 -0.53994524
v 0.9361298 0.38773137 -0.53922009
v -1.00139129 0.35322547 -0.54048681
v 0.94495296 0.3607828 -0.53988111
v -1.01091253 0.32003203 -0.54288375
v 0.95307469 0.32760003 -0.54446232
v -1.01782834 0.28959518 -0.54521435
v 0.96646404 0.29433506 -0.54213589
v -1.02143359 0.26592016 -0.54791081
v 0.97547495 0.26214122 -0.54387003
v -1.02565217 0.24038088 -0.54749101
v 0.97996407 0.23236957 -0.54907256
v -1.03091287 0.20791515 -0.54343515
v 0.98804557 0.20405662 -0.54777538
v -1.03229177 0.17581269 -0.54171907
v 0.99792873 0.16990062 -0.54581105
v -1.0310719 0.14232456 -0.54186767
v 1.00609803 0.13624867 -0.54719042
v -1.03046894 0.10693887 -0.54346048
v 1.01471686 0.10686166 -0.54835343
v -1.0330013 0.07835918 -0.54489082
v 1.02851653 0.07620856 -0.54381567
v -1.03667187 0.04862789 -0.54761654
v 1.03740704 0.04921774 -0.54275393
v -1.03947997 0.01828741 -0.54757416
v 1.03982186 0.01939407 -0.5455985
v -1.0342108 -0.01281918 -0.54907101
v 1.03402185 -0.01292722 -0.54855066
v -1.0181992 -0.04288881 -0.54408335
v 1.01793026 -0.0435099 -0.54308629
v -0.98441577 -0.06789042 -0.54796123
v -0.95480704 -0.08541873 -0.55012142
v 0.95398861 -0.08662635 -0.54768776
v 0.98425447 -0.0687851 -0.54565346
v -0.92117345 -0.10465395 -0.5483396
v 0.91980427 -0.10618743 -0.54538649
v -0.88379645 -0.12383856 -0.54710972
v -0.85460788 -0.13610163 -0.54807782
v -0.82791262 -0.14580199 -0.54574269
v 0.82702457 -0.14601331 -0.54576361
v 0.85509175 -0.13601562 -0.54734945
v 0.88386017 -0.12447963 -0.54428458
v -0.79619437 -0.15494911 -0.54794454
v -0.76528596 -0.16272153 -0.55088132
v -0.73586213 -0.17046223 -0.55023312
v -0.70419216 -0.17958256 -0.54755806
v 0.70405256 -0.17989096 -0.54609406
v 0.73656725 -0.17016036 -0.55026495
v 0.76674407 -0.16220283 -0.55095553
v 0.79593592 -0.15499439 -0.54780739
v -0.6730405 -0.18952435 -0.54489076
v -0.64082461 -0.20113143 -0.54366499
v 0.64190578 -0.20051424 -0.54419708
v 0.67373061 -0.18910569 -0.54521131
v -0.60359972 -0.21708264 -0.54535788
v -0.5742619 -0.23354579 -0.54509115
v 0.57369625 -0.23440182 -0.54328262
v 0.60402888 -0.21697166 -0.54397082
v -0.54056644 -0.25032204 -0.54561632
v -0.50734031 -0.26088035 -0.5454092
v -0.47595471 -0.27077084 -0.54404449
v 0.4791817 -0.26838824 -0.5492779
v 0.51163154 -0.25982859 -0.54557609
v 0.54307323 -0.25058823 -0.54309332
v -0.44425931 -0.28129625 -0.54674565
v -0.41655963 -0.28825765 -0.54524648
v -0.38738584 -0.29025551 -0.54444718
v -0.355811 -0.28902471 -0.54414463
v -0.32298904 -0.28790736 -0.54506397
v -0.29196685 -0.2897982 -0.54552018
v -0.26268559 -0.29153123 -0.54221153
v -0.23274628 -0.28751388 -0.54031038
v -0.20309613 -0.28289651 -0.53751534
v -0.17434059 -0.28246262 -0.53834259
v -0.14202025 -0.28502151 -0.5446248
v -0.10949335 -0.29081392 -0.54882609
v -0.07624016 -0.30225351 -0.54632794
v 0.0758223 -0.30214178 -0.5469743
v 0.10935924 -0.29082179 -0.54885447
v 0.14339053 -0.28485596 -0.54481327
v 0.1780375 -0.28185078 -0.53945314
v 0.20431074 -0.28280818 -0.53738004
v 0.23270687 -0.28755265 -0.53997719
v 0.26243564 -0.29150354 -0.54214161
v 0.29180872 -0.28980636 -0.5453698
v 0.32354736 -0.28804871 -0.54463243
v 0.35627478 -0.28893333 -0.5442574
v 0.38753551 -0.29016399 -0.54395145
v 0.41694048 -0.28827604 -0.54359179
v 0.44486078 -0.28092691 -0.54622727
v -0.0444554 -0.3191086 -0.54221046
v -0.01145785 -0.33163172 -0.54323756
v 0.01768315 -0.33055266 -0.54364526
v 0.04473509 -0.3187668 -0.54254299
v -0.26914751 1.07162344 -0.55986499
v -0.24230565 1.06912517 -0.55934953
v 0.24179828 1.06857371 -0.56017994
v 0.26933366 1.07063996 -0.56075787
v -0.29882335 1.04560983 -0.56358689
v -0.26817694 1.04396855 -0.56989097
v -0.2362947 1.04228246 -0.56729394
v 0.23703584 1.04440069 -0.56705308
v 0.26977625 1.04164612 -0.57116746
v 0.30103188 1.04286754 -0.56459599
v -0.30003508 1.01277589 -0.57113754
v -0.26778119 1.0114144 -0.57918018
v -0.23164123 1.01250219 -0.58061689
v -0.19781982 1.01119446 -0.57932257
v -0.16675165 1.01088786 -0.57651829
v -0.1347216 1.01116251 -0.57496142
v -0.10354348 1.0123043 -0.57620102
v -0.07477897 1.01203286 -0.57869046
v -0.04336064 1.01480794 -0.57434439
v -0.00987125 1.01283943 -0.57492876
v 0.02198585 1.01173663 -0.57398736
v 0.05374186 1.01141929 -0.57159316
v 0.08325342 1.01094436 -0.56912136
v 0.11580395 1.00738954 -0.56961268
v 0.14708545 1.00510191 -0.57022595
v 0.17248298 1.00965511 -0.56810021
v 0.19858077 1.01582527 -0.56946313
v 0.23217463 1.01579213 -0.5752666
v 0.26535454 1.00999808 -0.57850933
v 0.29940861 1.01030576 -0.57262158
v 0.32877948 1.01443839 -0.56093287
v -0.35684084 0.97635531 -0.56636804
v -0.32775875 0.98138415 -0.57705497
v -0.2989071 0.98075556 -0.58715885
v 0.29756337 0.97874164 -0.58633536
v 0.3291794 0.98112297 -0.57710802
v 0.36026647 0.97522687 -0.5696032
v -0.4222514 0.94415164 -0.57633841
v -0.38750875 0.95751744 -0.57326054
v 0.38963949 0.9604367 -0.57972204
v 0.42100399 0.95416039 -0.58264637
v 0.45153784 0.94890189 -0.58288836
v 0.47946739 0.94566464 -0.57850551
v 0.51015496 0.94006246 -0.57267081
v -0.51444351 0.90665519 -0.57626181
v -0.48622262 0.91874122 -0.57826054
v -0.45519989 0.93080568 -0.57935077
v 0.54401886 0.92231941 -0.57510316
v 0.57783776 0.90527892 -0.57080572
v -0.54689192 0.88937431 -0.57545352
v 0.6069113 0.88452267 -0.56901574
v -0.60665416 0.84772157 -0.57787531
v -0.57714361 0.86674594 -0.58039557
v 0.63642454 0.85536485 -0.57180917
v -0.63863986 0.82285201 -0.57721805
v 0.66769248 0.82375979 -0.57319945
v -0.69519352 0.77752268 -0.57189482
v -0.66778969 0.79850953 -0.57619273
v 0.69853043 0.7922995 -0.5746535
v -0.72379064 0.75091779 -0.57101726
v 0.72735738 0.75975704 -0.57617032
v -0.75524485 0.72316563 -0.56776034
v 0.75576371 0.72508102 -0.57331854
v -0.76847565 0.70124548 -0.57904076
v 0.78277552 0.69322633 -0.56771659
v -0.79232883 0.67029315 -0.5798999
v 0.79502296 0.66641253 -0.57725453
v -0.81323725 0.63666826 -0.57606262
v 0.8131752 0.63712388 -0.57725554
v -0.83268964 0.60679411 -0.57502293
v 0.83311706 0.60769915 -0.57335174
v -0.85291928 0.57728856 -0.57632881
v 0.84932327 0.58034813 -0.57139706
v -0.87505292 0.54584252 -0.57572418
v 0.86244326 0.54592329 -0.57309484
v -0.89252775 0.51525843 -0.57788014
v 0.8719877 0.5149334 -0.57428556
v -0.91441339 0.4835644 -0.57405638
v 0.88047528 0.48712903 -0.57302391
v -0.93730008 0.44708034 -0.57145953
v 0.88786381 0.45455732 -0.57391119
v -0.9524312 0.41512897 -0.57356703
v 0.90297305 0.4159612 -0.56802761
v -0.96722626 0.38753658 -0.57137531
v 0.91118943 0.38785058 -0.56881845
v -0.97768569 0.35369592 -0.57659781
v 0.9173823 0.3618116 -0.57312333
v -0.98962974 0.31865853 -0.57758408
v 0.92824959 0.32748615 -0.57607692
v -1.00027966 0.28712719 -0.5752294
v 0.94196665 0.29332193 -0.57526111
v -1.00520634 0.2649376 -0.57575273
v 0.95085734 0.26250365 -0.57716059
v -1.00811243 0.24034893 -0.57800597
v 0.95840257 0.23236714 -0.57857453
v -1.01157951 0.20781904 -0.57761585
v 0.96846187 0.20533075 -0.57432913
v -1.01219844 0.17494887 -0.57748282
v 0.97602057 0.17399063 -0.57488822
v -1.01062774 0.14287686 -0.57821011
v 0.98136746 0.140897 -0.58070921
v -1.01012778 0.10870145 -0.57968717
v 0.99164098 0.10973352 -0.58117461
v -1.01428639 0.07749209 -0.57892596
v 1.00646472 0.07836908 -0.57681995
v -1.01837301 0.04731943 -0.58053195
v 1.01679348 0.04876488 -0.57593143
v -1.02024698 0.01583351 -0.58171987
v 1.01975441 0.01727777 -0.57916724
v -1.01643216 -0.01423028 -0.58010315
v 1.0159496 -0.01431255 -0.57872033
v -1.00185346 -0.04209199 -0.57587289
v 1.00148749 -0.04299919 -0.57392692
v -0.97493857 -0.06429986 -0.57663554
v -0.953552 -0.07667776 -0.58013707
v 0.95383203 -0.07715186 -0.57795655
v 0.97528028 -0.06499683 -0.57385206
v -0.92305481 -0.09472407 -0.57924634
v -0.88697075 -0.11460204 -0.57616233
v 0.88771992 -0.11446873 -0.57520258
v 0.92323666 -0.09498886 -0.57787549
v -0.85275405 -0.12965253 -0.57676792
v -0.82839047 -0.13755366 -0.57955932
v -0.79889506 -0.14602048 -0.5808146
v 0.7944802 -0.14721462 -0.58109521
v 0.82299196 -0.13907058 -0.57995986
v 0.85205268 -0.12965434 -0.57713079
v -0.76479852 -0.15538933 -0.5804786
v -0.73465168 -0.16296622 -0.58096063
v -0.70517224 -0.1711879 -0.58027082
v -0.67497777 -0.18195337 -0.57786732
v 0.67205321 -0.18254473 -0.57792824
v 0.70315897 -0.17201207 -0.57891708
v 0.73508346 -0.16288203 -0.58066636
v 0.76581728 -0.15491887 -0.5810123
v -0.64496296 -0.1945732 -0.57636231
v -0.60907495 -0.2105609 -0.57899999
v 0.60896301 -0.21054716 -0.5750454
v 0.64279305 -0.19471484 -0.57702416
v -0.57474875 -0.22718669 -0.57615053
v -0.54083502 -0.24088813 -0.57671439
v 0.54267418 -0.24118785 -0.57457041
v 0.57462561 -0.22772854 -0.57328057
v -0.50641179 -0.25139659 -0.57848626
v -0.47758942 -0.26298171 -0.57520234
v -0.44935137 -0.27371284 -0.57377028
v -0.23500593 -0.27384379 -0.5755589
v -0.20375903 -0.26990938 -0.57497072
v -0.17427894 -0.27043694 -0.57740569
v -0.14291128 -0.27451765 -0.57944989
v 0.14326071 -0.27448621 -0.57940304
v 0.17641507 -0.27002084 -0.57812702
v 0.20377443 -0.2697308 -0.5754143
v 0.23467752 -0.27390298 -0.57520699
v 0.44898667 -0.27360719 -0.57376122
v 0.48043793 -0.26086378 -0.57934671
v 0.51033568 -0.25055173 -0.57794594
v -0.42009836 -0.28106498 -0.56978869
v -0.38868105 -0.28301879 -0.56923204
v -0.35705453 -0.28206527 -0.5700587
v -0.32509356 -0.28217428 -0.57034671
v -0.29532334 -0.2838729 -0.5708698
v -0.26646202 -0.28135722 -0.57235169
v -0.11061153 -0.28191626 -0.57792925
v -0.07740253 -0.29368829 -0.57283079
v 0.07613658 -0.29353368 -0.57475179
v 0.10979803 -0.28214028 -0.57770133
v 0.26637059 -0.28138247 -0.57209634
v 0.29511085 -0.28385043 -0.57079362
v 0.32491198 -0.28217187 -0.57017922
v 0.35693231 -0.28200012 -0.56992006
v 0.38869616 -0.28293502 -0.56892561
v 0.41990384 -0.28111815 -0.56914532
v -0.0443855 -0.31028267 -0.56974291
v -0.01235603 -0.32267415 -0.57215005
v 0.01608041 -0.32248312 -0.57140362
v 0.04336017 -0.3108536 -0.56964242
v -0.10887561 0.99623632 -0.60190999
v -0.04669107 0.99772763 -0.59815192
v -0.26943749 0.97710132 -0.60176205
v -0.22711196 0.98486852 -0.60446572
v -0.19649466 0.98672592 -0.60716438
v -0.16664344 0.9889096 -0.60742831
v -0.13609992 0.9938305 -0.60306352
v -0.08088658 0.99384117 -0.6055696
v -0.0457716 0.9839884 -0.61515116
v -0.01487738 0.9882819 -0.6061598
v 0.02047959 0.98427498 -0.60709345
v 0.05065158 0.98243033 -0.60600698
v 0.07919365 0.98345923 -0.60201442
v 0.1105344 0.98175936 -0.60054618
v 0.1418866 0.97726786 -0.60244876
v 0.17093901 0.97635072 -0.60172098
v 0.1977868 0.97881305 -0.59892189
v 0.22728008 0.97841024 -0.5980525
v 0.2633838 0.97147333 -0.59922194
v -0.38607931 0.93783021 -0.60330098
v -0.35578095 0.94644063 -0.60454034
v -0.32852169 0.95380628 -0.60721635
v -0.29923802 0.96154046 -0.60826176
v 0.29662495 0.9567312 -0.60845929
v 0.32951974 0.94949066 -0.61105459
v 0.35792478 0.94489824 -0.60875862
v 0.38861784 0.94032847 -0.60843628
v 0.41852438 0.9350717 -0.60881495
v -0.45560294 0.90969735 -0.60856676
v -0.42276984 0.92264556 -0.6078298
v 0.44986522 0.92679059 -0.61052632
v 0.48049503 0.91788274 -0.61047035
v 0.51159238 0.9106723 -0.60569858
v -0.54416465 0.8713963 -0.60054332
v -0.51301538 0.88511389 -0.60532158
v -0.48455628 0.89785176 -0.60741424
v 0.54225337 0.89620459 -0.60479378
v 0.57413101 0.87774676 -0.60176408
v -0.57578158 0.84741884 -0.60472106
v 0.60459458 0.85342723 -0.6012302
v -0.60821217 0.82182002 -0.60629773
v 0.63504928 0.82338774 -0.60402512
v -0.66292381 0.77758967 -0.60498118
v -0.63635897 0.7966476 -0.6080532
v 0.66680985 0.79295748 -0.60689818
v -0.69547128 0.75731718 -0.60280358
v 0.69818389 0.76575267 -0.60849672
v -0.72946363 0.73143702 -0.60624802
v 0.72981405 0.73638325 -0.60845458
v -0.76700657 0.70472872 -0.61297333
v 0.756531 0.70155984 -0.6088472
v -0.79162895 0.67696565 -0.61951458
v 0.77917325 0.66733312 -0.60817396
v -0.79938888 0.63851416 -0.6111502
v 0.79597818 0.63428062 -0.60941952
v -0.81058383 0.60441768 -0.60735452
v 0.81172061 0.60467755 -0.60505509
v -0.82578289 0.57602262 -0.6082195
v 0.82663989 0.57519209 -0.60290575
v -0.84920001 0.54544794 -0.60574269
v 0.84392076 0.53898072 -0.59939259
v -0.86655652 0.51710379 -0.60783827
v 0.84919524 0.51234769 -0.60414612
v -0.885356 0.48566561 -0.60852468
v 0.85280287 0.48696231 -0.60811674
v -0.91042792 0.44696676 -0.60570371
v 0.86221903 0.45472776 -0.60602623
v -0.92737329 0.41280305 -0.60808825
v 0.87742906 0.41735756 -0.5994842
v -0.94120252 0.38605433 -0.6073389
v 0.88477784 0.38710448 -0.60263454
v -0.95260357 0.35300758 -0.61159014
v 0.89470142 0.35733708 -0.60461735
v -0.96915841 0.3170396 -0.60833388
v 0.90700918 0.32576167 -0.60567021
v -0.97886383 0.2873668 -0.60809397
v 0.91772258 0.29441285 -0.60856133
v -0.98319476 0.2659401 -0.6101849
v 0.92792087 0.26433989 -0.60912716
v -0.98841083 0.2405793 -0.61021614
v 0.9367876 0.23283186 -0.60982078
v -0.99232739 0.207966 -0.61011707
v 0.94668126 0.20460857 -0.60602951
v -0.99275302 0.17495566 -0.61059701
v 0.95533633 0.17370885 -0.60478615
v -0.99150043 0.14337053 -0.61086797
v 0.96258711 0.14001292 -0.60856986
v -0.99219417 0.10900226 -0.61069214
v 0.97398114 0.10720965 -0.60897171
v -0.99769604 0.07453945 -0.60850346
v 0.9872837 0.07497218 -0.60827946
v -1.00267112 0.04585776 -0.60852313
v 0.99902766 0.04600548 -0.60578221
v -1.00413346 0.01634587 -0.61012733
v 1.00319123 0.01748534 -0.60698556
v -0.99852734 -0.01296693 -0.60960382
v 0.9975835 -0.01273762 -0.60822498
v -0.98043239 -0.04264888 -0.60843271
v 0.98016065 -0.04304538 -0.60692626
v -0.95241749 -0.0675912 -0.6061449
v -0.9240697 -0.083654 -0.61069881
v 0.92525458 -0.08307704 -0.6098693
v 0.95531272 -0.0666787 -0.60327959
v -0.8874644 -0.10442692 -0.60813677
v 0.88856339 -0.10435622 -0.60660147
v -0.85157561 -0.12203693 -0.60541033
v -0.82866895 -0.12986588 -0.6089248
v -0.80217003 -0.13753774 -0.61075282
v -0.76828241 -0.14715573 -0.60939502
v 0.76955723 -0.1462347 -0.61160171
v 0.79754233 -0.13858014 -0.61203819
v 0.82291615 -0.13143619 -0.6096121
v 0.85048568 -0.12230818 -0.6055808
v -0.73412609 -0.15632391 -0.60924291
v -0.70044744 -0.16680935 -0.61174035
v -0.6687138 -0.18036001 -0.6112771
v 0.66854679 -0.17988781 -0.61065369
v 0.70011675 -0.16691193 -0.6103869
v 0.7350437 -0.15591841 -0.60963571
v -0.64085006 -0.19349199 -0.60900294
v -0.61037445 -0.20507291 -0.61160576
v 0.61122846 -0.2053264 -0.60660857
v 0.64082437 -0.19312736 -0.60883748
v -0.5738188 -0.21898515 -0.60606932
v -0.54217481 -0.22989553 -0.60574346
v -0.5107249 -0.23948942 -0.61263227
v 0.51008033 -0.24060596 -0.61006307
v 0.54021251 -0.23128283 -0.60374987
v 0.57351851 -0.21973481 -0.60293114
v -0.48087632 -0.25288912 -0.610955
v -0.4523977 -0.26413282 -0.60814988
v -0.42198845 -0.27144193 -0.60442709
v -0.38998436 -0.27384114 -0.60541629
v -0.36021161 -0.27356994 -0.60810804
v -0.32926768 -0.27330982 -0.60773372
v -0.29720079 -0.272704 -0.6070863
v -0.26609408 -0.26705849 -0.60930728
v -0.23478435 -0.26139694 -0.60807454
v -0.20491164 -0.26033738 -0.60491192
v -0.17607337 -0.26154819 -0.60795402
v -0.14588381 -0.26571601 -0.60923564
v -0.11391358 -0.2724654 -0.60827362
v 0.11146883 -0.27325901 -0.60750734
v 0.14392508 -0.26591375 -0.60989821
v 0.17616826 -0.26064202 -0.61115402
v 0.2047239 -0.25913119 -0.60892939
v 0.23424136 -0.26102444 -0.60915219
v 0.26589685 -0.26706242 -0.60910129
v 0.29712355 -0.27273663 -0.60685157
v 0.32911124 -0.27328851 -0.60758459
v 0.36010313 -0.27351066 -0.60793387
v 0.38999164 -0.27374762 -0.60530173
v 0.4218463 -0.27160358 -0.60372924
v 0.45176622 -0.26475489 -0.60641169
v 0.48099726 -0.25265687 -0.61147409
v -0.08140236 -0.2830913 -0.60289186
v -0.04763996 -0.29813557 -0.60264086
v 0.046609 -0.29887357 -0.60242021
v 0.07918357 -0.28306248 -0.6055541
v -0.01330637 -0.31214034 -0.6041882
v 0.01676616 -0.31221538 -0.60315728
v -0.22455039 0.96544063 -0.63015687
v -0.19525766 0.97011119 -0.63073682
v -0.16520158 0.9716469 -0.63330894
v -0.13502606 0.97409296 -0.63251191
v -0.10966642 0.97478973 -0.63186585
v -0.07852426 0.97289001 -0.6321069
v -0.32684433 0.93444919 -0.63664794
v -0.29674595 0.94309222 -0.63696205
v -0.26274341 0.9545902 -0.63353002
v -0.04992007 0.96212863 -0.63994687
v -0.01531344 0.95498007 -0.64174425
v 0.01464545 0.95212066 -0.64018607
v 0.04272136 0.94958674 -0.63885533
v 0.07283651 0.9496603 -0.63537001
v 0.10475512 0.9484142 -0.63367348
v 0.13459073 0.94554072 -0.63456732
v 0.1666207 0.94454717 -0.63397264
v 0.19788926 0.94370591 -0.63315874
v 0.22799465 0.9443537 -0.63069617
v 0.25940656 0.94229149 -0.63061976
v 0.29567641 0.93583512 -0.63527131
v -0.39012122 0.91215777 -0.63768553
v -0.35839361 0.92148625 -0.63986331
v 0.32805335 0.92355644 -0.64465373
v 0.3582828 0.91680938 -0.64571744
v 0.38916224 0.91502487 -0.64042478
v 0.41982421 0.91266757 -0.63501441
v 0.45146215 0.90469211 -0.63416665
v -0.48163092 0.87568199 -0.63637268
v -0.45401519 0.88720786 -0.63803947
v -0.42423883 0.8988285 -0.63903957
v 0.48397883 0.88991916 -0.63796198
v 0.51212251 0.88243866 -0.63403916
v 0.53906112 0.87306445 -0.62923622
v -0.53983986 0.84559679 -0.63374447
v -0.51074975 0.85870027 -0.6382718
v 0.54301732 0.85183811 -0.64608967
v 0.56702232 0.84950864 -0.63294106
v -0.57341933 0.82162332 -0.63510191
v 0.60282766 0.82037597 -0.63299137
v -0.60865473 0.79426443 -0.63516497
v 0.63695788 0.79024004 -0.63531351
v -0.66808295 0.75271612 -0.63582813
v -0.6377331 0.77033543 -0.63566851
v 0.66690921 0.76595813 -0.63887447
v 0.69505149 0.74748826 -0.63990092
v -0.82895553 0.72076338 -0.65406471
v -0.80008822 0.71942514 -0.65143567
v -0.77070856 0.71834152 -0.64432144
v -0.73771119 0.72636187 -0.63805508
v -0.70360207 0.7382009 -0.63733959
v 0.72893738 0.72315275 -0.63740575
v -0.85687184 0.70368331 -0.65847635
v -0.827582 0.70374214 -0.64895677
v -0.79764193 0.70191991 -0.6366496
v 0.75418078 0.69470775 -0.63725972
v -0.81999158 0.66922652 -0.6514002
v 0.76736515 0.66969293 -0.64241433
v -0.80341625 0.63868033 -0.64753556
v 0.78002691 0.63777554 -0.64178359
v -0.79592442 0.60463291 -0.6449629
v 0.78887832 0.60679113 -0.64141988
v -0.80124127 0.57670497 -0.64177137
v 0.79996407 0.5779739 -0.63855487
v -0.82215094 0.54426825 -0.63692277
v 0.81671178 0.54623699 -0.63153731
v -0.84310102 0.5146023 -0.63592767
v 0.82133376 0.5191695 -0.63743144
v -0.85839796 0.4850952 -0.63997507
v 0.82733321 0.48959049 -0.64061141
v -0.88367307 0.44795179 -0.63646817
v 0.83947175 0.45802098 -0.63502275
v -0.90527284 0.41147896 -0.63550001
v 0.84880542 0.42395186 -0.63497686
v -0.91673421 0.38682758 -0.63705319
v 0.85725426 0.38831463 -0.63928496
v -0.92738336 0.35904431 -0.64000272
v 0.87241435 0.35231238 -0.63775515
v -0.9433102 0.32440209 -0.63868254
v 0.88485485 0.32180869 -0.63894486
v -0.9523676 0.29385876 -0.64220625
v 0.89564395 0.29349747 -0.64093625
v -0.96021008 0.26791131 -0.64317798
v 0.90687143 0.26435089 -0.64058589
v -0.96916973 0.24008588 -0.63977116
v 0.9158529 0.23261693 -0.64172875
v -0.97441047 0.2078544 -0.63835239
v 0.9281435 0.20173865 -0.63500696
v -0.97527849 0.17505103 -0.63839346
v 0.93823963 0.16971769 -0.63190424
v -0.97404575 0.14352273 -0.63874644
v 0.94586026 0.13750293 -0.63462817
v -0.97378373 0.10964965 -0.64013958
v 0.95770746 0.10472913 -0.63477355
v -0.97678035 0.07545395 -0.64239633
v 0.96916985 0.07172875 -0.6378659
v -0.98076731 0.04650927 -0.64446181
v 0.97806459 0.04509139 -0.63900268
v -0.98240238 0.01611375 -0.64496392
v 0.98095572 0.0178864 -0.64087677
v -0.97751283 -0.01431855 -0.64148879
v 0.97554427 -0.01396998 -0.64031094
v -0.95932233 -0.0443227 -0.63913822
v 0.96080362 -0.0441693 -0.63576948
v -0.92558145 -0.07130193 -0.63900244
v 0.91897243 -0.07527102 -0.63948631
v 0.9391151 -0.06456083 -0.63432771
v -0.88449072 -0.09330022 -0.64476013
v -0.85533624 -0.1090933 -0.64211714
v -0.83281016 -0.11849969 -0.64258289
v 0.83153402 -0.11876601 -0.64272093
v 0.85580098 -0.10917218 -0.64097988
v 0.88550812 -0.0939963 -0.64084726
v -0.80398684 -0.12857189 -0.64216458
v -0.7702974 -0.13898456 -0.64024221
v -0.73438352 -0.14973896 -0.63943386
v 0.73448401 -0.14977926 -0.63894927
v 0.7712093 -0.13854493 -0.64094889
v 0.80299866 -0.12870143 -0.6425513
v -0.69625324 -0.16331857 -0.64320433
v -0.66488432 -0.17745792 -0.64415127
v 0.66622507 -0.17687955 -0.641631
v 0.69632005 -0.16342294 -0.64113104
v -0.63806164 -0.18838016 -0.64199745
v -0.61163127 -0.19434233 -0.64454722
v -0.5775491 -0.20477983 -0.63896656
v 0.57637095 -0.20643752 -0.63623809
v 0.6130619 -0.19510433 -0.64006722
v 0.64015525 -0.18788647 -0.63974607
v -0.54512345 -0.21761557 -0.63503754
v -0.51415389 -0.22903338 -0.64245963
v -0.48360037 -0.242205 -0.64443379
v 0.48268073 -0.24239704 -0.64468878
v 0.51194512 -0.23037487 -0.64030176
v 0.54074585 -0.21969674 -0.63388514
v -0.45255836 -0.2542293 -0.64160436
v -0.42010727 -0.26362168 -0.63588368
v -0.38878494 -0.26794996 -0.63655728
v -0.35945069 -0.26808172 -0.63953912
v -0.32911056 -0.26536122 -0.63765442
v -0.29691126 -0.26186588 -0.63453048
v -0.26532965 -0.25536012 -0.63700008
v -0.23370093 -0.25241345 -0.63424813
v -0.20408143 -0.25295335 -0.63146948
v -0.17567366 -0.25423407 -0.63520777
v -0.14526677 -0.25822049 -0.63686108
v -0.11322727 -0.26355603 -0.63987386
v -0.08088381 -0.27295279 -0.63671237
v 0.08096687 -0.27210331 -0.63941776
v 0.10849599 -0.26441204 -0.64032232
v 0.13761451 -0.25906831 -0.63854122
v 0.17098406 -0.25417274 -0.63784402
v 0.20320811 -0.25190216 -0.63542735
v 0.23288194 -0.251699 -0.63633799
v 0.26447105 -0.25499063 -0.63779282
v 0.2966943 -0.26183605 -0.63444829
v 0.3290053 -0.26535558 -0.63745224
v 0.35934907 -0.26802426 -0.63933521
v 0.38890266 -0.26783359 -0.63628792
v 0.42048376 -0.26359808 -0.63518786
v 0.45238557 -0.25457164 -0.64056146
v -0.04709788 -0.28672277 -0.63572681
v -0.01375843 -0.29875922 -0.63691353
v 0.01754226 -0.29746934 -0.63813948
v 0.05053942 -0.28481212 -0.63746166
v -0.26329046 0.93483889 -0.66166847
v -0.2275065 0.94339144 -0.66060465
v -0.19666734 0.94616913 -0.66389203
v -0.16527125 0.94615697 -0.66777783
v -0.13472354 0.94639587 -0.66800642
v -0.1095639 0.9459939 -0.66630232
v -0.08557403 0.94437706 -0.6643958
v -0.05679738 0.93693059 -0.66647952
v -0.32688394 0.91170281 -0.6675986
v -0.29734969 0.92142224 -0.66710025
v -0.0211895 0.9249072 -0.67069655
v 0.01188567 0.92021387 -0.66871577
v 0.04255404 0.91743969 -0.66635066
v 0.07433407 0.91508734 -0.66455662
v 0.10559351 0.91254997 -0.66418981
v 0.13541862 0.91178065 -0.66360402
v 0.16791331 0.91499006 -0.66029512
v 0.20088812 0.91210281 -0.66247189
v 0.23051056 0.91129934 -0.66314733
v 0.26069507 0.91070699 -0.6637178
v 0.29639768 0.90958666 -0.66424119
v -0.42268836 0.87639266 -0.66700375
v -0.38924664 0.88585269 -0.67134678
v -0.35644185 0.89781272 -0.67203325
v 0.17210885 0.89162796 -0.67943412
v 0.32872423 0.90002852 -0.67161625
v 0.35838225 0.89214146 -0.67461144
v 0.38889476 0.88609767 -0.67306077
v 0.41940605 0.88367164 -0.66656851
v 0.44720584 0.87505728 -0.66573542
v -0.48226794 0.84813141 -0.66701209
v -0.45214334 0.86385715 -0.66636747
v 0.48160594 0.85617029 -0.67076677
v 0.51315701 0.85015147 -0.66279047
v -0.53886568 0.81365418 -0.66862249
v -0.51204121 0.82761251 -0.67145431
v 0.54220593 0.82211232 -0.6717289
v 0.57271623 0.81753414 -0.65701091
v -0.57296228 0.78925502 -0.66877913
v 0.57592546 0.79540562 -0.67289984
v 0.60285538 0.79169714 -0.65855538
v -0.63571846 0.74773061 -0.66404444
v -0.60723781 0.76472294 -0.66655349
v 0.61120766 0.76392203 -0.6757161
v 0.63860988 0.75974762 -0.66359752
v -0.85257595 0.71642684 -0.66440266
v -0.8288055 0.72138577 -0.66655844
v -0.79914897 0.72182834 -0.66854554
v -0.76737165 0.72190845 -0.6674869
v -0.7330501 0.7233417 -0.66586053
v -0.70044171 0.72499901 -0.66920316
v -0.66829001 0.7330774 -0.66708248
v 0.6709724 0.74123227 -0.66592192
v 0.69978392 0.72480398 -0.66966855
v -0.91970801 0.69117653 -0.6775279
v -0.88255298 0.69999235 -0.67268455
v 0.73136818 0.70253944 -0.6695503
v -0.97475445 0.66640281 -0.68324124
v -0.94770264 0.67488485 -0.67954081
v -0.92001104 0.675637 -0.67439436
v -0.8881731 0.67215937 -0.67323666
v -0.85894393 0.6726799 -0.66577869
v 0.75367283 0.67669653 -0.66667091
v -0.98509103 0.64619004 -0.6873334
v -0.9528647 0.64963352 -0.68542021
v -0.9184035 0.65262985 -0.68393653
v -0.88634884 0.64961695 -0.68587923
v -0.85993933 0.64818465 -0.68466222
v -0.82170772 0.63895767 -0.67547816
v 0.76486146 0.64354842 -0.67231762
v -0.80080866 0.60945701 -0.67724013
v 0.77021414 0.61322128 -0.67269325
v -0.78692674 0.5838415 -0.67612147
v 0.77868175 0.58091968 -0.66710162
v -0.79376936 0.54594349 -0.66966652
v 0.7873649 0.5513153 -0.66628938
v -0.81450474 0.51404333 -0.66720473
v 0.79284805 0.52197933 -0.67312407
v -0.82829177 0.4873273 -0.67133593
v 0.80309921 0.48940694 -0.67336052
v -0.85309475 0.45131292 -0.66811263
v 0.81525945 0.45541864 -0.6694985
v -0.8798511 0.41685834 -0.66049861
v -0.85713541 0.42545136 -0.6796028
v 0.82150781 0.42320311 -0.67305064
v -0.89126443 0.38870751 -0.66441363
v 0.83115774 0.3891862 -0.67480313
v -0.90415167 0.36209005 -0.66511619
v 0.84775757 0.35543045 -0.6700313
v -0.91583001 0.33183968 -0.66814482
v 0.86191511 0.32323104 -0.67021387
v -0.9269613 0.29999563 -0.6716119
v 0.87411749 0.29320901 -0.6721037
v -0.93833839 0.26822602 -0.67234283
v 0.88541007 0.26380068 -0.67312717
v -0.94536149 0.23788376 -0.67406463
v 0.89598166 0.2333 -0.67219662
v -0.94876873 0.20691922 -0.67586356
v 0.90885478 0.20239093 -0.66480505
v -0.94991844 0.17517039 -0.67582929
v 0.91596841 0.17152181 -0.66559374
v -0.94951301 0.14372977 -0.67527294
v 0.92286944 0.140173 -0.6684221
v -0.95084583 0.11015085 -0.67455375
v 0.93593275 0.10746511 -0.66563665
v -0.9557389 0.07705569 -0.67417037
v 0.9462167 0.07513403 -0.66937112
v -0.96046745 0.04741279 -0.67520606
v 0.95529675 0.04696095 -0.67111253
v -0.96140474 0.01672546 -0.6762166
v 0.95856046 0.01808424 -0.6726278
v -0.95676213 -0.01325901 -0.67274713
v 0.95285737 -0.01384917 -0.67310881
v -0.94145238 -0.04140736 -0.66909754
v 0.94077193 -0.04135591 -0.66846144
v -0.91236841 -0.06443661 -0.67215031
v -0.88551509 -0.07997842 -0.67525434
v 0.88730347 -0.07908929 -0.67418223
v 0.91649544 -0.06428116 -0.66634839
v -0.85974335 -0.09469418 -0.67484164
v -0.83331751 -0.10743829 -0.67549848
v -0.80221629 -0.11996457 -0.67418193
v 0.80242836 -0.11957745 -0.67448574
v 0.83377707 -0.10711959 -0.67515319
v 0.86064553 -0.09391926 -0.67508339
v -0.76689404 -0.13191616 -0.67166829
v -0.7312473 -0.1430332 -0.67105478
v 0.73118478 -0.14323411 -0.6704548
v 0.76697289 -0.13185851 -0.67172962
v -0.69439601 -0.15590123 -0.67403662
v -0.66692018 -0.16652229 -0.6750918
v -0.64153295 -0.17360186 -0.67480558
v -0.6136173 -0.17860889 -0.6765232
v 0.60982489 -0.18009543 -0.67470192
v 0.63930767 -0.17368286 -0.67413765
v 0.66677546 -0.16644166 -0.67341494
v 0.69465649 -0.15602818 -0.67261004
v -0.57995379 -0.18908911 -0.67293518
v -0.5457502 -0.20435021 -0.66930359
v 0.54357755 -0.20550945 -0.66858601
v 0.57694661 -0.19120355 -0.67075991
v -0.51381862 -0.2186549 -0.67365795
v -0.48501944 -0.23109851 -0.67746537
v -0.45596775 -0.24321325 -0.67443764
v -0.26557445 -0.24487887 -0.66586786
v -0.23262342 -0.24254171 -0.66772306
v -0.202055 -0.24283516 -0.66857987
v -0.17284509 -0.24509459 -0.66924595
v 0.1713716 -0.24542427 -0.66878175
v 0.20415914 -0.24294512 -0.66741442
v 0.23305252 -0.24238197 -0.6674841
v 0.26439791 -0.24430412 -0.66697645
v 0.45424217 -0.24366882 -0.67500352
v 0.48338258 -0.23175412 -0.6772865
v 0.51351088 -0.21900373 -0.67233723
v -0.42275899 -0.25524303 -0.66838693
v -0.39157834 -0.2616561 -0.67033952
v -0.36053267 -0.26144191 -0.67123639
v -0.32974535 -0.25559952 -0.66780531
v -0.2979176 -0.25033479 -0.66309142
v -0.14053998 -0.25066459 -0.66611766
v -0.10637756 -0.25701049 -0.66720098
v -0.07258819 -0.26607376 -0.66675829
v 0.05121544 -0.27188742 -0.67079275
v 0.07756133 -0.26249131 -0.6714282
v 0.1036216 -0.25658619 -0.67027765
v 0.13574911 -0.25090956 -0.66827142
v 0.29734391 -0.25010585 -0.66346705
v 0.32956871 -0.25554585 -0.66770553
v 0.36042982 -0.26138165 -0.67104554
v 0.39146572 -0.26163393 -0.67002141
v 0.42215868 -0.25536444 -0.66827738
v -0.03851018 -0.27941191 -0.66458863
v -0.00939455 -0.28807291 -0.66518211
v 0.01951392 -0.28368085 -0.67031681
v -0.26114267 0.90923821 -0.69503903
v -0.2278445 0.91598016 -0.69570326
v -0.19630891 0.91881692 -0.69787287
v -0.16497841 0.91990089 -0.69870448
v -0.13448955 0.91929739 -0.69765573
v -0.10594482 0.91615879 -0.69629132
v -0.08065107 0.91328388 -0.69365739
v -0.05257603 0.91017413 -0.69022327
v -0.3540968 0.87400358 -0.70125186
v -0.32606631 0.884166 -0.70140343
v -0.29616755 0.89397418 -0.70147866
v -0.04882971 0.8879193 -0.70910561
v -0.02229725 0.89323103 -0.69829464
v 0.01465947 0.88666713 -0.69617289
v 0.04630661 0.88289785 -0.69391793
v 0.0782651 0.87978482 -0.69255864
v 0.10976485 0.87964701 -0.69035953
v 0.14562024 0.87990188 -0.68899327
v 0.19924373 0.88062661 -0.68876647
v 0.23456458 0.88134127 -0.68968045
v 0.26799225 0.87931096 -0.69309467
v 0.30077716 0.87988519 -0.69305932
v 0.3301872 0.87721389 -0.69457292
v 0.35747367 0.87336611 -0.69453889
v -0.44738113 0.84184885 -0.69302052
v -0.42100721 0.85220414 -0.69496244
v -0.38768774 0.86009943 -0.70170438
v 0.10735469 0.85476315 -0.71029251
v 0.1391882 0.85850894 -0.70614385
v 0.17111852 0.86118686 -0.70397615
v 0.20209249 0.85555756 -0.70936816
v 0.2364518 0.85416531 -0.71270811
v 0.35785087 0.85613536 -0.71114802
v 0.3857187 0.8583216 -0.7025057
v 0.42088532 0.85349738 -0.6963557
v 0.44739559 0.84408462 -0.69527757
v -0.47906726 0.82247471 -0.69562304
v 0.47984039 0.82359397 -0.70069938
v 0.51025801 0.81691151 -0.69284468
v -0.53993523 0.78417438 -0.69676625
v -0.51251047 0.79923796 -0.69942939
v 0.54118168 0.79317152 -0.69588911
v -0.57348287 0.75858724 -0.69782161
v 0.5772885 0.76629567 -0.69509828
v -0.63801699 0.71964639 -0.69460415
v -0.60864603 0.73382389 -0.69630253
v 0.60916745 0.7316994 -0.70229893
v 0.64160752 0.7229371 -0.6934995
v 0.6726439 0.71651113 -0.69053053
v -0.92136251 0.68690538 -0.69647592
v -0.88653016 0.69307357 -0.69832164
v -0.85314607 0.69962382 -0.69744169
v -0.82260799 0.70182776 -0.69842308
v -0.79113012 0.70205974 -0.69941914
v -0.75971329 0.70234155 -0.69971716
v -0.72918856 0.701738 -0.69995629
v -0.70164752 0.70055061 -0.70217335
v -0.6724174 0.70552516 -0.69973754
v 0.67472291 0.69559967 -0.70727062
v 0.70089674 0.70204782 -0.69549775
v 0.7259233 0.69078284 -0.69224965
v -0.98100686 0.6602441 -0.70232361
v -0.95110625 0.67184305 -0.70045447
v 0.70887279 0.6749202 -0.71216547
v 0.73328721 0.66757381 -0.70031857
v -1.01279246 0.63515508 -0.70351779
v -0.92064249 0.63264697 -0.70582425
v -0.88772153 0.6379528 -0.70655602
v -0.85952842 0.63755089 -0.70689976
v 0.74653732 0.64238232 -0.69916367
v -1.0713315 0.60161608 -0.71308052
v -1.04663145 0.61003744 -0.71085161
v -1.01861941 0.6052947 -0.71313035
v -0.98606973 0.61801862 -0.7073946
v -0.9531812 0.62350583 -0.7081893
v -0.8222447 0.62594449 -0.70194673
v -0.79562532 0.6074177 -0.70249176
v 0.75126183 0.61565434 -0.69764405
v -1.07781457 0.58438837 -0.71952623
v -1.0486027 0.59078246 -0.71602791
v -0.76828318 0.58728689 -0.70281362
v 0.7557469 0.58188998 -0.69415462
v -0.76453548 0.54805094 -0.70300388
v 0.75904607 0.55086135 -0.69925677
v -0.78599119 0.51269435 -0.69909197
v 0.7706294 0.5178945 -0.7023909
v -0.80240452 0.48494097 -0.70032221
v 0.78324401 0.48440188 -0.70192313
v -0.82008409 0.45572871 -0.70018696
v 0.79296588 0.44786042 -0.70351874
v -0.83536219 0.42517238 -0.70223236
v 0.79969561 0.41979369 -0.70520138
v -0.85613238 0.39504492 -0.6977334
v 0.80993318 0.39121174 -0.70358133
v -0.87650466 0.36163765 -0.6948812
v -0.85593962 0.36443242 -0.71436989
v 0.82609534 0.3603307 -0.69751489
v -0.88767701 0.32865041 -0.70067107
v 0.83950901 0.32739019 -0.69897162
v -0.90388643 0.29655832 -0.7000631
v 0.85030722 0.29752206 -0.70317089
v -0.914276 0.26800191 -0.70174861
v 0.86319625 0.26664626 -0.70388925
v -0.91895866 0.23845544 -0.70743346
v 0.87503862 0.23507039 -0.70313584
v -0.92296731 0.20721513 -0.70983946
v 0.88447052 0.20363366 -0.7023797
v -0.92644435 0.17524534 -0.70798915
v 0.88963419 0.17382669 -0.70577877
v -0.9274708 0.14391273 -0.70621728
v 0.89708232 0.14239594 -0.70692569
v -0.93068718 0.11076167 -0.70328974
v 0.91102629 0.10853824 -0.70204842
v -0.93764197 0.07827386 -0.69994938
v 0.92323768 0.07603585 -0.70168817
v -0.9424175 0.04868995 -0.70067942
v 0.93585407 0.04410971 -0.69873911
v -0.94328254 0.01845111 -0.70182329
v 0.93928599 0.01504565 -0.69863987
v -0.93701297 -0.01102982 -0.7005248
v 0.93055462 -0.01418485 -0.70223367
v -0.91547572 -0.03965943 -0.70232397
v 0.91472458 -0.0408927 -0.70129632
v -0.8847779 -0.06624095 -0.702322
v -0.85756903 -0.08078149 -0.70774084
v 0.85820841 -0.08139035 -0.70584619
v 0.88614183 -0.06626797 -0.70080673
v -0.8296383 -0.09587778 -0.70831048
v -0.8001154 -0.11041361 -0.70467567
v 0.80044043 -0.11007438 -0.70441174
v 0.83010977 -0.09662756 -0.70552372
v -0.7659415 -0.1231686 -0.70156383
v -0.73290234 -0.13307216 -0.70128387
v -0.70137858 -0.14211168 -0.70326924
v -0.67341882 -0.15127283 -0.70133352
v 0.67428952 -0.15103864 -0.70086395
v 0.70177614 -0.14228752 -0.70243531
v 0.73268067 -0.13328625 -0.70099937
v 0.76585447 -0.12301415 -0.70179379
v -0.64481151 -0.15825641 -0.70216411
v -0.61365783 -0.16445988 -0.70629966
v -0.58151191 -0.17568096 -0.70387458
v 0.58011144 -0.17689257 -0.7031697
v 0.60971999 -0.16637489 -0.70484703
v 0.64293634 -0.15818099 -0.70328092
v -0.54892075 -0.19039832 -0.70181876
v -0.51558053 -0.20572254 -0.70463562
v 0.51593935 -0.20553952 -0.70471942
v 0.54941099 -0.19010843 -0.7026878
v -0.48271599 -0.2205609 -0.70804697
v -0.45183271 -0.23561863 -0.70369792
v -0.32924136 -0.24205534 -0.70320713
v -0.29735291 -0.23600374 -0.70162904
v -0.26482358 -0.23345516 -0.70077461
v -0.23274081 -0.23244996 -0.70178961
v -0.20279105 -0.2327701 -0.70309352
v -0.17343327 -0.23522464 -0.70230269
v -0.13979624 -0.24093301 -0.6983025
v 0.13754923 -0.24118466 -0.69895219
v 0.17348849 -0.23562389 -0.70081949
v 0.20541444 -0.2331891 -0.70084703
v 0.23387315 -0.23259374 -0.70087653
v 0.2644523 -0.23324358 -0.7011193
v 0.29711228 -0.23595711 -0.70159971
v 0.32906127 -0.24202364 -0.70306146
v 0.45108789 -0.23542702 -0.70538735
v 0.48170179 -0.22124013 -0.70766812
v -0.41950148 -0.24933336 -0.69926357
v -0.39060336 -0.25475651 -0.70342981
v -0.36013162 -0.25120085 -0.70379817
v -0.10385328 -0.24771088 -0.69720172
v -0.07232613 -0.25440859 -0.70073545
v -0.04001155 -0.26653862 -0.70122575
v -0.00899382 -0.27630883 -0.69929963
v 0.02126204 -0.27340439 -0.70227199
v 0.04900872 -0.26305657 -0.7016921
v 0.07311789 -0.25394088 -0.70092916
v 0.10138092 -0.2480231 -0.69859129
v 0.35998207 -0.25114604 -0.70365917
v 0.3905783 -0.25468719 -0.70328402
v 0.41939991 -0.24909101 -0.69982969
v -0.25985574 0.88108551 -0.72746402
v -0.22807434 0.88699877 -0.72816211
v -0.19688327 0.89005798 -0.72879189
v -0.16669586 0.89108949 -0.72839677
v -0.1371085 0.88912367 -0.72755682
v -0.10642737 0.88389968 -0.72668921
v -0.07878468 0.88168525 -0.72208797
v -0.35573762 0.84691393 -0.72985285
v -0.3262245 0.85486632 -0.73345387
v -0.29497015 0.86689215 -0.73221564
v -0.04759446 0.85627663 -0.73621904
v -0.01659261 0.85438811 -0.73000454
v 0.01430782 0.84973144 -0.72689777
v 0.04424441 0.84620863 -0.72427803
v 0.07697964 0.84859836 -0.71783292
v 0.27155011 0.84991371 -0.71913182
v 0.30104842 0.84923148 -0.72125142
v 0.33356934 0.84757733 -0.72225344
v -0.4461559 0.81291121 -0.72291392
v -0.42129257 0.82217741 -0.72584086
v -0.38815519 0.83379972 -0.72942626
v 0.0771898 0.82322686 -0.73890954
v 0.10944455 0.82775855 -0.73220282
v 0.13931761 0.82724863 -0.73150837
v 0.1681963 0.8254075 -0.7330687
v 0.19913306 0.82507729 -0.73442089
v 0.2344172 0.82761836 -0.73490786
v 0.26927614 0.82787197 -0.73786836
v 0.29990655 0.82726341 -0.74064093
v 0.35907739 0.83456599 -0.73159492
v 0.39059773 0.82555151 -0.73292899
v 0.42190408 0.82279324 -0.72526544
v 0.45089185 0.81681782 -0.7189036
v -0.47620302 0.79318362 -0.72555255
v 0.45350661 0.79705101 -0.73559451
v 0.4784367 0.79581403 -0.72539317
v 0.51034903 0.7885819 -0.71638095
v -0.5448116 0.75391912 -0.72126638
v -0.51503849 0.76770114 -0.72694885
v 0.51295334 0.76422405 -0.73477244
v 0.54208588 0.76546025 -0.71745955
v -0.5728023 0.726534 -0.7272576
v -0.54950791 0.7313472 -0.73855209
v 0.54581093 0.73299181 -0.74055016
v 0.57620799 0.73390734 -0.72096318
v -0.63594579 0.68914061 -0.72190558
v -0.60956943 0.70145267 -0.72469383
v 0.57604348 0.70366704 -0.74353706
v 0.60709512 0.69957548 -0.72705781
v 0.63990998 0.69359457 -0.71711903
v -0.9186002 0.65986478 -0.72178149
v -0.88495791 0.66622471 -0.72158718
v -0.85287618 0.66944116 -0.72146248
v -0.82264745 0.66957998 -0.72184062
v -0.79073286 0.66988372 -0.72233915
v -0.7589156 0.67079925 -0.72258508
v -0.72865492 0.67029529 -0.72237169
v -0.69800472 0.6705951 -0.72420322
v -0.66276085 0.67203199 -0.72777664
v -0.6381495 0.66818654 -0.73827719
v 0.64397704 0.66694688 -0.73321718
v 0.67878365 0.66990745 -0.72281557
v -1.01465892 0.62873303 -0.7258979
v -0.98245483 0.63896507 -0.7256186
v -0.94658565 0.6433196 -0.72658717
v -0.92164051 0.64007109 -0.7296614
v -0.89319437 0.64192014 -0.72560811
v -0.85766565 0.645953 -0.72447991
v -0.82302331 0.64048463 -0.72464597
v -0.79444742 0.64255011 -0.72778558
v -0.76283574 0.64221924 -0.7275592
v -0.73162198 0.64056932 -0.72882819
v -0.69740194 0.64225399 -0.73501336
v 0.67748946 0.64001852 -0.73685514
v 0.70742285 0.6427232 -0.72632944
v 0.72800147 0.63903206 -0.71596646
v -1.07705128 0.59703135 -0.73029422
v -1.04133141 0.60820049 -0.73206466
v -1.013556 0.60977768 -0.73559844
v -0.98734062 0.6121332 -0.73012423
v -0.95365673 0.61910665 -0.72705352
v -0.92519414 0.62807261 -0.72502052
v -0.7987343 0.62564885 -0.72212249
v -0.76977896 0.61531674 -0.71929168
v -0.7378692 0.60991907 -0.72664535
v -0.70328104 0.61127638 -0.74095773
v 0.70286595 0.60907971 -0.73607635
v 0.72582042 0.61071527 -0.72094988
v -1.1051743 0.57349342 -0.73302388
v -1.04752993 0.57625484 -0.73811548
v -1.02086424 0.59106409 -0.73755693
v -0.7318387 0.58089798 -0.72860854
v 0.72608977 0.57786601 -0.72420322
v -1.13004672 0.54341232 -0.74325001
v -1.11218011 0.54476463 -0.74333167
v -1.07920646 0.56283813 -0.73995709
v -0.73348784 0.54765629 -0.73549151
v 0.7302978 0.5477575 -0.73027747
v -1.13546252 0.51814544 -0.75212532
v -0.75851666 0.51149338 -0.7307477
v 0.74837118 0.51454001 -0.72949945
v -0.77967804 0.47943067 -0.72896885
v 0.76063841 0.48314505 -0.73093861
v -0.79415535 0.45054379 -0.73095834
v 0.77152615 0.44651985 -0.73291313
v -0.81000733 0.42016679 -0.73096573
v 0.78034663 0.41993159 -0.73208236
v -0.82249045 0.39383199 -0.73222899
v 0.79080832 0.38946047 -0.73153054
v -0.83486557 0.3628079 -0.73589831
v 0.79133772 0.36255461 -0.74450659
v 0.80876749 0.35908836 -0.72274303
v -0.85535752 0.33299493 -0.73119431
v 0.8182376 0.32516372 -0.7296561
v -0.87497705 0.29332941 -0.73195916
v 0.83027398 0.29422923 -0.73296141
v -0.88484805 0.26519578 -0.73523265
v 0.84406358 0.26348257 -0.7328825
v -0.89419412 0.23599365 -0.73695141
v 0.85438424 0.23475898 -0.73395085
v -0.90050715 0.20651912 -0.73711538
v 0.86168539 0.20519985 -0.73626452
v -0.90587317 0.17478063 -0.73394972
v 0.86870157 0.17525318 -0.73693347
v -0.90838331 0.14336586 -0.73134172
v 0.87811321 0.14449752 -0.73441046
v -0.91121989 0.11068804 -0.72961342
v 0.89251291 0.11141723 -0.72771
v -0.91467356 0.07853283 -0.73082935
v 0.90429461 0.07929604 -0.72612905
v -0.91576576 0.04875957 -0.73518639
v 0.91338241 0.04497607 -0.72715657
v -0.91639244 0.01646065 -0.73423731
v 0.91587662 0.0148384 -0.72802901
v -0.91172707 -0.01451486 -0.7288692
v 0.90817737 -0.01361652 -0.72974765
v -0.88734632 -0.04139959 -0.73309099
v 0.88687491 -0.04232418 -0.73210197
v -0.85592055 -0.06676775 -0.73389756
v -0.82691848 -0.08198193 -0.73854821
v 0.82630455 -0.08306495 -0.73778533
v 0.85556733 -0.06790636 -0.73349845
v -0.7986269 -0.09755165 -0.73598921
v -0.765863 -0.11115455 -0.73381042
v 0.7657094 -0.1108995 -0.73433399
v 0.79826295 -0.09746016 -0.73631984
v -0.73082929 -0.1226734 -0.73303216
v -0.69945931 -0.13074447 -0.73504781
v -0.67038261 -0.13945098 -0.73191785
v -0.64282488 -0.14646853 -0.73202562
v -0.61168563 -0.15328146 -0.73719674
v 0.6358217 -0.14770384 -0.7342633
v 0.66898429 -0.13952967 -0.73267227
v 0.69928324 -0.13084763 -0.73493421
v 0.73064124 -0.1227121 -0.73309636
v -0.58065533 -0.16480352 -0.73380845
v -0.54996687 -0.17763051 -0.73275744
v 0.55064916 -0.17699278 -0.73409915
v 0.57760584 -0.16553965 -0.73525524
v 0.60265016 -0.15698045 -0.7353335
v -0.51668387 -0.19236481 -0.73472046
v -0.48250567 -0.20869183 -0.7368884
v 0.48366609 -0.20895829 -0.7351526
v 0.51833236 -0.1918286 -0.73456478
v -0.45147588 -0.22571764 -0.73413121
v -0.42186719 -0.23997463 -0.73202306
v -0.39344787 -0.24431082 -0.73451364
v -0.36150965 -0.23845756 -0.73359131
v -0.32836279 -0.23000851 -0.73251777
v -0.29524892 -0.22445082 -0.73440754
v -0.2632581 -0.22319182 -0.73256301
v -0.23330028 -0.22280345 -0.73247242
v -0.20364159 -0.22334596 -0.73304182
v -0.174093 -0.22539281 -0.73237073
v -0.14281608 -0.22910675 -0.73125469
v -0.10953646 -0.23334878 -0.73283362
v -0.07786147 -0.23977871 -0.73532629
v 0.07344695 -0.24261555 -0.73183506
v 0.10688593 -0.23502683 -0.73056149
v 0.14078521 -0.22993335 -0.72989159
v 0.17361885 -0.22582453 -0.73108983
v 0.20520988 -0.22342416 -0.73227763
v 0.23394793 -0.22277109 -0.73235797
v 0.26306325 -0.22315019 -0.73259425
v 0.29496941 -0.22444295 -0.73429966
v 0.32814291 -0.22996062 -0.73244416
v 0.36147069 -0.23848335 -0.73337954
v 0.3932994 -0.24420216 -0.73450171
v 0.42206037 -0.23998954 -0.73165369
v 0.45221322 -0.22546592 -0.73393333
v -0.04306552 -0.25575646 -0.73150908
v -0.0110872 -0.26907917 -0.72816014
v 0.01602888 -0.2688713 -0.72871142
v 0.04146404 -0.257586 -0.72892433
v -0.29616615 0.84298849 -0.75592851
v -0.26082587 0.8518424 -0.75708341
v -0.22953854 0.85462647 -0.76070582
v -0.20230796 0.85767585 -0.76072192
v -0.17540541 0.85817575 -0.76022332
v -0.14552256 0.85594356 -0.75930148
v -0.1122728 0.85187709 -0.75673908
v -0.07987654 0.85172689 -0.74881184
v -0.38443431 0.8118059 -0.75271499
v -0.3557685 0.81966602 -0.7568497
v -0.32484033 0.82596224 -0.76239371
v -0.29940101 0.82351493 -0.77298402
v -0.07875265 0.82777506 -0.76963973
v -0.04850584 0.82716834 -0.76189124
v -0.01831645 0.82228577 -0.75811779
v 0.01081539 0.82026046 -0.75272083
v 0.0414976 0.81745249 -0.74906456
v 0.33255258 0.82043218 -0.74736732
v 0.35902208 0.81190323 -0.75293576
v -0.44554993 0.78424 -0.75005918
v -0.41278353 0.79435229 -0.75616055
v -0.38450902 0.79417526 -0.7686702
v 0.01366329 0.79643064 -0.77324485
v 0.04505295 0.79260903 -0.77024972
v 0.07793554 0.79494041 -0.76312834
v 0.11033447 0.79522681 -0.75996887
v 0.14225754 0.79317492 -0.76051068
v 0.17120355 0.79192256 -0.76162189
v 0.19956699 0.79363584 -0.76135265
v 0.23276461 0.79565143 -0.76242506
v 0.26469013 0.79835861 -0.7633574
v 0.29513019 0.80099898 -0.76357722
v 0.32917213 0.79697573 -0.76802319
v 0.35884887 0.79523885 -0.76752716
v 0.38451716 0.79744654 -0.76044905
v 0.41935932 0.79483115 -0.75158327
v -0.47354853 0.76242518 -0.7549839
v -0.44796189 0.76395583 -0.76672548
v 0.45088887 0.76699709 -0.7627933
v 0.48098772 0.76483035 -0.75050336
v -0.52221787 0.73194217 -0.75473487
v 0.51488447 0.73226374 -0.75885677
v -0.57474011 0.68975508 -0.75918591
v -0.54850733 0.70763939 -0.760643
v 0.54545402 0.70145809 -0.76466822
v -0.60936152 0.67149335 -0.75176501
v 0.5785427 0.66921436 -0.76720666
v 0.61202883 0.66695356 -0.74760317
v -0.6643238 0.63831293 -0.74740696
v -0.63691729 0.636092 -0.76365137
v 0.61150521 0.63816589 -0.76728403
v 0.64376771 0.63950097 -0.7485767
v -0.67035722 0.60873723 -0.76173561
v 0.64209944 0.60797691 -0.76697075
v 0.67410904 0.60848891 -0.74935472
v -1.1084423 0.56319856 -0.75652873
v -1.07794284 0.5746144 -0.75362014
v -1.05081987 0.57761603 -0.75040388
v -0.70003867 0.57851296 -0.75519317
v 0.6724776 0.57550859 -0.7653225
v 0.69974017 0.57349312 -0.74777269
v -1.13612246 0.53996276 -0.76073062
v -1.08323431 0.55184787 -0.76135003
v -0.70715844 0.54697585 -0.76542943
v 0.70185017 0.54374831 -0.75889957
v -1.15645563 0.5129497 -0.76522636
v -1.1145147 0.52101528 -0.7640804
v -0.73025119 0.51388335 -0.76354014
v 0.7198252 0.51295852 -0.75982451
v -1.16382181 0.48660543 -0.77286583
v -1.1439718 0.48701387 -0.77059376
v -1.12834429 0.49609419 -0.77664196
v -0.75260698 0.4794901 -0.76166337
v 0.73222017 0.48351794 -0.76265293
v -1.17018318 0.45965361 -0.78455126
v -0.76701962 0.44899928 -0.76340013
v 0.74822795 0.44867226 -0.76065993
v -0.78229552 0.41779467 -0.76261538
v 0.75776207 0.41986918 -0.76140737
v -0.79287922 0.38919514 -0.76543486
v 0.76546883 0.39301866 -0.7634176
v -0.80924248 0.35665673 -0.76430094
v 0.77322471 0.36255887 -0.76824641
v -0.82554274 0.32583177 -0.76373708
v 0.79043322 0.3321616 -0.76253837
v -0.84408211 0.29094058 -0.76336479
v 0.8095299 0.29170233 -0.7619276
v -0.85712456 0.26194858 -0.7643544
v 0.82211601 0.26043409 -0.76384264
v -0.87442773 0.23129782 -0.75957655
v 0.83386939 0.23364421 -0.76296198
v -0.87983411 0.20525547 -0.76072424
v 0.84268695 0.2038013 -0.76365929
v -0.88181412 0.17409364 -0.76227039
v 0.85123837 0.17030546 -0.76345753
v -0.88310647 0.14207044 -0.76242208
v 0.86200541 0.13695508 -0.76006692
v -0.88494527 0.10995852 -0.76266741
v 0.87371933 0.10471699 -0.75633043
v -0.88627171 0.07755863 -0.76624548
v 0.88162368 0.0754621 -0.75768375
v -0.88695395 0.04717128 -0.76955276
v 0.88552022 0.04498769 -0.76226735
v -0.88757568 0.01521745 -0.76626539
v 0.88640296 0.01604397 -0.76245886
v -0.88323915 -0.01507852 -0.75881135
v 0.87948691 -0.01328124 -0.76024031
v -0.85782766 -0.04223709 -0.76234197
v 0.85456472 -0.04525224 -0.76221108
v -0.82453644 -0.06797941 -0.76428055
v -0.79548966 -0.08266521 -0.76821589
v 0.7942326 -0.0840651 -0.76690167
v 0.82279753 -0.07059738 -0.76318371
v -0.76583731 -0.09603339 -0.76807701
v -0.7326855 -0.10864348 -0.76720738
v -0.69976872 -0.11831681 -0.7687301
v 0.69976031 -0.11830932 -0.76868116
v 0.73250645 -0.10866015 -0.76730024
v 0.76526439 -0.09637054 -0.7678374
v -0.66705191 -0.12862289 -0.76514709
v -0.63978719 -0.13655507 -0.76276314
v -0.61075413 -0.14317753 -0.76703214
v 0.57929325 -0.15202456 -0.76996099
v 0.60646194 -0.1434264 -0.76997107
v 0.63586056 -0.13616439 -0.76683116
v 0.66645252 -0.128468 -0.76585364
v -0.58020025 -0.1536155 -0.76475536
v -0.55010038 -0.16436502 -0.76549863
v -0.51678329 -0.1782152 -0.76657152
v 0.51650393 -0.17865619 -0.7655301
v 0.54817557 -0.16503888 -0.76568651
v -0.48372447 -0.19420547 -0.7668184
v -0.45360514 -0.2110774 -0.76471138
v -0.29328924 -0.2142916 -0.76296788
v -0.26104819 -0.21172657 -0.76610398
v -0.23090039 -0.21082691 -0.767789
v -0.2006596 -0.21196684 -0.76664567
v -0.17087207 -0.21448384 -0.76400864
v 0.17125743 -0.21478809 -0.76297807
v 0.20178094 -0.21195754 -0.76634168
v 0.23105792 -0.21077369 -0.76782316
v 0.26071143 -0.21171343 -0.76606679
v 0.29300704 -0.21426624 -0.76292562
v 0.45457279 -0.21100163 -0.76367813
v 0.48480314 -0.19430145 -0.76527738
v -0.42416608 -0.22561192 -0.76225733
v -0.39558792 -0.23082611 -0.76045715
v -0.36285075 -0.22539894 -0.75927346
v -0.32767802 -0.21951568 -0.75756281
v -0.14136786 -0.2179515 -0.76127052
v -0.11070664 -0.22113293 -0.76227152
v -0.07809679 -0.22820641 -0.76204192
v 0.07518984 -0.22988081 -0.76024866
v 0.11003479 -0.22160697 -0.76157993
v 0.14084406 -0.21824991 -0.76069176
v 0.32783937 -0.21958759 -0.75730431
v 0.36252042 -0.22550183 -0.75879168
v 0.39409679 -0.2301606 -0.7612487
v 0.42410004 -0.22582858 -0.7615571
v -0.04130856 -0.24548776 -0.75617563
v -0.00973012 -0.25766775 -0.75684791
v 0.01399291 -0.25861632 -0.75606596
v 0.03834797 -0.2476754 -0.75493276
v -0.26409295 0.82320201 -0.78283464
v -0.23121261 0.82045698 -0.79182648
v -0.20385894 0.82358813 -0.79193139
v -0.17632514 0.82372999 -0.79139071
v -0.14532275 0.82143151 -0.79012507
v -0.11323578 0.82239627 -0.78318512
v -0.35577732 0.79344511 -0.78056848
v -0.32916319 0.79371804 -0.78967142
v -0.3001877 0.79725325 -0.79572969
v -0.26660427 0.79665952 -0.80542045
v -0.08231328 0.79926824 -0.79598033
v -0.05124385 0.79479372 -0.79155397
v -0.01470697 0.78932094 -0.78670001
v -0.41597586 0.76499116 -0.78045678
v -0.38517516 0.76643782 -0.79220968
v -0.35576111 0.76568323 -0.80401337
v 0.01502344 0.7739982 -0.79358756
v 0.04637165 0.76237428 -0.79814785
v 0.07750952 0.76142573 -0.79418003
v 0.1113211 0.76093196 -0.79148906
v 0.14415177 0.75967711 -0.79126799
v 0.17469328 0.75968921 -0.79123675
v 0.20219782 0.76122033 -0.79106766
v 0.23385703 0.76019156 -0.79476642
v 0.26398271 0.76185417 -0.79634463
v 0.29445323 0.76797175 -0.79309475
v 0.327647 0.76866912 -0.79289066
v 0.3594923 0.76650512 -0.79239404
v 0.38780844 0.76231759 -0.79062485
v 0.41704994 0.76151174 -0.78172397
v -0.48295581 0.72678524 -0.78134232
v -0.45356577 0.73377418 -0.78985256
v -0.42035305 0.73554742 -0.80328309
v 0.44984859 0.73192572 -0.79236304
v 0.47986361 0.73204326 -0.77774447
v -0.54333347 0.686383 -0.7837311
v -0.5146107 0.69992244 -0.78813928
v -0.48968213 0.70133197 -0.80015254
v 0.48020568 0.70172244 -0.80127543
v 0.51272273 0.69893604 -0.78570514
v -0.56507682 0.66485512 -0.78920924
v -0.54175686 0.66790413 -0.80185735
v 0.54493778 0.66752481 -0.78990912
v -0.60409605 0.64083999 -0.78280162
v 0.57802087 0.63747835 -0.79007631
v -0.63674581 0.6052469 -0.79015767
v 0.60890549 0.60585761 -0.79064744
v -0.67295503 0.57431161 -0.78270757
v 0.64135503 0.57613021 -0.78712654
v -1.13330483 0.52821046 -0.78242206
v -1.10938656 0.53872001 -0.77750146
v -0.68673479 0.54335451 -0.79255551
v 0.64349693 0.54706567 -0.80396789
v 0.67534303 0.5418781 -0.78256559
v -1.15453314 0.510396 -0.78444242
v -1.13686513 0.51240479 -0.790587
v -1.12185812 0.51343464 -0.78629976
v -0.70656997 0.51358282 -0.79448461
v 0.67062592 0.51667499 -0.80120348
v 0.69335198 0.51329433 -0.78428655
v -1.16815686 0.47959566 -0.79248631
v -1.13966548 0.49158114 -0.79188978
v -0.72492569 0.48222515 -0.79549348
v 0.70234346 0.48332059 -0.79205304
v -1.18778419 0.44714334 -0.79801571
v -1.15530753 0.46101826 -0.79351711
v -0.73987269 0.45213341 -0.79608982
v 0.7204169 0.45241826 -0.7893787
v -1.19403457 0.42088785 -0.80438482
v -1.17453551 0.42941469 -0.80032014
v -0.75272452 0.42110607 -0.79684287
v 0.73257857 0.41988498 -0.79080295
v -1.19882082 0.38981735 -0.81228649
v -1.18330001 0.39359444 -0.81285315
v -0.76345598 0.38908541 -0.79924756
v 0.73049581 0.39515626 -0.80384171
v 0.74802172 0.39170873 -0.78548967
v -0.78079783 0.35479709 -0.79517072
v 0.75433576 0.35842338 -0.79329586
v -0.7946757 0.32327231 -0.79508036
v 0.76429271 0.32560774 -0.79802924
v -0.8121277 0.29085159 -0.79352033
v 0.78415298 0.29072302 -0.79371547
v -0.82671976 0.26325863 -0.7925263
v 0.79612249 0.26230043 -0.79515153
v -0.84663248 0.23181867 -0.78673154
v 0.81094163 0.23566553 -0.79103112
v -0.85120731 0.20615863 -0.79000127
v 0.81993323 0.20437569 -0.79292023
v -0.8524394 0.17466725 -0.79398524
v 0.82914096 0.16823077 -0.79344087
v -0.85424935 0.14235077 -0.7951951
v 0.84168982 0.13101886 -0.78918719
v -0.85633587 0.11247561 -0.79560256
v 0.8502866 0.09959353 -0.78872811
v -0.85906302 0.07967475 -0.79704022
v 0.85564637 0.07436864 -0.79061389
v -0.86224365 0.04684501 -0.7963413
v 0.85834354 0.0469386 -0.79327452
v -0.8594889 0.01563785 -0.7952367
v 0.85748922 0.01686247 -0.79322397
v -0.85023021 -0.01391287 -0.79182779
v 0.84916687 -0.01237194 -0.79165023
v -0.82433855 -0.04301344 -0.79327434
v 0.82343792 -0.04382 -0.79315555
v -0.79189074 -0.06937956 -0.79314422
v -0.7627604 -0.08189044 -0.79809808
v 0.76288259 -0.08151041 -0.79826116
v 0.7915461 -0.06985676 -0.79255056
v -0.73384666 -0.09320857 -0.79954123
v -0.70243585 -0.10403006 -0.80127549
v -0.66711604 -0.11637088 -0.79826545
v 0.66715455 -0.11597386 -0.79920697
v 0.70243513 -0.10392225 -0.80142056
v 0.73388785 -0.09299592 -0.79971098
v -0.63688898 -0.12655042 -0.79378902
v -0.61000311 -0.13220092 -0.79822909
v -0.58179199 -0.13971701 -0.80006849
v -0.55218792 -0.1491734 -0.80102533
v 0.57866275 -0.14049413 -0.80068779
v 0.60785019 -0.1324314 -0.79928195
v 0.63576787 -0.12567567 -0.79701912
v -0.51935589 -0.16214361 -0.80000311
v -0.48706108 -0.17669518 -0.79854416
v 0.48314285 -0.17861461 -0.79740047
v 0.51114445 -0.16656892 -0.79629546
v 0.54342258 -0.15402536 -0.79651802
v -0.45582732 -0.19174638 -0.79632508
v -0.42247909 -0.20521405 -0.79371142
v -0.39454037 -0.21069803 -0.79182064
v -0.36340683 -0.20781438 -0.79287266
v -0.32830455 -0.20543098 -0.79119217
v -0.29473772 -0.20311182 -0.79271662
v -0.26311677 -0.20150843 -0.79448771
v -0.23117914 -0.20046746 -0.79685235
v -0.19959899 -0.20117554 -0.79660654
v -0.16882161 -0.20272094 -0.79584813
v -0.1389846 -0.20502221 -0.79462528
v -0.10923828 -0.20762343 -0.79423248
v -0.07836377 -0.21232494 -0.79336643
v 0.07828892 -0.21202033 -0.79397845
v 0.11076861 -0.20623442 -0.79672789
v 0.14054346 -0.2043892 -0.79565882
v 0.17023986 -0.20266774 -0.79557353
v 0.20026946 -0.20112142 -0.79655748
v 0.23095566 -0.20044627 -0.79685664
v 0.26276654 -0.20150324 -0.7944386
v 0.29488143 -0.20314019 -0.79256314
v 0.32865446 -0.20561963 -0.79057699
v 0.36051011 -0.20770087 -0.79244792
v 0.38899657 -0.20911747 -0.79411602
v 0.42013675 -0.20507885 -0.79456532
v 0.45399013 -0.19247219 -0.79620909
v -0.04341974 -0.22313718 -0.7909708
v -0.00993824 -0.23031666 -0.79565501
v 0.01666798 -0.23171196 -0.79395437
v 0.04276931 -0.22447556 -0.79026812
v -0.23606988 0.78713411 -0.81976079
v -0.20736479 0.78770601 -0.82253396
v -0.17665417 0.79037165 -0.82039284
v -0.14436891 0.78860932 -0.81889116
v -0.11528175 0.79239612 -0.81029123
v -0.32688576 0.76142162 -0.81723785
v -0.29685482 0.76337647 -0.82467842
v -0.26465368 0.76665431 -0.83051538
v -0.11344237 0.76547741 -0.83388948
v -0.08290423 0.76927554 -0.82341361
v -0.05163175 0.76264196 -0.82126718
v -0.02053654 0.75651872 -0.8188045
v 0.01447911 0.74726933 -0.81929957
v -0.38791734 0.73455822 -0.81726861
v -0.35632422 0.73617136 -0.82751005
v 0.04689045 0.73281949 -0.82723075
v 0.07764502 0.7295854 -0.82598912
v 0.11177352 0.72846758 -0.82405173
v 0.1416267 0.72714459 -0.82391881
v 0.17156648 0.72764015 -0.82325804
v 0.20126229 0.72963821 -0.82237935
v 0.23430824 0.72860366 -0.82576322
v 0.26479566 0.72874426 -0.82791847
v 0.29685682 0.73343718 -0.82479894
v 0.32916295 0.73544311 -0.8222351
v 0.35902321 0.73301494 -0.82120382
v 0.38785082 0.72883409 -0.81850791
v 0.41850078 0.72772073 -0.80913621
v -0.45818716 0.70023244 -0.81633794
v -0.4223178 0.70288294 -0.82954663
v 0.41962128 0.70077717 -0.82956624
v 0.45155543 0.70207959 -0.81498497
v -0.51668644 0.66525298 -0.818488
v -0.48792353 0.67038834 -0.82844424
v 0.45302021 0.67246514 -0.83580607
v 0.48203748 0.67026031 -0.82327938
v 0.51320481 0.6648857 -0.81037986
v -0.56711399 0.6293956 -0.82113921
v -0.54345417 0.6376869 -0.82856112
v 0.51547455 0.6361463 -0.82912099
v 0.5458427 0.63720387 -0.81086504
v -0.60113012 0.60851079 -0.81539356
v 0.55001688 0.60640013 -0.82921505
v 0.57833582 0.60519796 -0.81218898
v -0.64084279 0.5698384 -0.81702816
v 0.58028477 0.57445627 -0.83103102
v 0.60882961 0.5735991 -0.81220281
v -0.66182947 0.53965735 -0.82347786
v 0.61222618 0.54460454 -0.82801687
v -0.68456542 0.50959986 -0.82481324
v 0.64105796 0.51660144 -0.82367199
v -0.70115339 0.48054492 -0.82713985
v 0.67021811 0.48356607 -0.81914615
v -1.17231369 0.4451873 -0.81345188
v -0.71741163 0.4525538 -0.82534593
v 0.68769204 0.45125287 -0.82057321
v -1.19225716 0.41663965 -0.82174229
v -1.17760753 0.41940927 -0.82038331
v -0.72780609 0.42314094 -0.82785546
v 0.69983077 0.4219563 -0.8231399
v -1.20417332 0.38548815 -0.82768285
v -1.18003904 0.39002406 -0.82963389
v -0.73935693 0.3924013 -0.82769691
v 0.7104246 0.39290601 -0.82590842
v -1.21595525 0.35306048 -0.83603274
v -1.20349979 0.35781943 -0.82946157
v -1.18901014 0.36517015 -0.83168816
v -0.75339168 0.35915797 -0.82452631
v 0.72593176 0.36636787 -0.8216201
v -1.22782933 0.32403338 -0.84250092
v -1.20856607 0.33685541 -0.83901768
v -0.76463788 0.32368391 -0.82590019
v 0.73552888 0.32776168 -0.82966285
v -0.78099238 0.29154661 -0.82259547
v 0.75601351 0.29274505 -0.82493889
v -0.79414546 0.26168763 -0.82278275
v 0.77028238 0.26140439 -0.82539928
v -0.81468677 0.23290857 -0.8158288
v -0.79424679 0.23526552 -0.83279711
v 0.78432953 0.23312367 -0.82306414
v -0.8195604 0.20386496 -0.82060778
v 0.79422092 0.20123775 -0.82484805
v -0.82261729 0.1731508 -0.82384085
v 0.80507612 0.16745327 -0.8236553
v -0.82658255 0.14182259 -0.82380086
v 0.81501317 0.13428701 -0.82134127
v -0.83000373 0.11257748 -0.82327759
v 0.82142293 0.10459153 -0.82218217
v -0.8351624 0.07621757 -0.82187974
v 0.82589268 0.07623781 -0.82388413
v -0.84420156 0.04705239 -0.81392014
v -0.82790029 0.04866462 -0.82880222
v 0.82718873 0.0461024 -0.8258174
v -0.83043408 0.02027338 -0.82243704
v 0.82418304 0.01476461 -0.82520014
v -0.81500077 -0.0132631 -0.82327914
v 0.81464934 -0.01321424 -0.8233236
v -0.7909671 -0.04180672 -0.82401484
v 0.79194033 -0.04106863 -0.82375288
v -0.7665826 -0.0633324 -0.82211279
v -0.73758411 -0.07282422 -0.8303731
v -0.70708811 -0.08616255 -0.83241468
v 0.70712876 -0.08610402 -0.83236873
v 0.73780053 -0.07255838 -0.8304131
v 0.7672497 -0.06264172 -0.82211554
v -0.6711148 -0.10033538 -0.83181273
v -0.63925612 -0.11248996 -0.82789593
v -0.61115711 -0.11959552 -0.83010548
v 0.63689982 -0.11349621 -0.82703173
v 0.67088818 -0.10050045 -0.83146494
v -0.58184516 -0.12730683 -0.83142817
v -0.55135786 -0.13626298 -0.83220922
v -0.52058535 -0.1463284 -0.83306688
v 0.54107755 -0.14164191 -0.82792443
v 0.57532334 -0.12974405 -0.83019793
v 0.60531127 -0.12238386 -0.82712215
v -0.48773655 -0.15932869 -0.83162426
v -0.45319131 -0.1746975 -0.82708966
v 0.45061999 -0.17563371 -0.82767128
v 0.48051774 -0.16342979 -0.8288818
v 0.50797271 -0.15369546 -0.82685571
v -0.41723626 -0.18796661 -0.82278353
v -0.39021021 -0.19271272 -0.82267141
v -0.36125877 -0.19211128 -0.82484686
v -0.32815054 -0.19206266 -0.82331335
v -0.29571288 -0.19187711 -0.82169014
v -0.26421833 -0.1915225 -0.82100218
v -0.23163148 -0.19086974 -0.82249426
v -0.20004923 -0.19119082 -0.82297122
v -0.16900017 -0.1920531 -0.82326972
v -0.13964058 -0.19302216 -0.82400286
v -0.11095476 -0.19408322 -0.82498526
v -0.08031296 -0.19563049 -0.82583469
v -0.04497834 -0.20028868 -0.82434511
v -0.01098958 -0.20295861 -0.82756769
v 0.01695651 -0.203608 -0.82669735
v 0.04386575 -0.20063939 -0.8242321
v 0.07926987 -0.19544157 -0.82599675
v 0.11109011 -0.19356116 -0.82592409
v 0.1402587 -0.19290688 -0.82406544
v 0.16952472 -0.1920652 -0.82308101
v 0.20002472 -0.19118776 -0.82293492
v 0.23131252 -0.19087722 -0.82244557
v 0.26403886 -0.1915194 -0.82094001
v 0.29615503 -0.19186697 -0.82160574
v 0.3286533 -0.19213438 -0.82304453
v 0.35845914 -0.19202491 -0.82482206
v 0.3861764 -0.19129765 -0.82507491
v 0.41645336 -0.18700033 -0.82519888
v -0.23528346 0.75721949 -0.84443414
v -0.20643681 0.7538461 -0.85088908
v -0.17635566 0.75986325 -0.84654092
v -0.14325736 0.76056057 -0.84314358
v -0.32322901 0.73083126 -0.84268689
v -0.29334759 0.72914427 -0.85292041
v -0.26530334 0.73525434 -0.85529959
v -0.2370013 0.7327063 -0.86328649
v -0.17588919 0.7337597 -0.86846184
v -0.1434499 0.73577213 -0.86475718
v -0.1123169 0.73875927 -0.85773313
v -0.08255831 0.73752546 -0.85282433
v -0.05200413 0.73071402 -0.85185563
v -0.02582335 0.72455751 -0.8513503
v 0.00962075 0.71915626 -0.84874063
v -0.38796556 0.70077705 -0.84440779
v -0.3574351 0.70531207 -0.85140347
v -0.32498395 0.70401716 -0.86264669
v 0.01284516 0.69866007 -0.86924195
v 0.04271554 0.7021954 -0.86014771
v 0.07877264 0.6994791 -0.85809725
v 0.11212407 0.69979935 -0.855062
v 0.14046663 0.69974315 -0.85377389
v 0.16982585 0.69865876 -0.85472947
v 0.2012045 0.69876909 -0.85531985
v 0.23333168 0.69817733 -0.85726732
v 0.26404088 0.6985085 -0.85767567
v 0.29795613 0.69924628 -0.85630345
v 0.33004587 0.69917345 -0.85399723
v 0.35779225 0.6992979 -0.84976804
v 0.38695383 0.70075953 -0.8411414
v -0.45468968 0.66742444 -0.84589439
v -0.4201157 0.66904902 -0.85819864
v 0.38899758 0.6724745 -0.86142742
v 0.41996368 0.67099225 -0.85086482
v -0.51669156 0.63288343 -0.84712111
v -0.48421222 0.63807755 -0.85793405
v 0.45081776 0.63998919 -0.85867929
v 0.48275268 0.63987278 -0.84373569
v -0.57023227 0.59655535 -0.84836107
v -0.54602301 0.60515999 -0.85528576
v 0.48671889 0.60940843 -0.86153161
v 0.52034997 0.60654479 -0.84593796
v -0.60314697 0.56853359 -0.84984147
v -0.57463443 0.57423239 -0.86416721
v 0.52101206 0.57760453 -0.86364209
v 0.55156278 0.57655656 -0.84724253
v -0.63555479 0.535609 -0.85223257
v 0.55191612 0.54604387 -0.86514413
v 0.58266848 0.54439055 -0.84769225
v -0.65742361 0.50948095 -0.85301065
v 0.58277511 0.51388508 -0.86473751
v 0.61126613 0.51391089 -0.84632283
v -0.67397964 0.48026999 -0.85713672
v 0.61049163 0.48194336 -0.86397391
v 0.63978374 0.4788509 -0.84527444
v -0.69272768 0.45185899 -0.85468554
v 0.63916635 0.45147904 -0.85963428
v 0.65829223 0.44998651 -0.84588277
v -0.70415163 0.4195199 -0.85829699
v 0.66972541 0.41796562 -0.85172885
v -1.19300293 0.38563907 -0.83887326
v -0.71737492 0.3899731 -0.85601735
v 0.68558907 0.38753843 -0.85202121
v -1.20373749 0.3576743 -0.84881389
v -1.18745756 0.36488425 -0.84359598
v -0.72748678 0.36018532 -0.85502529
v 0.69823497 0.36055347 -0.8524307
v -1.22887778 0.32351332 -0.85616558
v -1.21259903 0.33098596 -0.8513062
v -0.73596274 0.32468572 -0.85693109
v 0.71023929 0.32819879 -0.85589438
v -1.25817811 0.29114437 -0.86492121
v -1.23641157 0.30211627 -0.85789954
v -0.75181466 0.29296991 -0.85055685
v 0.72906827 0.29456013 -0.85261744
v -1.28588128 0.26226884 -0.87273854
v -1.2678225 0.26768752 -0.86904329
v -1.24653661 0.27803778 -0.86617577
v -0.76038885 0.26588445 -0.85127925
v 0.74722635 0.25842982 -0.85160946
v -0.76650136 0.23650386 -0.8559618
v 0.75787299 0.2296085 -0.85341912
v -0.79365575 0.20276239 -0.84366703
v -0.76741123 0.20438782 -0.86498284
v 0.76779186 0.199906 -0.85441458
v -0.79230898 0.17269256 -0.85152536
v 0.78073072 0.1673336 -0.85129725
v -0.79355895 0.14209224 -0.85455226
v 0.78630936 0.13876216 -0.8526963
v -0.79652065 0.11203071 -0.85484552
v 0.79122924 0.11219824 -0.85345429
v -0.80147051 0.0788394 -0.8527956
v 0.7946527 0.07994599 -0.85519647
v -0.80030691 0.0460987 -0.85306847
v 0.79418277 0.04598882 -0.85708797
v -0.79347312 0.01375433 -0.85245472
v 0.79093825 0.0131737 -0.85420054
v -0.78238242 -0.01396662 -0.85027432
v -0.76107895 -0.01596645 -0.86567783
v 0.76145243 -0.0162729 -0.86521083
v 0.78287577 -0.01399562 -0.8497858
v -0.76411569 -0.03742361 -0.8488692
v -0.73672819 -0.04683085 -0.8597567
v 0.73680436 -0.0469925 -0.85958236
v 0.76478385 -0.03732942 -0.84845131
v -0.70753908 -0.06541283 -0.86047804
v -0.6734566 -0.08217077 -0.86143499
v 0.6737411 -0.08216074 -0.86123859
v 0.7075417 -0.06547718 -0.86044561
v -0.64224785 -0.09526133 -0.8601154
v -0.61188423 -0.10480679 -0.86133825
v -0.57940244 -0.11490189 -0.86092603
v 0.57817363 -0.11531132 -0.86087673
v 0.61004233 -0.10592323 -0.85978412
v 0.64214181 -0.09554761 -0.8594256
v -0.54650616 -0.12464036 -0.8611418
v -0.51667445 -0.13330069 -0.86306774
v -0.48499089 -0.14471977 -0.86222779
v 0.48408052 -0.14648354 -0.86001884
v 0.51236081 -0.1367499 -0.85942602
v 0.5448389 -0.12599661 -0.85970294
v -0.45325174 -0.15721926 -0.86018437
v -0.4229632 -0.16631373 -0.85995686
v -0.39417862 -0.17243723 -0.85892665
v -0.36070087 -0.17584991 -0.85900819
v -0.32756191 -0.17673282 -0.85970389
v -0.2967447 -0.17659765 -0.85986602
v -0.26626509 -0.17675608 -0.85891282
v -0.23432782 -0.17707558 -0.85821843
v -0.20190355 -0.17774491 -0.85744625
v -0.16888022 -0.17852217 -0.85708224
v -0.13816693 -0.17902115 -0.85756886
v -0.10978346 -0.17941203 -0.85820394
v -0.07904607 -0.18077383 -0.85680818
v 0.07733096 -0.18082425 -0.85662627
v 0.10907444 -0.17941488 -0.85815286
v 0.13793212 -0.17890229 -0.85769826
v 0.16864892 -0.17844145 -0.85717666
v 0.20161981 -0.17775291 -0.85739678
v 0.23410183 -0.17709332 -0.85813844
v 0.26608818 -0.17675519 -0.85885465
v 0.29700049 -0.17658913 -0.85979437
v 0.32864168 -0.17671269 -0.85958796
v 0.36097288 -0.17594249 -0.85868907
v 0.39443314 -0.17283065 -0.85790431
v 0.42449393 -0.16695387 -0.85832428
v 0.45378705 -0.15799722 -0.85887897
v -0.04230781 -0.18501384 -0.85033512
v -0.01008869 -0.18644814 -0.84946602
v 0.01579953 -0.18657228 -0.8492344
v 0.04109267 -0.18502727 -0.8503592
v -0.20583647 0.72771418 -0.87183964
v -0.29231599 0.69938445 -0.87558496
v -0.26349216 0.70073568 -0.88178026
v -0.23762159 0.70367378 -0.88510644
v -0.20815025 0.70301401 -0.89059221
v -0.17804527 0.70586741 -0.89095389
v -0.14552366 0.70638835 -0.89000982
v -0.1134883 0.70655655 -0.88682234
v -0.08276952 0.70187115 -0.88628327
v -0.05207562 0.69804614 -0.88369667
v -0.02357309 0.69614577 -0.87943768
v -0.38676419 0.66589677 -0.87228095
v -0.35659265 0.66906243 -0.87920916
v -0.32727402 0.67221385 -0.88534617
v -0.29542416 0.67087155 -0.89512324
v 0.01420057 0.67233407 -0.89696633
v 0.04842081 0.67052871 -0.89366918
v 0.07891015 0.66899716 -0.89193546
v 0.11023519 0.66979557 -0.88890516
v 0.14025506 0.67000448 -0.88733267
v 0.16998553 0.66694939 -0.89002263
v 0.20089858 0.66657018 -0.890078
v 0.23247326 0.66781073 -0.888399
v 0.26592844 0.66834378 -0.88659888
v 0.29989761 0.66628074 -0.88578772
v 0.32898318 0.66603136 -0.88211661
v 0.35768774 0.66955775 -0.87310707
v -0.45003804 0.6372528 -0.87278795
v -0.41777747 0.6386187 -0.88313531
v -0.38499677 0.63858747 -0.8933354
v 0.35880446 0.64083361 -0.89320707
v 0.38856822 0.639696 -0.88427823
v 0.41626471 0.63586789 -0.8761115
v -0.51858681 0.60104763 -0.87271237
v -0.48532658 0.60352265 -0.88522505
v -0.45445627 0.60601282 -0.8952372
v 0.42004388 0.60713398 -0.89282774
v 0.45352426 0.60993868 -0.87683558
v -0.54592466 0.57626169 -0.87852084
v -0.51572412 0.57357871 -0.89506667
v 0.45772063 0.57958006 -0.89338922
v 0.48907202 0.57968115 -0.87869602
v -0.60583281 0.53072542 -0.87890481
v -0.57689201 0.53863412 -0.89027941
v 0.4896866 0.54912161 -0.89608097
v 0.52080202 0.54776471 -0.8811953
v -0.62946826 0.51250517 -0.8753649
v -0.60596734 0.51010513 -0.89392626
v 0.52110314 0.51742631 -0.89765626
v 0.55222773 0.51585853 -0.88162744
v -0.64179575 0.48222035 -0.88551616
v 0.5525676 0.48540002 -0.89717865
v 0.58319175 0.48321676 -0.88045835
v -0.66257917 0.45272281 -0.8844363
v 0.58305966 0.4537861 -0.89500451
v 0.61178016 0.45324599 -0.87729156
v -0.67792302 0.4170562 -0.88745117
v 0.61281776 0.41953164 -0.89254015
v 0.64417386 0.4126333 -0.87446701
v -0.69031584 0.38639217 -0.88754236
v 0.6392852 0.3871563 -0.88941705
v 0.66103804 0.38502705 -0.87418794
v -0.69812417 0.35815194 -0.8887099
v 0.6703155 0.35529196 -0.87957382
v -0.70499694 0.32569563 -0.88990926
v 0.67005336 0.32758069 -0.89195174
v 0.68833434 0.32686024 -0.87722057
v -1.26292073 0.28292751 -0.87683665
v -1.24142551 0.29648622 -0.87097621
v -0.72172856 0.29206812 -0.88099682
v 0.70207977 0.29267805 -0.87977898
v -1.29057431 0.25853097 -0.88058769
v -1.2686088 0.26626214 -0.88145351
v -1.25240707 0.27168399 -0.87750351
v -0.72768062 0.26299786 -0.88215613
v 0.70238721 0.26647952 -0.89079952
v 0.7213996 0.26339346 -0.87518024
v -1.31800711 0.24225854 -0.88765049
v -1.30019259 0.24747662 -0.88222825
v -1.27501392 0.25533032 -0.88034033
v -0.73317194 0.23441885 -0.88490641
v 0.7274611 0.23473256 -0.88143885
v -0.7378394 0.20378518 -0.88875651
v 0.7352392 0.20419724 -0.88488727
v -0.7636789 0.17340436 -0.87511736
v -0.73627609 0.17200578 -0.89654475
v 0.75080382 0.16844172 -0.88084191
v -0.76142621 0.14101959 -0.88173139
v 0.75631618 0.13774207 -0.88266241
v -0.7621057 0.11134689 -0.88407236
v 0.76082873 0.11249702 -0.88257086
v -0.76397299 0.0805632 -0.88415134
v 0.76265561 0.08191818 -0.88408953
v -0.7635144 0.04777029 -0.88302433
v 0.76183658 0.04825117 -0.88428539
v -0.76229834 0.01248649 -0.87639761
v -0.734968 0.01400383 -0.89708232
v 0.73503059 0.01395542 -0.89703691
v 0.76229941 0.01248677 -0.87639129
v -0.73042511 -0.01944551 -0.88514286
v 0.7303673 -0.01965926 -0.88503956
v -0.69860088 -0.04530798 -0.88720625
v 0.69861424 -0.04536801 -0.88716942
v -0.67087429 -0.06143341 -0.88964289
v -0.64227318 -0.07395528 -0.89165163
v -0.61325502 -0.08659541 -0.89134728
v 0.61370182 -0.0866885 -0.89091229
v 0.64306795 -0.07383426 -0.89140367
v 0.67120951 -0.06137933 -0.88954234
v -0.58139908 -0.09704937 -0.89170515
v -0.54842984 -0.10660496 -0.89350563
v -0.51692885 -0.11648771 -0.8944602
v 0.51608234 -0.11838099 -0.89215207
v 0.54780554 -0.10759511 -0.89239287
v 0.58112514 -0.09739235 -0.89142227
v -0.48484933 -0.12838481 -0.89268332
v -0.45307105 -0.13965588 -0.89244806
v -0.42361667 -0.14705362 -0.89486563
v 0.4229331 -0.1490533 -0.89168787
v 0.45163092 -0.14079152 -0.89160871
v 0.48582127 -0.12887372 -0.89178037
v -0.39343643 -0.1557322 -0.89098537
v -0.36008268 -0.16109427 -0.88991701
v -0.32776582 -0.16205455 -0.89299547
v -0.29705572 -0.16218528 -0.8945626
v -0.26680326 -0.1625494 -0.89420473
v -0.23544001 -0.16304257 -0.89322471
v -0.20264993 -0.16355726 -0.89221751
v -0.16892191 -0.16384927 -0.89172875
v -0.13743223 -0.16347119 -0.89234435
v -0.10934004 -0.16261157 -0.89353102
v -0.08000795 -0.16285076 -0.89235448
v -0.0435977 -0.16566097 -0.88628041
v -0.01057864 -0.16578728 -0.8856281
v 0.01657114 -0.16589318 -0.88538718
v 0.04259578 -0.16572329 -0.88608044
v 0.07849808 -0.16289596 -0.89215219
v 0.10897566 -0.16249501 -0.8936522
v 0.13738191 -0.16267332 -0.89374983
v 0.1688169 -0.16329453 -0.89270055
v 0.20239551 -0.16341385 -0.89242732
v 0.23525986 -0.16304083 -0.89317727
v 0.26663458 -0.16255205 -0.89414852
v 0.29696255 -0.16218112 -0.89449596
v 0.32782885 -0.16197715 -0.89306747
v 0.35936087 -0.16117483 -0.8899371
v 0.39291971 -0.15720757 -0.88852822
v -0.26460486 0.6669318 -0.90560257
v -0.23755019 0.6672405 -0.91122782
v -0.20844738 0.66843581 -0.91566568
v -0.17760118 0.67043888 -0.91811615
v -0.14497631 0.67226749 -0.91812634
v -0.11316122 0.67117148 -0.91773206
v -0.08234752 0.66554731 -0.91957539
v -0.05373374 0.66439336 -0.91650342
v -0.01965868 0.664101 -0.91125428
v -0.35195726 0.63742047 -0.90338254
v -0.32231938 0.63669991 -0.91214919
v -0.2948991 0.63980567 -0.9172703
v -0.26776257 0.63952326 -0.92386692
v -0.24034547 0.63775932 -0.93063819
v 0.0131853 0.65054315 -0.92010545
v 0.04643265 0.64417469 -0.92239868
v 0.07680859 0.63879573 -0.92496907
v 0.10875101 0.6368308 -0.92482847
v 0.14001181 0.63709086 -0.92299866
v 0.16963575 0.6362912 -0.92238307
v 0.19912797 0.63696527 -0.9199534
v 0.23161976 0.63698685 -0.91810309
v 0.26687222 0.63482713 -0.91760277
v 0.30004951 0.63293242 -0.91448473
v 0.32810097 0.63664192 -0.90490102
v -0.42358255 0.60548269 -0.90567076
v -0.3900845 0.60661751 -0.9151166
v -0.35478842 0.60606098 -0.92633533
v 0.33007967 0.60816013 -0.92654204
v 0.35982215 0.60956096 -0.91430354
v 0.3897688 0.60868722 -0.90360975
v -0.48068007 0.57059001 -0.91123354
v -0.45334196 0.5741297 -0.91842162
v -0.42630222 0.57436132 -0.92732167
v 0.39096102 0.57670378 -0.92400413
v 0.42598131 0.57794642 -0.90782368
v -0.54425478 0.53878176 -0.90722584
v -0.51251173 0.54033255 -0.91980367
v 0.42474627 0.54775011 -0.92632591
v 0.45827537 0.54921495 -0.91051077
v -0.57633185 0.51249504 -0.90943825
v -0.54327404 0.51172357 -0.92613244
v 0.458108 0.51843941 -0.92730742
v 0.49004581 0.51808345 -0.91285705
v -0.61072492 0.48086643 -0.90925264
v -0.57692688 0.48678389 -0.92525005
v 0.48997256 0.48688682 -0.92902946
v 0.52118182 0.48662251 -0.91354453
v -0.63508176 0.44861906 -0.90978598
v -0.60874795 0.45569485 -0.92439729
v 0.52104747 0.45548957 -0.92882579
v 0.55230391 0.45474791 -0.91236537
v -0.65422815 0.41756707 -0.90939426
v -0.63545036 0.41894906 -0.92383098
v 0.55225485 0.42372593 -0.92679464
v 0.58305251 0.42235857 -0.90969574
v -0.66106855 0.38812065 -0.91488325
v 0.58185958 0.3898611 -0.92475724
v 0.61179143 0.3879939 -0.90721488
v -0.66647076 0.35886678 -0.91891896
v 0.6092658 0.3576141 -0.92169952
v 0.6368978 0.36026984 -0.90232944
v -0.67230653 0.32636266 -0.92086911
v 0.63966429 0.32773885 -0.91373825
v -0.69051849 0.29021573 -0.91123873
v 0.64254033 0.29521644 -0.92472422
v 0.67261308 0.29538714 -0.90321672
v -0.69517839 0.26051068 -0.91197925
v 0.67454874 0.26433935 -0.91351676
v -0.69766765 0.23276412 -0.9146161
v 0.6739667 0.23306968 -0.92498093
v 0.70109796 0.23468139 -0.90423166
v -0.70326376 0.20196515 -0.91566634
v 0.70270568 0.19923564 -0.91404235
v -0.70619463 0.17234388 -0.91860812
v 0.70214277 0.17254689 -0.92080038
v 0.7212429 0.1685341 -0.9068616
v -0.7326591 0.13832959 -0.90427172
v -0.70628529 0.13998326 -0.9230448
v 0.70643138 0.14120079 -0.92272925
v 0.72807836 0.13701799 -0.9071688
v -0.73195624 0.10986653 -0.90752494
v -0.70724809 0.11047526 -0.92507726
v 0.70802271 0.11160811 -0.92441159
v 0.73157572 0.11097258 -0.90726816
v -0.73250234 0.08127766 -0.90840435
v -0.7080357 0.08082326 -0.92559677
v 0.7083255 0.08122327 -0.92542994
v 0.7327429 0.08194842 -0.90813106
v -0.73346781 0.04980068 -0.9060378
v -0.70806008 0.04945979 -0.92369705
v 0.70802617 0.04951216 -0.92377686
v 0.73340535 0.04995036 -0.90619957
v -0.70498162 0.01634664 -0.91832196
v 0.7049058 0.01635654 -0.91838777
v -0.69601464 -0.01367279 -0.91162538
v -0.67139399 -0.01161545 -0.92783254
v 0.67142158 -0.01158709 -0.92781329
v 0.69600421 -0.01367557 -0.91161561
v -0.67354172 -0.03809385 -0.90938228
v -0.64114964 -0.04884057 -0.91803157
v 0.64160627 -0.04880359 -0.91783595
v 0.67371141 -0.038063 -0.9093061
v -0.61126291 -0.06673892 -0.9174481
v -0.58149504 -0.07557556 -0.92127025
v -0.55099117 -0.08534824 -0.92358934
v 0.54949152 -0.08676209 -0.92248666
v 0.58082324 -0.0760909 -0.92088663
v 0.6116153 -0.06681421 -0.91720342
v -0.51846468 -0.09672469 -0.92341637
v -0.48522564 -0.11112953 -0.91984558
v 0.48428726 -0.10957936 -0.92294502
v 0.51756775 -0.09792232 -0.92252874
v -0.45107287 -0.12350143 -0.91980338
v -0.41779413 -0.13137316 -0.92432636
v -0.38830801 -0.13957792 -0.92274636
v -0.36094838 -0.14445069 -0.92217421
v -0.33027815 -0.14626009 -0.92480856
v -0.2976641 -0.1471433 -0.92671382
v -0.26598423 -0.14743527 -0.92740941
v -0.23446302 -0.14774151 -0.92688906
v -0.20199108 -0.14803162 -0.92579042
v -0.16908523 -0.14795365 -0.92501759
v -0.13830635 -0.14696975 -0.92553758
v -0.10995822 -0.14565637 -0.92635339
v -0.08034232 -0.14587804 -0.9243496
v -0.04490052 -0.14744177 -0.92006295
v -0.01089384 -0.14704367 -0.9200353
v 0.01695871 -0.14718255 -0.91976153
v 0.04409522 -0.14753997 -0.91977608
v 0.07921932 -0.14592045 -0.92412698
v 0.10976339 -0.14537102 -0.92674166
v 0.13833832 -0.14567694 -0.92783963
v 0.16934184 -0.14705364 -0.9266411
v 0.20188766 -0.14777445 -0.92621791
v 0.23429541 -0.14772415 -0.92687463
v 0.26588037 -0.14744064 -0.92735028
v 0.29748573 -0.14711689 -0.92672276
v 0.32915771 -0.14610323 -0.92529106
v 0.35769629 -0.14439061 -0.92309075
v 0.38562959 -0.14064407 -0.92162513
v 0.41567194 -0.1324291 -0.92349433
v 0.44723975 -0.12374471 -0.92197066
v -0.20814637 0.63508099 -0.9380753
v -0.17225155 0.6355884 -0.94286078
v -0.13656172 0.6382628 -0.94389689
v -0.10575662 0.63611835 -0.94575691
v -0.07761332 0.63168895 -0.9480915
v -0.05192666 0.6316303 -0.94610416
v -0.02284968 0.6314212 -0.94309037
v 0.01157026 0.62719368 -0.94331979
v 0.04248978 0.62408804 -0.94328296
v -0.32045492 0.60133814 -0.94149065
v -0.29169374 0.60471773 -0.94664156
v -0.26616442 0.60859 -0.94812762
v -0.2391503 0.60951077 -0.95069134
v -0.20582661 0.60838437 -0.95558059
v -0.16891913 0.60885208 -0.96010756
v -0.13358099 0.60895961 -0.96340513
v -0.04664616 0.60687691 -0.96519112
v -0.02014534 0.60765337 -0.96288675
v 0.01117665 0.60720026 -0.96079826
v 0.04268229 0.6083073 -0.95745432
v 0.06966482 0.61251676 -0.95155215
v 0.10671687 0.60803473 -0.9529947
v 0.13864752 0.60735476 -0.95161229
v 0.16850426 0.6065374 -0.95003175
v 0.19921997 0.60489875 -0.94930404
v 0.23433831 0.60273784 -0.95018947
v 0.26932513 0.60046672 -0.95024037
v 0.30477136 0.5986337 -0.94452941
v -0.39303696 0.57257741 -0.94145965
v -0.35617011 0.57278132 -0.9567781
v 0.32739847 0.58354473 -0.94960194
v 0.35746055 0.57584315 -0.94165188
v -0.47565013 0.53812468 -0.93505442
v -0.44476202 0.54066848 -0.94433105
v -0.42066747 0.5428152 -0.95319438
v 0.38755396 0.5444045 -0.94865173
v -0.51168417 0.51217222 -0.93854886
v -0.47958064 0.51078087 -0.95117151
v 0.42239689 0.51748001 -0.94459229
v -0.54443466 0.48745423 -0.93998432
v -0.51320076 0.48696804 -0.95257556
v -0.48623484 0.48670953 -0.96222996
v 0.42474153 0.48672118 -0.95874846
v 0.45865124 0.48705232 -0.94327735
v -0.5780487 0.45681238 -0.94061088
v -0.54448163 0.45637869 -0.9560064
v 0.45896035 0.45509809 -0.95856821
v 0.48996588 0.45572409 -0.94419688
v -0.60814493 0.42383065 -0.93950575
v -0.57623887 0.42419573 -0.95643717
v 0.48988771 0.42443016 -0.95869845
v 0.52076798 0.42425888 -0.94340741
v -0.63430094 0.39007386 -0.93572104
v -0.6071062 0.393294 -0.95188975
v 0.52002966 0.39347797 -0.9572426
v 0.5514698 0.39215326 -0.94110488
v -0.63696074 0.36091005 -0.9419626
v -0.60844385 0.36260193 -0.95975363
v 0.54914283 0.35955914 -0.95585119
v 0.57997512 0.35758107 -0.93937975
v -0.63868761 0.32655215 -0.94744575
v 0.58023953 0.32606399 -0.95165658
v 0.60998678 0.3251717 -0.9342246
v -0.65971964 0.29384386 -0.93689501
v -0.63856935 0.30199128 -0.95145392
v 0.58228421 0.29775464 -0.9608426
v 0.61272722 0.29576525 -0.94364076
v -0.6643852 0.26235175 -0.93731308
v -0.6409735 0.26917749 -0.95353865
v 0.61231583 0.26492279 -0.9545328
v 0.64262068 0.26264405 -0.93632739
v -0.66231501 0.2319571 -0.94202196
v -0.63497757 0.23302272 -0.96082854
v 0.61352503 0.23456889 -0.96301466
v 0.6440851 0.23286812 -0.94495457
v -0.6633563 0.20004588 -0.94469642
v 0.64279842 0.20260042 -0.95382177
v 0.67021989 0.20134085 -0.93667686
v -0.66768157 0.17267982 -0.94505012
v 0.6447823 0.17260061 -0.95867967
v 0.67169159 0.17210511 -0.94179046
v -0.67222976 0.14054107 -0.94572019
v 0.64513051 0.14049139 -0.96280241
v 0.6754682 0.1409859 -0.94369792
v -0.67576539 0.10997845 -0.9460746
v 0.67651069 0.11025796 -0.94561326
v -0.67731094 0.08228121 -0.9459691
v 0.67714071 0.08244597 -0.94607234
v -0.67771685 0.05186948 -0.94392472
v -0.64652198 0.05462689 -0.96336466
v 0.64633512 0.05460713 -0.96347487
v 0.67756754 0.05193109 -0.94402325
v -0.6743977 0.02064454 -0.93935191
v -0.64497768 0.02328142 -0.9576081
v 0.64486181 0.02329319 -0.95763838
v 0.67432606 0.02067047 -0.93939638
v -0.63858932 -0.01578369 -0.94289797
v -0.61151909 -0.01715246 -0.95624721
v 0.61204361 -0.01677874 -0.95624411
v 0.63866144 -0.0157673 -0.94283759
v -0.60806369 -0.04160533 -0.94113075
v -0.57745266 -0.05144311 -0.94736015
v 0.57724762 -0.05146728 -0.94722873
v 0.60808193 -0.04164241 -0.94102424
v -0.54926598 -0.06374318 -0.948246
v -0.5179004 -0.07420355 -0.94962823
v 0.4856773 -0.08556023 -0.95218968
v 0.51674091 -0.07385446 -0.95091891
v 0.54778713 -0.06461381 -0.94791168
v -0.48535165 -0.08967649 -0.94656282
v -0.45165047 -0.10179699 -0.94827193
v -0.41567659 -0.11329673 -0.95091474
v 0.4185504 -0.11244624 -0.95071995
v 0.45355331 -0.10008453 -0.95021379
v -0.38455247 -0.12267996 -0.94989156
v -0.35939407 -0.1273693 -0.95033073
v -0.33017391 -0.1299965 -0.9527651
v -0.29837891 -0.13131962 -0.95511961
v -0.26599451 -0.13093408 -0.95753955
v -0.23390787 -0.13094775 -0.95783579
v -0.201698 -0.13143231 -0.95641559
v -0.16998732 -0.13143314 -0.95501929
v -0.13974192 -0.13097465 -0.95421356
v -0.11020095 -0.1301323 -0.95385146
v -0.07918449 -0.13039532 -0.95158422
v -0.04507776 -0.13065688 -0.9497677
v -0.01098549 -0.12999965 -0.95029908
v 0.01697492 -0.13008585 -0.95013225
v 0.04428808 -0.13061991 -0.94971644
v 0.07810434 -0.13007438 -0.95196461
v 0.11016991 -0.12954971 -0.954692
v 0.14018315 -0.13005766 -0.95579338
v 0.17054328 -0.13101258 -0.95577949
v 0.20169156 -0.13138017 -0.95648157
v 0.23376011 -0.1309655 -0.95776701
v 0.26588717 -0.13093705 -0.95749926
v 0.29836347 -0.13131898 -0.95506191
v 0.32998937 -0.12993241 -0.95286381
v 0.3582448 -0.12719562 -0.95086813
v 0.38469448 -0.12263217 -0.94957947
v -0.10221798 0.60533326 -0.96713304
v -0.07278683 0.60414671 -0.96799659
v -0.32210776 0.56500554 -0.97940039
v -0.28820878 0.57165813 -0.98243331
v -0.26198825 0.57649374 -0.97953862
v -0.23386383 0.57795751 -0.9768899
v -0.20099361 0.57802486 -0.97652602
v -0.16636431 0.57809984 -0.97857558
v -0.13367614 0.5784136 -0.98103129
v -0.10235489 0.57760906 -0.98331785
v -0.070823 0.57793474 -0.98381412
v -0.04142329 0.57923221 -0.98280513
v -0.01521626 0.57899093 -0.982378
v 0.01134598 0.57857489 -0.98161459
v 0.04158836 0.57891362 -0.97990977
v 0.07264477 0.57837808 -0.97875976
v 0.10489884 0.57426703 -0.98026216
v 0.13583761 0.57226336 -0.97980368
v 0.16652503 0.57142317 -0.97825151
v 0.19912159 0.57042801 -0.97914719
v 0.23275689 0.57151585 -0.98190408
v 0.26317793 0.57230407 -0.98230528
v 0.29467853 0.57040113 -0.97999608
v 0.32196134 0.56076979 -0.97834968
v -0.38923636 0.54199862 -0.97126728
v -0.35438185 0.54955583 -0.98252594
v 0.35326111 0.54648172 -0.97204303
v -0.44591361 0.50910699 -0.96488374
v -0.41963109 0.51015603 -0.97759562
v 0.38386583 0.51387655 -0.97202599
v -0.45399439 0.48466807 -0.97552669
v -0.42599868 0.48289907 -0.99033606
v 0.3876453 0.4845848 -0.98339873
v -0.51242268 0.4554117 -0.96886467
v -0.48326733 0.45528149 -0.97869581
v -0.44999113 0.45503518 -0.99053955
v 0.42431324 0.45280554 -0.97530114
v -0.54518532 0.4240669 -0.97044813
v -0.51578199 0.42336496 -0.98164469
v -0.48367586 0.42169982 -0.99249827
v 0.42605558 0.42156398 -0.98747998
v 0.45886766 0.42379385 -0.97299504
v -0.57666146 0.39151325 -0.96843713
v -0.54728186 0.39212662 -0.98126441
v -0.5154826 0.39175343 -0.99306476
v 0.45746189 0.39059257 -0.98814564
v 0.48921713 0.39255678 -0.97284305
v -0.57852429 0.35907146 -0.97646296
v -0.54547792 0.36015224 -0.99090504
v 0.48700287 0.3597421 -0.98717904
v 0.51786017 0.36196583 -0.97126615
v -0.600555 0.33146786 -0.97079706
v -0.57135343 0.32749915 -0.98684263
v 0.51835119 0.32823228 -0.98391276
v 0.54915267 0.32652735 -0.96865928
v -0.60399937 0.2999635 -0.97367644
v -0.57725209 0.29402446 -0.98932939
v 0.52169764 0.29810825 -0.99286407
v 0.55190938 0.2973333 -0.97764992
v -0.6075564 0.26521527 -0.97533154
v -0.5778352 0.26057207 -0.99268776
v 0.55056482 0.26499778 -0.98880082
v 0.58083045 0.26652479 -0.97208309
v -0.60425007 0.22961625 -0.98013311
v 0.58234894 0.2338548 -0.98081678
v -0.62963932 0.19983476 -0.96701872
v -0.6032474 0.19961229 -0.98285788
v 0.58388459 0.20334661 -0.98755562
v 0.61279845 0.203859 -0.97128522
v -0.63018202 0.173762 -0.96884572
v -0.6056227 0.17220021 -0.98336434
v 0.5816791 0.17297771 -0.99433922
v 0.6150754 0.1729744 -0.97607886
v -0.63487398 0.14219331 -0.96885001
v -0.61003124 0.14195512 -0.98323941
v 0.61360579 0.14166086 -0.98102414
v -0.63951832 0.1108503 -0.96853607
v -0.61281359 0.11180327 -0.9837324
v 0.6131649 0.11158105 -0.98367446
v 0.64288616 0.10929317 -0.96674919
v -0.64303225 0.08459948 -0.96717315
v -0.61476308 0.08395409 -0.98301327
v 0.61425232 0.08401777 -0.98331677
v 0.64317429 0.08408767 -0.96714967
v -0.61614334 0.05167789 -0.97908258
v -0.58440148 0.04720117 -0.99385774
v 0.58390402 0.04753702 -0.99410861
v 0.61581909 0.05174271 -0.97921514
v -0.61377221 0.01773899 -0.97147429
v -0.5814836 0.01357495 -0.98545634
v 0.58180463 0.01401897 -0.98558145
v 0.61376684 0.01781586 -0.97150778
v -0.57604074 -0.02198169 -0.96964919
v -0.54981875 -0.01735068 -0.98297625
v -0.52064251 -0.01908498 -0.99249416
v 0.52052462 -0.01964239 -0.99207997
v 0.55088675 -0.01771232 -0.98225653
v 0.57744991 -0.02125245 -0.96952891
v -0.54793787 -0.03913192 -0.96931767
v -0.51280832 -0.04847069 -0.97528767
v -0.48645854 -0.04689505 -0.98589944
v -0.45715257 -0.05026385 -0.9931252
v 0.45659917 -0.05070673 -0.99300605
v 0.48577666 -0.04784462 -0.98554569
v 0.5119639 -0.04939451 -0.97495132
v 0.54807597 -0.03958517 -0.96878671
v -0.48394268 -0.06606856 -0.97125035
v -0.44916248 -0.07818099 -0.97426664
v -0.42013153 -0.07684148 -0.98565858
v 0.41916668 -0.07703072 -0.98574161
v 0.44900298 -0.07866081 -0.97409284
v 0.48304206 -0.06552641 -0.97296333
v -0.41685718 -0.09454099 -0.97175526
v -0.38408112 -0.1006179 -0.97558796
v -0.35637971 -0.10322753 -0.97978133
v -0.32583704 -0.10811625 -0.98104542
v -0.29675394 -0.1114871 -0.98185753
v -0.26683962 -0.11100553 -0.98511928
v -0.23541191 -0.1114619 -0.98592233
v -0.20199704 -0.11323195 -0.98387646
v -0.17028886 -0.11378935 -0.98215746
v -0.1400384 -0.11442759 -0.98019629
v -0.11027555 -0.11399839 -0.97983372
v -0.07907184 -0.11315192 -0.97989535
v -0.04524976 -0.11198135 -0.98070824
v -0.01097563 -0.11131635 -0.98129284
v 0.01679058 -0.11130973 -0.98128306
v 0.0443711 -0.11172631 -0.98102229
v 0.07832068 -0.11236567 -0.98105049
v 0.11176475 -0.11302907 -0.98137486
v 0.14219681 -0.11379632 -0.98129075
v 0.17127573 -0.11367811 -0.98236811
v 0.20191215 -0.11327511 -0.98377192
v 0.23524859 -0.11148251 -0.98585593
v 0.266741 -0.11099886 -0.98510909
v 0.29666531 -0.11147462 -0.98185181
v 0.32583141 -0.10811062 -0.98100876
v 0.35615843 -0.10323491 -0.9798367
v 0.38367325 -0.10071652 -0.97556912
v 0.41691845 -0.09456448 -0.97169649
v -0.35122793 0.53190004 -1.00512611
v -0.31798851 0.54046297 -1.01062011
v -0.28923291 0.54514682 -1.01176989
v -0.26069045 0.5465818 -1.00942397
v -0.22979128 0.54498982 -1.00521075
v -0.19810216 0.54291355 -1.0009818
v -0.16574129 0.54178822 -0.99951803
v -0.1342253 0.54254216 -0.99996733
v -0.10296565 0.54353797 -1.00082135
v -0.07113391 0.54412883 -1.00135099
v -0.03918562 0.54444229 -1.0014646
v -0.0097892 0.54435408 -1.00153279
v 0.01475449 0.54412418 -1.00152003
v 0.04076624 0.54402244 -1.00116586
v 0.07146033 0.54373383 -1.00066232
v 0.103051 0.54184722 -1.00095892
v 0.13422471 0.54078871 -0.99995625
v 0.16627602 0.53938162 -0.99983024
v 0.20247858 0.53766727 -1.0073713
v 0.23358589 0.54469382 -1.01403963
v 0.26187664 0.55104512 -1.01356363
v 0.29445281 0.55028235 -1.01160895
v 0.32139658 0.5417571 -1.00875735
v -0.38184267 0.51549196 -0.99928188
v -0.35252714 0.51586926 -1.01791572
v -0.22881135 0.51849317 -1.02474141
v -0.19937944 0.51758348 -1.01666235
v -0.16658482 0.51678216 -1.01210629
v -0.13400663 0.51694321 -1.01181292
v -0.10283922 0.51759755 -1.01266956
v -0.07143871 0.51803839 -1.01317906
v -0.0392207 0.51826655 -1.01332807
v -0.00846584 0.51837623 -1.01330864
v 0.01596094 0.51831513 -1.01331377
v 0.04044313 0.51806891 -1.01335883
v 0.07092459 0.51782524 -1.01316332
v 0.10254091 0.51725232 -1.01269817
v 0.13344952 0.51641047 -1.01130437
v 0.16709139 0.51396381 -1.0131967
v 0.35058361 0.51854085 -1.00546467
v -0.39057719 0.48422908 -1.01183462
v -0.17165921 0.48784214 -1.02528929
v -0.13531805 0.48785322 -1.02411222
v -0.10289197 0.48814326 -1.02471661
v -0.07127481 0.4885064 -1.02497088
v -0.03930748 0.48873972 -1.02489852
v -0.00985009 0.48880332 -1.02480173
v 0.01465948 0.48872959 -1.0247811
v 0.04049534 0.48849552 -1.02486372
v 0.07119598 0.48811912 -1.02494013
v 0.10275164 0.48774194 -1.02459192
v 0.13363368 0.48760217 -1.02313804
v 0.16676244 0.48784023 -1.02407479
v 0.36467239 0.48689198 -1.00983595
v -0.42326366 0.45270556 -1.00311136
v -0.39302748 0.4520511 -1.01938986
v 0.38087779 0.45503842 -1.00353729
v -0.44908547 0.42014253 -1.00385141
v -0.4217129 0.41754108 -1.01389479
v -0.39216715 0.41772222 -1.02473235
v 0.386276 0.42164155 -1.00809717
v -0.48153215 0.38991653 -1.00469386
v -0.45031324 0.38673299 -1.01488065
v -0.42176681 0.38284626 -1.02374339
v 0.38807562 0.39137202 -1.01564502
v 0.42557519 0.38930881 -1.00168049
v -0.51184421 0.35975778 -1.0039668
v -0.48156452 0.35696297 -1.01496672
v -0.45295655 0.35360401 -1.02441453
v 0.42377191 0.35756444 -1.01522493
v 0.45610263 0.35811084 -1.00190448
v -0.5392611 0.32719156 -1.00112009
v -0.51096415 0.32628491 -1.01252031
v -0.48369145 0.32315158 -1.02261996
v 0.42726916 0.32906901 -1.02447831
v 0.45815715 0.32797932 -1.01225709
v 0.48725533 0.32679021 -0.99948549
v -0.54738366 0.29221361 -1.00368666
v -0.51829034 0.29213798 -1.01585745
v -0.4864065 0.29134416 -1.02766144
v 0.45892769 0.29806938 -1.02191305
v 0.49018609 0.29755121 -1.00820457
v -0.54938328 0.26101806 -1.00661659
v -0.51766538 0.26147407 -1.02002751
v 0.49018847 0.26665228 -1.01773309
v 0.52170383 0.26588496 -1.00313496
v -0.57075637 0.22815531 -0.99867463
v -0.54388213 0.23120658 -1.01151776
v -0.51207071 0.23168309 -1.02511835
v 0.48989003 0.23528838 -1.02623534
v 0.52183795 0.23375633 -1.01201057
v 0.55063784 0.2313345 -0.99831259
v -0.56866318 0.2007291 -1.00143706
v -0.54108047 0.20193979 -1.01473856
v 0.51766157 0.20387956 -1.02055454
v 0.55142527 0.20191735 -1.0048058
v -0.56884145 0.17225053 -1.00313258
v -0.53902947 0.17346347 -1.01761174
v 0.54516387 0.17346638 -1.01275634
v -0.5706613 0.14233169 -1.00426089
v -0.53788036 0.1439017 -1.02006721
v 0.53825175 0.14386297 -1.01962685
v 0.57383185 0.14275899 -1.00233733
v -0.57344991 0.11305192 -1.00432014
v -0.53877586 0.11477233 -1.02065134
v 0.54148852 0.11390681 -1.01942384
v 0.57447695 0.11402311 -1.0039016
v -0.57957601 0.08262518 -1.00075388
v -0.54563492 0.08382391 -1.0162332
v 0.51968634 0.07902832 -1.0261811
v 0.55157995 0.0802684 -1.01346886
v 0.58041501 0.08263848 -1.00035572
v -0.55293214 0.04584673 -1.00725483
v -0.5187084 0.04549775 -1.01977455
v 0.52219009 0.04314021 -1.01818192
v 0.55350816 0.0452288 -1.0069282
v -0.55055618 0.01319899 -0.99804294
v -0.52098137 0.01098048 -1.00761234
v -0.48846548 0.01287343 -1.01873827
v 0.487879 0.01308844 -1.01897001
v 0.52072095 0.01083983 -1.00766658
v 0.55036521 0.0132451 -0.99799728
v -0.48921418 -0.01819118 -1.00312972
v -0.45671534 -0.01944215 -1.01204586
v -0.4255937 -0.01866029 -1.02127623
v 0.42534223 -0.01819331 -1.02165722
v 0.45644357 -0.01945359 -1.01217842
v 0.48894667 -0.01861358 -1.00294208
v -0.42572182 -0.04974972 -1.00307703
v -0.39009892 -0.04771501 -1.01444077
v -0.35768163 -0.04650273 -1.02328777
v 0.35758078 -0.04639957 -1.02336049
v 0.38995564 -0.0473591 -1.0146811
v 0.42519575 -0.04933939 -1.00351584
v -0.3845793 -0.07531457 -0.99749606
v -0.35374325 -0.0745548 -1.00591552
v -0.32160258 -0.07784567 -1.00955605
v -0.29251784 -0.08113434 -1.01169347
v -0.26368963 -0.08288276 -1.01434469
v -0.23398929 -0.08716708 -1.01304209
v 0.2338635 -0.08718211 -1.01300156
v 0.26362499 -0.0828745 -1.0143466
v 0.2924225 -0.08112499 -1.01170551
v 0.32151028 -0.07784261 -1.00955891
v 0.35368579 -0.074565 -1.00589346
v 0.38417267 -0.07533735 -0.99753868
v -0.20010209 -0.09156871 -1.00975441
v -0.16968648 -0.09353908 -1.00792813
v -0.14106795 -0.09565585 -1.00559771
v -0.11158567 -0.09685296 -1.00435376
v -0.07943642 -0.09696329 -1.00409972
v -0.04482311 -0.0961655 -1.00474906
v -0.01074026 -0.09576426 -1.00495195
v 0.01636411 -0.0957596 -1.00495553
v 0.04363705 -0.09596233 -1.00499653
v 0.07779665 -0.09633167 -1.00500893
v 0.11183337 -0.09607463 -1.00558674
v 0.14189261 -0.09529492 -1.00621843
v 0.16977207 -0.09350671 -1.0079534
v 0.19982989 -0.09162155 -1.00963962
v 0.24011547 0.52739274 -1.04237484
v 0.26711875 0.54046964 -1.04425549
v 0.2974869 0.54085242 -1.04277682
v 0.32257276 0.53115081 -1.03895497
v -0.32015258 0.51540404 -1.03149879
v -0.28971895 0.5161876 -1.03596079
v -0.25901743 0.51736849 -1.03295278
v 0.21284437 0.51211905 -1.03345143
v 0.34406301 0.50918865 -1.03962659
v -0.35545784 0.48815363 -1.03062713
v -0.32440501 0.48907995 -1.04330062
v -0.29260394 0.48986095 -1.04752421
v -0.26065427 0.48976719 -1.04541182
v -0.23388923 0.48948779 -1.03890657
v -0.20721882 0.487746 -1.0314815
v 0.20730909 0.48740845 -1.04266166
v 0.35207134 0.48830673 -1.04227495
v -0.35962009 0.45514035 -1.03508555
v -0.3289918 0.45796364 -1.04545545
v -0.29560267 0.45839211 -1.05001342
v -0.26192063 0.45722323 -1.04941499
v -0.23331077 0.45626467 -1.04538822
v -0.2049755 0.45544052 -1.04025292
v -0.17012772 0.45672369 -1.03598642
v -0.13501314 0.45691603 -1.03562068
v -0.10289135 0.45712757 -1.0360428
v -0.07126002 0.45746219 -1.03591167
v -0.04054124 0.45766326 -1.03559398
v -0.01460846 0.45768308 -1.03541016
v 0.0099415 0.45752489 -1.0354017
v 0.03941318 0.45716524 -1.03558945
v 0.07147979 0.45668259 -1.03591394
v 0.10316357 0.45628675 -1.03598642
v 0.13415011 0.45590865 -1.03506946
v 0.16590149 0.45602428 -1.035012
v 0.20228514 0.45595589 -1.04820668
v 0.35344344 0.45786404 -1.04250907
v -0.36082243 0.42164686 -1.0352962
v -0.32971555 0.42474293 -1.04336142
v -0.29607379 0.42409572 -1.04820466
v -0.26148828 0.42329108 -1.04932284
v -0.22895124 0.42343193 -1.04815316
v -0.19812785 0.42409139 -1.04644084
v -0.16630886 0.42537319 -1.04557061
v -0.13435894 0.42580136 -1.04593229
v -0.10307835 0.42618313 -1.04583978
v -0.07099993 0.42665901 -1.04522669
v -0.04041472 0.42672273 -1.04469633
v -0.01589253 0.42667192 -1.04442751
v 0.00871035 0.42639476 -1.04443955
v 0.03971478 0.42574548 -1.04479634
v 0.07197342 0.42507797 -1.04540324
v 0.10344442 0.42470875 -1.0459156
v 0.13452385 0.42464724 -1.04555046
v 0.16551707 0.42445609 -1.0447638
v 0.199732 0.42496433 -1.05195558
v 0.34914019 0.42816913 -1.03843951
v -0.38915184 0.38296651 -1.03227436
v -0.35915312 0.38785773 -1.03879594
v -0.32882106 0.39152133 -1.04431533
v -0.29555654 0.39133584 -1.04895806
v -0.26149851 0.39123228 -1.05194592
v -0.22842451 0.39085838 -1.05386257
v -0.19704756 0.39168393 -1.05474543
v -0.16594201 0.39264363 -1.05525398
v -0.13485193 0.39317762 -1.05524015
v -0.10438941 0.39389836 -1.05449461
v -0.07119848 0.39563816 -1.05319082
v -0.04021098 0.39595997 -1.05236625
v -0.01581903 0.39569771 -1.05204367
v 0.00880586 0.39531666 -1.05208027
v 0.03994429 0.39423385 -1.05262708
v 0.07207097 0.39285016 -1.05359959
v 0.10334262 0.39145615 -1.05473971
v 0.13438734 0.3916969 -1.05513894
v 0.16549086 0.39166355 -1.05431151
v 0.198839 0.3925738 -1.05533123
v 0.32423359 0.39608341 -1.04813337
v 0.35169369 0.39812824 -1.03139686
v -0.42293202 0.35239917 -1.0325514
v -0.38918727 0.35447758 -1.03983092
v -0.35835021 0.35771989 -1.04542172
v -0.32757422 0.35972607 -1.05038356
v -0.29386955 0.35950672 -1.05526161
v -0.26089415 0.35923776 -1.05921924
v -0.07246477 0.36339068 -1.06022799
v -0.04044187 0.36485612 -1.05891871
v -0.01487396 0.36465278 -1.05848622
v 0.01011274 0.3643296 -1.05853307
v 0.04090412 0.36311069 -1.05923676
v 0.07335655 0.36055725 -1.06069386
v 0.29493942 0.36092108 -1.05489897
v 0.32465311 0.36143392 -1.04585254
v 0.35101461 0.3608101 -1.03919971
v 0.38439795 0.35679924 -1.02951908
v -0.45294177 0.32234281 -1.03229045
v -0.4225499 0.32430484 -1.04005646
v -0.3901205 0.32581704 -1.04723918
v -0.35756748 0.32632952 -1.05373382
v -0.32591378 0.32800719 -1.05887341
v 0.32163247 0.32756236 -1.05664837
v 0.35128927 0.32737851 -1.05007708
v 0.38716611 0.32749104 -1.03929877
v -0.45371598 0.29320037 -1.03780078
v -0.42114511 0.2952322 -1.04647684
v -0.38603574 0.29394415 -1.05525684
v 0.38749259 0.29642939 -1.04893362
v 0.42667537 0.29770627 -1.03498399
v -0.48331362 0.26201528 -1.03288996
v -0.45256909 0.26417309 -1.04279911
v -0.41935232 0.2643581 -1.05231332
v 0.38497158 0.26702219 -1.05763745
v 0.42118695 0.2670629 -1.04575252
v 0.45588395 0.26716405 -1.03240656
v -0.48095828 0.23333177 -1.03695917
v -0.45106834 0.23469877 -1.04706335
v -0.41701492 0.23373782 -1.05739045
v 0.41722646 0.23519235 -1.05438303
v 0.45469915 0.23580487 -1.04077124
v -0.5073173 0.20049341 -1.02960419
v -0.47902777 0.20299309 -1.04057538
v -0.44746622 0.2038325 -1.05149483
v 0.44827625 0.20449927 -1.04934036
v 0.48316389 0.20435813 -1.03569388
v -0.50413811 0.17325019 -1.03298401
v -0.47722747 0.17502763 -1.04355859
v -0.44573113 0.1756886 -1.05452442
v 0.44484496 0.17585006 -1.05448889
v 0.47565609 0.17510633 -1.04342305
v 0.50633096 0.1749213 -1.03051972
v -0.5021165 0.14527714 -1.03555655
v -0.4759351 0.14511662 -1.04563665
v -0.44595196 0.14518538 -1.05576443
v 0.44556039 0.14517636 -1.05590343
v 0.47451242 0.14525365 -1.04622888
v 0.50116181 0.1453264 -1.03583502
v -0.50139761 0.11657083 -1.03635811
v -0.47539234 0.11244417 -1.04548049
v -0.44570207 0.10888624 -1.05428159
v 0.44581764 0.10942748 -1.05439555
v 0.4765169 0.11272394 -1.04517316
v 0.50557673 0.11385038 -1.03447139
v -0.50779289 0.08583983 -1.03150367
v -0.48070937 0.08020506 -1.04033589
v -0.45250752 0.07310524 -1.04747462
v -0.41847044 0.07147979 -1.05577755
v 0.42019867 0.07240959 -1.05555439
v 0.45528107 0.07444445 -1.04689467
v 0.48753863 0.07935297 -1.03783989
v -0.48736059 0.04507316 -1.03043556
v -0.45754993 0.04255949 -1.03871488
v -0.42661204 0.04120013 -1.04607617
v -0.3902724 0.04321942 -1.05438768
v 0.3921788 0.04238364 -1.05378365
v 0.42759695 0.04122092 -1.04588246
v 0.45766493 0.04311432 -1.03880643
v 0.48838791 0.04541994 -1.03013205
v -0.45551556 0.01334628 -1.02841186
v -0.42638057 0.01237248 -1.03576266
v -0.39560598 0.01272517 -1.04303169
v -0.36331003 0.01252077 -1.04920029
v -0.33340424 0.01130838 -1.05411863
v -0.30250653 0.00989939 -1.0589801
v 0.30237466 0.00943732 -1.05893087
v 0.33319959 0.01116862 -1.05413627
v 0.36321359 0.01235529 -1.04918575
v 0.39613208 0.01254116 -1.04290628
v 0.42627292 0.01250688 -1.0359013
v 0.45512267 0.01337818 -1.02856004
v -0.39318066 -0.01649272 -1.03065323
v -0.36280095 -0.01733043 -1.03711628
v -0.33041009 -0.0187351 -1.0431056
v -0.2959378 -0.01906906 -1.04927372
v -0.25948473 -0.01946248 -1.05470633
v 0.25935021 -0.01972845 -1.0546782
v 0.29584592 -0.01913883 -1.04927802
v 0.3302752 -0.01877763 -1.04311978
v 0.36258456 -0.01726005 -1.03719735
v 0.39308419 -0.01622728 -1.03084492
v -0.32367384 -0.0458504 -1.03079712
v -0.29151797 -0.04685581 -1.03599965
v -0.2571848 -0.0509858 -1.03899192
v -0.22995337 -0.04482169 -1.04662525
v -0.20021066 -0.04387134 -1.05054044
v -0.16713608 -0.04043402 -1.05559456
v 0.16657683 -0.04079397 -1.05542564
v 0.19990643 -0.04399158 -1.05047953
v 0.22982409 -0.04493963 -1.0466063
v 0.2571339 -0.05099964 -1.0389961
v 0.29143148 -0.04684941 -1.03601408
v 0.32355678 -0.04584357 -1.03082084
v -0.23298025 -0.06213995 -1.03480386
v -0.20184457 -0.06576892 -1.03446018
v -0.17089863 -0.06629234 -1.03572583
v -0.1399402 -0.06710414 -1.03596591
v -0.10991638 -0.0690201 -1.03539323
v -0.07762884 -0.07010228 -1.03504037
v -0.04354884 -0.07044778 -1.03496623
v -0.01062309 -0.07048178 -1.03489863
v 0.01565599 -0.07054538 -1.03482389
v 0.0421288 -0.07049483 -1.03482902
v 0.07530607 -0.07025541 -1.03500568
v 0.10895048 -0.06867844 -1.03583979
v 0.13940203 -0.06724533 -1.03591835
v 0.17034062 -0.06646145 -1.03554642
v 0.20156928 -0.06583663 -1.03437376
v 0.23291295 -0.06215976 -1.03478813
v 0.270962 0.52938365 -1.07759428
v 0.30024743 0.53237968 -1.07765674
v 0.24307355 0.51046407 -1.07138824
v 0.32706341 0.51941788 -1.07517576
v 0.23549565 0.48697343 -1.07933783
v 0.34816712 0.49273669 -1.07094299
v 0.23120045 0.45443609 -1.08005678
v 0.34579169 0.46053364 -1.0768305
v 0.23331645 0.42644137 -1.07681858
v 0.32476359 0.42338687 -1.07226705
v 0.23646746 0.40010976 -1.06865906
v 0.25881242 0.39524054 -1.06946682
v 0.2867676 0.39407566 -1.06507802
v -0.22884559 0.35660541 -1.06274235
v -0.19762462 0.35588571 -1.06446957
v -0.16651557 0.35637104 -1.06469512
v -0.13617935 0.35722398 -1.06391191
v -0.10672195 0.35922062 -1.062415
v 0.10501012 0.35677754 -1.06268024
v 0.13500115 0.35595673 -1.06396412
v 0.16519224 0.35580688 -1.06428957
v 0.19733947 0.35555827 -1.06326937
v 0.23109144 0.3572399 -1.06321549
v 0.25996279 0.35766786 -1.0624628
v -0.29181927 0.32839345 -1.06379807
v -0.25987762 0.32955247 -1.0672599
v -0.2289235 0.32894873 -1.0698328
v -0.19800671 0.32890999 -1.07081735
v -0.16664108 0.32943856 -1.07044005
v -0.13514858 0.33039921 -1.06917595
v -0.10446718 0.3315815 -1.06752157
v -0.07129813 0.33360618 -1.06560921
v -0.0393233 0.3340125 -1.06441986
v -0.01134792 0.33365589 -1.06397604
v 0.01466318 0.33275142 -1.06414198
v 0.04542347 0.33258637 -1.06481218
v 0.07930846 0.33266466 -1.06608223
v 0.11186887 0.33085706 -1.06793677
v 0.13941836 0.33022189 -1.06935071
v 0.16646088 0.32976475 -1.07031202
v 0.19733423 0.32963657 -1.07018196
v 0.23005007 0.32989388 -1.06864523
v 0.25889951 0.32740283 -1.06697773
v 0.28564304 0.32869082 -1.06295037
v -0.35320377 0.29380816 -1.06224227
v -0.32332149 0.29697287 -1.06687367
v -0.29127866 0.29835155 -1.07121682
v -0.26003009 0.2991645 -1.07431292
v -0.22905299 0.29881471 -1.07616746
v -0.19820494 0.29831355 -1.07661032
v -0.16708216 0.29838293 -1.07585096
v -0.13501387 0.29992348 -1.07418274
v -0.10321909 0.3014549 -1.07225203
v -0.07099894 0.30276668 -1.07042145
v -0.03948941 0.3037481 -1.06909227
v -0.01209817 0.30348923 -1.06857144
v 0.01197004 0.29981416 -1.06908619
v 0.04156076 0.29686862 -1.07009172
v 0.0748969 0.29828029 -1.0711925
v 0.1073903 0.29988098 -1.07266998
v 0.13662907 0.30042302 -1.07421875
v 0.16556224 0.29955434 -1.07567727
v 0.19645899 0.29931721 -1.07641434
v 0.2283228 0.29986804 -1.07574236
v 0.25923001 0.29909449 -1.07409429
v 0.28994017 0.29683762 -1.07128953
v 0.31927424 0.29610964 -1.06679451
v 0.34946394 0.2947025 -1.06031799
v -0.383515 0.26248836 -1.06172215
v -0.35272207 0.26464504 -1.06808054
v -0.32296961 0.26774168 -1.07281506
v -0.29130837 0.26849782 -1.07711529
v -0.25986117 0.26846593 -1.08000707
v -0.22855207 0.26802432 -1.081362
v -0.19798336 0.26728647 -1.08141076
v -0.16727322 0.26637128 -1.08047103
v -0.13468761 0.2681145 -1.07859253
v -0.10274097 0.27005744 -1.07651662
v -0.07103845 0.27138865 -1.07468581
v -0.04040456 0.27240711 -1.07334923
v -0.01472247 0.27257454 -1.07276392
v 0.00834269 0.26896008 -1.0732367
v 0.03856154 0.26180222 -1.07470822
v 0.07184566 0.2609477 -1.07603406
v 0.10418546 0.26525139 -1.07720482
v 0.13557639 0.26838809 -1.07867097
v 0.16709721 0.26827114 -1.0803312
v 0.1982885 0.26817995 -1.08132743
v 0.22919842 0.26843318 -1.08122706
v 0.25895124 0.26916194 -1.07982492
v 0.29029098 0.26846268 -1.07707715
v 0.32081258 0.26764336 -1.07282972
v 0.35097411 0.26643148 -1.06696546
v -0.38369119 0.23387178 -1.06612491
v -0.35348796 0.23650758 -1.07240235
v -0.32248193 0.23787269 -1.07769465
v -0.29094633 0.23829793 -1.08174991
v -0.25910249 0.23806944 -1.08417105
v -0.22779941 0.23817041 -1.08504438
v -0.19830472 0.23815581 -1.08480644
v -0.16799657 0.23637107 -1.08386373
v -0.13414347 0.23801446 -1.08199775
v -0.10203965 0.23945733 -1.08005607
v -0.07070826 0.2402535 -1.07839894
v -0.03958487 0.24065342 -1.07723593
v -0.01201997 0.24102211 -1.07667517
v 0.01192881 0.24074761 -1.07673299
v 0.03985873 0.23534369 -1.07793307
v 0.07210695 0.2310947 -1.07957518
v 0.10621626 0.23114299 -1.08121967
v 0.14031541 0.23286765 -1.08287382
v 0.17447672 0.23510314 -1.08431315
v 0.20698386 0.23730713 -1.08499121
v 0.23698742 0.23880475 -1.08486914
v 0.2619327 0.23903435 -1.08386135
v 0.29036706 0.23844018 -1.08162236
v 0.32148054 0.23767584 -1.0777148
v 0.35210982 0.23675584 -1.07228899
v 0.38303017 0.23578509 -1.06485414
v -0.41173392 0.20244431 -1.06263065
v -0.38270735 0.20466893 -1.0700103
v -0.35336172 0.20694625 -1.0760014
v -0.32209152 0.20767805 -1.08116936
v -0.29041862 0.20778881 -1.08478641
v -0.25824561 0.20530924 -1.08688712
v -0.22849135 0.20343256 -1.08757531
v -0.20051175 0.20387542 -1.08733439
v -0.16966521 0.20341712 -1.0864675
v -0.13444834 0.20728278 -1.08474314
v -0.10172458 0.20898722 -1.08306324
v -0.07058613 0.20932623 -1.08169269
v -0.03913387 0.20940744 -1.08073949
v -0.00852843 0.20927196 -1.08033657
v 0.0184456 0.21029669 -1.08028626
v 0.04391661 0.20995071 -1.08080983
v 0.07204098 0.20589447 -1.082147
v 0.10307384 0.20099069 -1.08391833
v 0.13583011 0.19780871 -1.08563065
v 0.16977603 0.19968983 -1.08681225
v 0.20340965 0.20416808 -1.08733189
v 0.23586516 0.20884987 -1.08723664
v 0.26186108 0.20827031 -1.08654832
v 0.29026913 0.20745188 -1.08467865
v 0.32152944 0.20718869 -1.08116471
v 0.35273647 0.20665612 -1.0761044
v 0.38183954 0.20477917 -1.07006311
v 0.41115737 0.20299455 -1.06203579
v -0.41046422 0.17510262 -1.06536316
v -0.38285914 0.17650379 -1.07220315
v -0.35314756 0.17720906 -1.07808363
v -0.32176631 0.17783744 -1.08283233
v -0.29011824 0.17763564 -1.08603036
v -0.25991511 0.17218183 -1.08774972
v -0.23404699 0.16698339 -1.08837389
v -0.20722679 0.16701486 -1.08849716
v -0.17465002 0.16835571 -1.08810162
v -0.13762888 0.17503954 -1.08692324
v -0.10291361 0.17745377 -1.08566927
v -0.07058471 0.17787638 -1.08463811
v -0.03940663 0.17801739 -1.08393037
v -0.00783973 0.17795434 -1.08364284
v 0.0231878 0.17818875 -1.08374404
v 0.05244897 0.17909358 -1.0841155
v 0.08003239 0.17781776 -1.0849328
v 0.10579881 0.17478877 -1.0859797
v 0.13357652 0.16923314 -1.08722412
v 0.16435234 0.16661913 -1.08815646
v 0.19581681 0.17039966 -1.08857059
v 0.22813242 0.17750209 -1.08845913
v 0.25847914 0.1778724 -1.08775806
v 0.28975567 0.17734736 -1.08596098
v 0.32146602 0.17710059 -1.08280193
v 0.35294163 0.17682816 -1.07809412
v 0.38255244 0.17631781 -1.0723288
v 0.41002941 0.17514142 -1.06548368
v -0.41234651 0.14546248 -1.06554055
v -0.38379722 0.14594954 -1.07228183
v -0.35318422 0.14601397 -1.07795262
v -0.32138764 0.14667972 -1.08239305
v -0.29011237 0.14606303 -1.08533644
v -0.26270097 0.13926222 -1.08665537
v -0.23846253 0.13304877 -1.08731508
v -0.21041508 0.13312071 -1.08799994
v -0.17776727 0.13690975 -1.08842659
v -0.14202849 0.14489841 -1.08815634
v -0.10591416 0.14644907 -1.08762979
v -0.07110869 0.14626956 -1.08709406
v -0.03955527 0.14625018 -1.08671259
v -0.00844169 0.14633353 -1.08654224
v 0.02310079 0.14640829 -1.08661758
v 0.05474107 0.14679676 -1.08688283
v 0.08509694 0.14670066 -1.08731973
v 0.11142197 0.14661042 -1.08772254
v 0.13689586 0.14467757 -1.08820366
v 0.16657245 0.14188125 -1.08856511
v 0.19747801 0.14354261 -1.08862328
v 0.22699649 0.14807254 -1.08837676
v 0.25764536 0.14758989 -1.08741521
v 0.28951156 0.14727824 -1.08555388
v 0.32137996 0.1470236 -1.08251285
v 0.35302817 0.14560233 -1.07793808
v 0.38359025 0.14569452 -1.07231688
v 0.412193 0.14535456 -1.06563186
v -0.41162419 0.1086477 -1.06334924
v -0.38201075 0.10931308 -1.06991422
v -0.3520379 0.10902938 -1.07495236
v -0.32079011 0.10914407 -1.0790683
v -0.29024714 0.10818619 -1.08201777
v -0.26499503 0.10371798 -1.08356356
v -0.24088721 0.10079243 -1.08474373
v -0.21141454 0.10288269 -1.08627009
v -0.17968796 0.10960131 -1.08778333
v -0.14641748 0.11561305 -1.08843565
v -0.10912159 0.11564682 -1.08871054
v -0.07170165 0.11492972 -1.08878088
v -0.03955998 0.1147274 -1.08878636
v -0.00868704 0.11468554 -1.0887804
v 0.02246629 0.11477246 -1.08878421
v 0.05392422 0.1150091 -1.08879375
v 0.08567032 0.11524079 -1.08879804
v 0.11646813 0.11568785 -1.08869791
v 0.14613439 0.11624208 -1.08846581
v 0.17707008 0.11522916 -1.08809328
v 0.20629651 0.11566321 -1.08750176
v 0.231864 0.11778957 -1.08678388
v 0.25914579 0.11599046 -1.0852735
v 0.28914848 0.11549481 -1.08312797
v 0.32080113 0.11445141 -1.07988596
v 0.35180833 0.11000394 -1.07514727
v 0.38187387 0.10909709 -1.06991076
v 0.41182342 0.10882148 -1.06337547
v -0.38390064 0.0731031 -1.0634787
v -0.3496733 0.07365509 -1.06958174
v -0.3196766 0.07308316 -1.07357132
v -0.29203093 0.07119281 -1.07618165
v -0.26698139 0.0701662 -1.0786072
v -0.24180913 0.07029541 -1.08078026
v -0.21197247 0.07435853 -1.08338975
v -0.18034356 0.08296776 -1.08612895
v -0.14709477 0.08543419 -1.08764052
v -0.10925281 0.08475076 -1.08873438
v -0.0717314 0.08380012 -1.08941054
v -0.03969271 0.08347668 -1.08978343
v -0.00885711 0.08343163 -1.0899409
v 0.02224951 0.08346632 -1.08988761
v 0.05351525 0.08361133 -1.0896312
v 0.08503548 0.08385885 -1.08916413
v 0.11674528 0.0842131 -1.08849632
v 0.14818815 0.08498243 -1.08760094
v 0.18008992 0.08519135 -1.08642566
v 0.21137595 0.08469882 -1.08480906
v 0.23960056 0.08374208 -1.08282327
v 0.26582992 0.07899276 -1.08005189
v 0.29223436 0.07765147 -1.07731485
v 0.31968033 0.07851342 -1.074579
v 0.34960544 0.07470418 -1.06980717
v 0.38494896 0.07294035 -1.06321847
v -0.35189735 0.04549484 -1.06207108
v -0.32336294 0.04444694 -1.06628871
v -0.29917061 0.04034421 -1.06850302
v -0.27132844 0.03961936 -1.07185792
v -0.24124351 0.03993055 -1.07530772
v -0.20942607 0.04393136 -1.07908296
v -0.17723658 0.05203314 -1.08296799
v -0.14316043 0.05334479 -1.08544099
v -0.10670132 0.05373239 -1.08725917
v -0.07143594 0.05326916 -1.08853077
v -0.03998197 0.05264303 -1.08912229
v -0.00903969 0.0524956 -1.08938789
v 0.02228275 0.05248723 -1.08928108
v 0.05385438 0.05264919 -1.08881855
v 0.08527271 0.05283612 -1.08793211
v 0.11633722 0.05372634 -1.08686506
v 0.1470144 0.05376679 -1.08530545
v 0.17873701 0.05223191 -1.08293664
v 0.21102526 0.04958945 -1.07996118
v 0.24180029 0.04617264 -1.07644438
v 0.27148556 0.04135819 -1.07224655
v 0.29920083 0.04100213 -1.06868541
v 0.32327914 0.04537021 -1.06650114
v 0.35243326 0.04501319 -1.0618596
v -0.26732614 0.01013113 -1.06435453
v -0.23289009 0.01030179 -1.06921482
v -0.20120248 0.01198209 -1.0732584
v -0.16924507 0.0172389 -1.07748162
v -0.13593974 0.019443 -1.08079707
v -0.10380342 0.02048765 -1.08267259
v -0.07152415 0.02198047 -1.08481705
v -0.04040547 0.02192876 -1.08574581
v -0.00898923 0.02164651 -1.08601331
v 0.02279459 0.02173005 -1.08590555
v 0.0539711 0.02215916 -1.08541274
v 0.08350085 0.02201643 -1.08420372
v 0.11255372 0.0234594 -1.08310782
v 0.14124777 0.02209331 -1.08102703
v 0.17227035 0.01692525 -1.07716405
v 0.20344115 0.01358484 -1.07338929
v 0.23341946 0.01153382 -1.06946802
v 0.2672486 0.00960454 -1.06431174
v -0.22581189 -0.01709089 -1.060732
v -0.19681686 -0.01631375 -1.06469583
v -0.16590096 -0.01379871 -1.06882333
v -0.13324417 -0.01122049 -1.07274103
v -0.10435693 -0.01142968 -1.07418072
v -0.07321371 -0.00861061 -1.07704091
v -0.04110001 -0.00741683 -1.07860112
v -0.0089511 -0.00741976 -1.07898378
v 0.02133021 -0.00711449 -1.07897877
v 0.04928027 -0.00676298 -1.07858419
v 0.07609671 -0.00802369 -1.07719516
v 0.10450999 -0.00680819 -1.07621765
v 0.1336264 -0.00805123 -1.0737915
v 0.16622322 -0.01391672 -1.06876277
v 0.19709065 -0.01622661 -1.06466805
v 0.2256277 -0.01726315 -1.0607233
v -0.13325649 -0.035718 -1.06057965
v -0.10463976 -0.03520166 -1.06247854
v -0.0742397 -0.03392282 -1.06443667
v -0.04196717 -0.03367444 -1.0654006
v -0.01042912 -0.03385142 -1.06563067
v 0.01625157 -0.03379052 -1.06559443
v 0.04235105 -0.0335372 -1.06532836
v 0.07228496 -0.03419207 -1.06448245
v 0.10317271 -0.03335502 -1.06382751
v 0.13265173 -0.03506217 -1.06095695
v 0.27099305 0.508897 -1.10960745
v 0.29952687 0.51680678 -1.11124563
v 0.32770371 0.50819623 -1.10985517
v 0.25011384 0.48902773 -1.1042509
v 0.34785541 0.48596853 -1.10736835
v 0.24353203 0.45446741 -1.1066693
v 0.34677708 0.4579457 -1.10941386
v 0.24908235 0.4248749 -1.10338401
v 0.26512798 0.4140768 -1.10799145
v 0.29143789 0.40869987 -1.10918617
v 0.32726013 0.42228364 -1.11887025
v 0.26961594 0.48505628 -1.13369584
v 0.2994062 0.49470627 -1.14127993
v 0.32781323 0.49044373 -1.14049792
v 0.34844934 0.47401869 -1.13677001
v 0.25787627 0.45272922 -1.13593864
v 0.35183537 0.45311349 -1.13897013
v 0.26562818 0.42081618 -1.13803076
v 0.34843194 0.42254883 -1.15026593
v 0.29340529 0.3987078 -1.1489793
v 0.32637819 0.39581924 -1.15452313
v 0.27781334 0.47063157 -1.15863835
v 0.29916209 0.47153008 -1.1681087
v 0.27120041 0.44838988 -1.16554451
v 0.32716643 0.46676728 -1.17043447
v 0.35014343 0.44995844 -1.16435098
v 0.27292862 0.42140972 -1.17355895
v 0.35424265 0.4217633 -1.17240428
v 0.2833971 0.39860498 -1.17529988
v 0.29999822 0.38230815 -1.17771971
v 0.35223856 0.39798858 -1.17564606
v 0.32837986 0.37292414 -1.18570828
v 0.29585087 0.44468304 -1.18953776
v 0.32696855 0.44029444 -1.20010209
v 0.29311355 0.41876304 -1.20381426
v 0.35357525 0.42338568 -1.19692707
v 0.28886145 0.39443996 -1.20504427
v 0.36168032 0.39197328 -1.20340383
v 0.30183529 0.36664271 -1.21120452
v 0.32852283 0.35660886 -1.21008253
v 0.35393574 0.36736595 -1.20688545
v 0.32332581 0.41258209 -1.22678375
v 0.3550947 0.4053007 -1.23034179
v 0.30480927 0.39093604 -1.23093998
v 0.36730334 0.38481128 -1.23430466
v 0.30237007 0.36356458 -1.23604404
v 0.3756181 0.35979175 -1.24081468
v 0.30941146 0.34325403 -1.24036979
v 0.32914251 0.33090686 -1.2407298
v 0.35467433 0.3327496 -1.24128222
v 0.32502412 0.38170325 -1.25662541
v 0.35837245 0.38037836 -1.25832033
v 0.31447929 0.35766452 -1.2649703
v 0.37830346 0.35742127 -1.26363563
v 0.31521493 0.33246636 -1.27010297
v 0.3805027 0.33533531 -1.26296782
v 0.32949283 0.31298491 -1.27051281
v 0.35446354 0.30716115 -1.27036202
v 0.3790099 0.31063866 -1.2778089
v 0.3298285 0.35088521 -1.28911054
v 0.3584584 0.35504999 -1.29322135
v 0.38229095 0.34473472 -1.29403066
v 0.3235917 0.32695573 -1.29686474
v 0.38964274 0.32600814 -1.29745042
v 0.3302679 0.29847329 -1.30242538
v 0.35462299 0.28713583 -1.30023098
v 0.38551002 0.29714214 -1.30562949
v 0.33454507 0.32366865 -1.32170295
v 0.36147961 0.33211457 -1.32572102
v 0.38891974 0.32399544 -1.32279455
v 0.33078107 0.2991079 -1.32769453
v 0.39542684 0.29961174 -1.3293482
v 0.33652395 0.27986538 -1.32752823
v 0.3576951 0.26684129 -1.32816219
v 0.38906136 0.27230593 -1.33470177
v 0.36434632 0.31065124 -1.35838294
v 0.34166109 0.30000397 -1.35568428
v 0.394777 0.30205678 -1.35535717
v 0.34208399 0.27128669 -1.36091327
v 0.40874439 0.27168312 -1.36673855
v 0.35960727 0.24868968 -1.36115288
v 0.39121305 0.23764038 -1.36930692
v 0.36080443 0.29399269 -1.38090145
v 0.39106786 0.28872677 -1.38876104
v 0.35527029 0.26630961 -1.39242529
v 0.41366744 0.27033916 -1.39082276
v 0.35869997 0.23439917 -1.39256262
v 0.41823709 0.24236968 -1.39393663
v 0.38426768 0.20462486 -1.39801502
v 0.41851452 0.2078779 -1.40702343
v 0.3827444 0.26399785 -1.41368806
v 0.41143101 0.26328876 -1.41259932
v 0.36603146 0.23338028 -1.41859531
v 0.38908308 0.23533 -1.43218493
v 0.41827029 0.23224958 -1.42589902
v 0.37019228 0.19733741 -1.42414593
v 0.4244394 0.20539817 -1.42369031
v 0.37335693 0.16692051 -1.42965388
v 0.3891617 0.16787058 -1.41398251
v 0.41978496 0.17548219 -1.42200279
v 0.37507942 0.14251124 -1.43070912
v 0.39092832 0.14076377 -1.41937542
v 0.41791021 0.14092204 -1.42709088
v 0.3747313 0.11311071 -1.43123459
v 0.39094036 0.11202364 -1.42035365
v 0.41531419 0.1099552 -1.42715191
v 0.370462 0.07795127 -1.42947411
v 0.38947531 0.07782514 -1.41844451
v 0.41349661 0.07682739 -1.42577481
v 0.37163835 0.04470645 -1.42597496
v 0.38805055 0.04511782 -1.41676449
v 0.41200655 0.04479594 -1.42532193
v 0.38676309 0.01937664 -1.42538023
v 0.41108661 0.01254295 -1.4329065
v 0.39427003 -0.01443511 -1.43349325
v 0.41893643 -0.01782489 -1.43435406
v 0.39372187 0.19731988 -1.44357633
v 0.42026177 0.19938483 -1.44142174
v 0.39523673 0.16585464 -1.44713449
v 0.42040735 0.16696517 -1.44564414
v 0.393278 0.14009475 -1.44656682
v 0.41845127 0.13965842 -1.44604492
v 0.38821464 0.10528444 -1.44790172
v 0.41467559 0.10914024 -1.44524717
v 0.37576076 0.07532479 -1.44688201
v 0.39146235 0.07634738 -1.45255684
v 0.41274482 0.07683363 -1.44551277
v 0.37656968 0.04466605 -1.44522953
v 0.39108061 0.05178929 -1.45183944
v 0.40785461 0.04631239 -1.44484543
v 0.39766424 0.01722046 -1.44478869
v 0.39803725 -0.01771138 -1.45517349
v 0.42085385 -0.00465735 -1.45282304
v 0.43632143 -0.02998105 -1.45565855
v 0.40401667 -0.04705081 -1.45253861
v 0.42125707 -0.04323968 -1.44563686
v 0.43649679 -0.05531295 -1.46260654
v 0.42192795 -0.06571321 -1.4681797
v 0.42110836 -0.02925676 -1.47180724
v 0.40598183 -0.05165106 -1.47429597
v 0.42268335 -0.05370297 -1.48565995
v 0.43630367 -0.04737993 -1.4788413
v 0.42375522 -0.07094106 -1.48636269
v 0.43932175 -0.06701602 -1.48269486
g ZBrush_defualt_group
f 2 1 4 5
f 3 2 5 6
f 5 4 7 8
f 6 5 8 9
f 11 10 13 14
f 12 11 14 15
f 14 13 16 17
f 15 14 17 18
f 19 15 18
f 1 17 16 20
f 1 2 18 17
f 2 3 19 18
f 19 3 21
f 1 20 22 4
f 21 3 6 23
f 4 22 24 7
f 25 23 6 9
f 24 25 8 7
f 25 9 8
f 26 62 28 29
f 27 26 29 30
f 29 28 31 32
f 30 29 32 33
f 10 31 34
f 10 11 32 31
f 11 12 33 32
f 33 12 35
f 10 34 36 13
f 35 12 15 37
f 13 36 38 16
f 40 37 15 19
f 16 38 41 20
f 42 40 19 21
f 41 43 22 20
f 43 42 21 23
f 25 24 22 43
f 25 43 23
f 44 83 46 47
f 45 44 47 48
f 49 84 45 48
f 47 46 50 51
f 48 47 51 52
f 49 48 52 53
f 51 50 54 55
f 52 51 55 56
f 53 52 56 57
f 55 54 58 59
f 56 55 59 60
f 57 56 60 61
f 59 58 62 26
f 26 27 60 59
f 63 61 60 27
f 28 62 64
f 27 30 65 63
f 28 64 66 31
f 65 30 33 68
f 31 66 69 34
f 68 33 35 71
f 69 72 36 34
f 72 71 35 37
f 39 38 36 72
f 37 40 39 72
f 41 38 39
f 39 40 42 41
f 43 41 42
f 73 110 75 76
f 74 73 76 77
f 78 111 74 77
f 76 75 79 80
f 77 76 80 81
f 78 77 81 82
f 80 79 83 44
f 44 45 81 80
f 84 82 81 45
f 46 83 85
f 84 49 86
f 46 85 87 50
f 86 49 53 88
f 50 87 89 54
f 88 53 57 90
f 54 89 91 58
f 90 57 61 94
f 58 91 95 62
f 97 94 61 63
f 62 95 98 64
f 65 100 97 63
f 98 66 64
f 98 99 67 66
f 99 100 68 67
f 68 100 65
f 66 67 70 69
f 67 68 71 70
f 72 69 70 71
f 101 104 102
f 103 102 104 105
f 106 103 105
f 108 107 110 73
f 73 74 109 108
f 74 111 140 109
f 75 110 112
f 111 78 113
f 75 112 114 79
f 113 78 82 115
f 79 114 116 83
f 115 82 84 117
f 83 116 118 85
f 117 84 86 119
f 85 118 120 87
f 119 86 88 123
f 87 120 124 89
f 126 123 88 90
f 124 91 89
f 124 125 92 91
f 125 126 93 92
f 90 94 93 126
f 91 92 96 95
f 92 93 97 96
f 94 97 93
f 95 96 99 98
f 96 97 100 99
f 128 127 101 102
f 129 128 102 103
f 101 127 130 104
f 106 132 129 103
f 130 131 105 104
f 131 132 106 105
f 107 133 176 139
f 107 108 134 133
f 108 109 135 134
f 109 140 178 135
f 136 180 141 142
f 137 136 142 143
f 138 137 143 144
f 110 107 139 145
f 140 111 146
f 142 141 147 148
f 143 142 148 149
f 144 143 149 150
f 112 110 145 151
f 146 111 113 152
f 114 112 151 153
f 152 113 115 154
f 116 114 153 155
f 154 115 117 156
f 157 118 116 155
f 159 156 117 119
f 157 120 118
f 157 158 121 120
f 158 159 122 121
f 119 123 122 159
f 120 121 125 124
f 121 122 126 125
f 123 126 122
f 161 160 163 127
f 127 128 162 161
f 128 129 165 162
f 127 163 164
f 127 164 166 130
f 167 165 129 132
f 166 167 131 130
f 167 132 131
f 133 168 304 176
f 133 134 169 168
f 134 135 177 169
f 135 178 177
f 170 309 179 180
f 171 170 180 136
f 136 137 172 171
f 137 138 173 172
f 181 174 173 138
f 182 310 174 181
f 176 175 183 139
f 178 140 184
f 180 179 185 141
f 138 144 186 181
f 182 181 186 187
f 183 331 195 196
f 145 139 183 196
f 184 140 146 197
f 147 141 185 198
f 144 150 199 186
f 187 186 199 200
f 201 335 187 200
f 188 335 201 202
f 189 188 202 203
f 190 189 203 204
f 191 190 204 205
f 192 191 205 206
f 193 192 206 207
f 194 193 207 208
f 195 194 208 209
f 196 195 209 210
f 151 145 196 210
f 197 146 152 211
f 147 198 344 212
f 148 147 212 213
f 149 148 213 214
f 150 149 214 215
f 215 216 199 150
f 200 199 216 217
f 201 200 217 218
f 202 201 218 219
f 203 202 219 220
f 204 203 220 221
f 205 204 221 222
f 206 205 222 223
f 207 206 223 224
f 208 207 224 225
f 209 208 225 226
f 210 209 226 227
f 153 151 210 227
f 211 152 154 228
f 213 212 229 230
f 214 213 230 231
f 215 214 231 232
f 216 215 232 233
f 217 216 233 234
f 218 217 234 235
f 219 218 235 236
f 220 219 236 237
f 221 220 237 238
f 222 221 238 239
f 223 222 239 240
f 224 223 240 241
f 225 224 241 242
f 226 225 242 243
f 227 226 243 244
f 155 153 227 244
f 228 154 156 245
f 231 353 246 232
f 233 232 246 247
f 234 233 247 248
f 235 234 248 249
f 236 235 249 250
f 237 236 250 251
f 238 237 251 252
f 239 238 252 253
f 240 239 253 254
f 241 240 254 255
f 242 241 255 256
f 243 242 256 257
f 244 243 257 258
f 244 258 259 155
f 157 155 259
f 159 261 245 156
f 249 361 262 250
f 251 250 262 263
f 252 251 263 264
f 253 252 264 265
f 254 253 265 266
f 255 254 266 267
f 256 255 267 268
f 257 256 268 269
f 258 257 269 270
f 259 258 270 271
f 259 271 272 157
f 260 158 157 272
f 260 261 159 158
f 160 274 273 276
f 160 161 275 274
f 161 162 277 275
f 160 276 278 163
f 165 281 277 162
f 278 279 164 163
f 164 279 280 166
f 166 280 282 167
f 281 165 167 282
f 283 449 288 289
f 290 450 283 289
f 284 460 300 301
f 285 284 301 302
f 303 461 285 302
f 304 168 305
f 305 168 169 286
f 169 177 306 286
f 287 473 308 309
f 288 287 309 170
f 170 171 289 288
f 171 172 290 289
f 172 173 291 290
f 173 174 292 291
f 310 293 292 174
f 294 293 310 311
f 295 294 311 312
f 296 295 312 313
f 297 296 313 314
f 298 297 314 315
f 299 298 315 316
f 300 299 316 317
f 301 300 317 318
f 302 301 318 319
f 303 302 319 175
f 175 176 304 303
f 177 178 307 306
f 178 320 474 307
f 309 308 322 179
f 323 311 310 182
f 312 311 323 324
f 313 312 324 325
f 314 313 325 326
f 315 314 326 327
f 316 315 327 328
f 317 316 328 329
f 318 317 329 330
f 319 318 330 331
f 183 175 319 331
f 178 184 332 320
f 332 490 321 320
f 322 489 333 334
f 185 179 322 334
f 182 187 335 323
f 324 323 335 188
f 188 189 325 324
f 189 190 326 325
f 190 191 327 326
f 191 192 328 327
f 192 193 329 328
f 193 194 330 329
f 194 195 331 330
f 184 197 336 332
f 337 490 332 336
f 334 333 338 339
f 198 185 334 339
f 197 211 340 336
f 337 336 340 341
f 339 338 342 343
f 339 343 344 198
f 211 228 345 340
f 341 340 345 346
f 342 514 347 343
f 344 343 347 348
f 229 212 344 348
f 228 245 349 345
f 349 515 346 345
f 347 520 350 348
f 348 350 351 229
f 230 229 351 352
f 231 230 352 353
f 245 261 354 349
f 350 527 355 351
f 352 351 355 356
f 353 352 356 357
f 353 357 358 246
f 247 246 358 359
f 248 247 359 360
f 249 248 360 361
f 260 272 362
f 261 260 362 363
f 363 364 354 261
f 355 532 365 356
f 365 533 357 356
f 357 533 366 358
f 359 358 366 367
f 360 359 367 368
f 361 360 368 369
f 361 369 370 262
f 263 262 370 371
f 264 263 371 372
f 265 264 372 373
f 266 265 373 374
f 267 266 374 375
f 268 267 375 376
f 269 268 376 377
f 270 269 377 378
f 271 270 378 379
f 272 271 379 380
f 380 381 362 272
f 381 534 363 362
f 371 545 382 372
f 373 372 382 383
f 383 546 374 373
f 273 384 386 389
f 273 274 385 384
f 274 275 387 385
f 275 277 388 387
f 276 273 389
f 388 277 391
f 278 276 389 390
f 278 390 392 279
f 393 391 277 281
f 392 393 280 279
f 393 281 282 280
f 394 659 418 419
f 395 394 419 420
f 396 395 420 421
f 397 396 421 422
f 398 397 422 423
f 399 398 423 424
f 400 399 424 425
f 401 400 425 426
f 402 401 426 427
f 403 402 427 428
f 404 403 428 429
f 405 404 429 430
f 406 405 430 431
f 407 406 431 432
f 408 407 432 433
f 409 408 433 434
f 410 409 434 435
f 411 410 435 436
f 412 411 436 437
f 413 412 437 438
f 414 413 438 439
f 415 414 439 440
f 416 415 440 441
f 442 660 416 441
f 417 668 444 445
f 418 417 445 446
f 419 418 446 447
f 420 419 447 448
f 421 420 448 449
f 422 421 449 283
f 450 423 422 283
f 424 423 450 451
f 425 424 451 452
f 426 425 452 453
f 427 426 453 454
f 428 427 454 455
f 429 428 455 456
f 430 429 456 457
f 431 430 457 458
f 432 431 458 459
f 433 432 459 460
f 434 433 460 284
f 284 285 435 434
f 461 436 435 285
f 437 436 461 462
f 438 437 462 463
f 439 438 463 286
f 464 440 439 286
f 441 440 464 465
f 442 441 465 466
f 443 442 466 467
f 468 669 443 467
f 444 675 469 470
f 445 444 470 471
f 446 445 471 472
f 447 446 472 473
f 448 447 473 287
f 287 288 449 448
f 290 291 451 450
f 291 292 452 451
f 292 293 453 452
f 293 294 454 453
f 294 295 455 454
f 295 296 456 455
f 296 297 457 456
f 297 298 458 457
f 298 299 459 458
f 299 300 460 459
f 303 304 462 461
f 304 305 463 462
f 305 286 463
f 286 306 464
f 306 307 465 464
f 474 466 465 307
f 467 466 474 475
f 468 467 475 476
f 477 676 468 476
f 470 469 479 480
f 471 470 480 481
f 472 471 481 482
f 473 472 482 308
f 320 321 475 474
f 483 476 475 321
f 477 476 483 484
f 478 477 484 485
f 480 479 486 487
f 481 480 487 488
f 482 481 488 489
f 322 308 482 489
f 490 491 483 321
f 484 483 491 492
f 485 484 492 493
f 487 486 494 495
f 488 487 495 496
f 489 488 496 333
f 497 491 490 337
f 492 491 497 498
f 493 492 498 499
f 495 494 500 501
f 496 495 501 502
f 338 333 496 502
f 337 341 503 497
f 498 497 503 504
f 499 498 504 505
f 501 500 506 507
f 502 501 507 508
f 342 338 502 508
f 341 346 509 503
f 504 503 509 510
f 505 504 510 511
f 506 719 512 507
f 508 507 512 513
f 508 513 514 342
f 515 516 509 346
f 510 509 516 517
f 517 720 511 510
f 512 726 518 513
f 514 513 518 519
f 514 519 520 347
f 349 354 521
f 521 522 515 349
f 516 515 522 523
f 523 727 517 516
f 519 518 524 525
f 520 519 525 526
f 520 526 527 350
f 354 364 528 521
f 522 521 528 529
f 523 522 529 530
f 526 740 531 527
f 527 531 532 355
f 364 363 534 535
f 535 536 528 364
f 536 741 529 528
f 531 748 537 532
f 532 537 538 365
f 538 539 533 365
f 533 539 540 366
f 367 366 540 541
f 368 367 541 542
f 369 368 542 543
f 370 369 543 544
f 371 370 544 545
f 375 374 546 547
f 376 375 547 548
f 377 376 548 549
f 378 377 549 550
f 379 378 550 551
f 380 379 551 552
f 381 380 552 553
f 553 554 534 381
f 554 749 535 534
f 540 757 555 541
f 542 541 555 556
f 543 542 556 557
f 544 543 557 558
f 545 544 558 559
f 545 559 560 382
f 383 382 560 561
f 561 562 546 383
f 547 546 562 563
f 548 547 563 564
f 549 548 564 565
f 550 549 565 566
f 551 550 566 567
f 567 758 552 551
f 568 384 569
f 570 569 384 385
f 385 387 571 570
f 386 384 568 572
f 387 388 574 571
f 389 386 572 573
f 389 573 575 390
f 574 388 391 577
f 390 575 576 392
f 576 577 393 392
f 393 577 391
f 580 882 602 603
f 581 580 603 604
f 582 581 604 605
f 583 582 605 606
f 584 583 606 607
f 585 584 607 608
f 586 585 608 609
f 587 586 609 610
f 588 587 610 611
f 589 588 611 612
f 590 589 612 613
f 591 590 613 614
f 592 591 614 615
f 593 592 615 616
f 594 593 616 617
f 595 594 617 618
f 596 595 618 619
f 597 596 619 620
f 598 597 620 621
f 599 598 621 622
f 623 883 599 622
f 600 891 626 627
f 601 600 627 628
f 602 601 628 629
f 603 602 629 630
f 604 603 630 631
f 605 604 631 632
f 606 605 632 633
f 607 606 633 634
f 608 607 634 635
f 609 608 635 636
f 610 609 636 637
f 611 610 637 638
f 612 611 638 639
f 613 612 639 640
f 614 613 640 641
f 615 614 641 642
f 616 615 642 643
f 617 616 643 644
f 618 617 644 645
f 619 618 645 646
f 620 619 646 647
f 621 620 647 648
f 622 621 648 649
f 623 622 649 650
f 624 623 650 651
f 625 624 651 652
f 653 892 625 652
f 626 899 656 657
f 627 626 657 658
f 628 627 658 659
f 629 628 659 394
f 394 395 630 629
f 395 396 631 630
f 396 397 632 631
f 397 398 633 632
f 398 399 634 633
f 399 400 635 634
f 400 401 636 635
f 401 402 637 636
f 402 403 638 637
f 403 404 639 638
f 404 405 640 639
f 405 406 641 640
f 406 407 642 641
f 407 408 643 642
f 408 409 644 643
f 409 410 645 644
f 410 411 646 645
f 411 412 647 646
f 412 413 648 647
f 413 414 649 648
f 414 415 650 649
f 415 416 651 650
f 660 652 651 416
f 653 652 660 661
f 654 653 661 662
f 663 900 654 662
f 655 907 665 666
f 656 655 666 667
f 657 656 667 668
f 658 657 668 417
f 417 418 659 658
f 442 443 661 660
f 669 662 661 443
f 663 662 669 670
f 664 663 670 671
f 672 908 664 671
f 666 665 673 674
f 667 666 674 675
f 668 667 675 444
f 676 670 669 468
f 671 670 676 677
f 672 671 677 678
f 679 916 672 678
f 673 922 680 681
f 674 673 681 682
f 675 674 682 469
f 477 478 677 676
f 683 678 677 478
f 679 678 683 684
f 685 923 679 684
f 681 680 686 687
f 682 681 687 688
f 479 469 682 688
f 478 485 689 683
f 684 683 689 690
f 685 684 690 691
f 687 686 692 693
f 688 687 693 694
f 486 479 688 694
f 485 493 695 689
f 690 689 695 696
f 691 690 696 697
f 693 692 698 699
f 694 693 699 700
f 494 486 694 700
f 493 499 701 695
f 696 695 701 702
f 697 696 702 703
f 699 698 704 705
f 700 699 705 706
f 500 494 700 706
f 499 505 707 701
f 702 701 707 708
f 703 702 708 709
f 705 704 710 711
f 706 705 711 712
f 506 500 706 712
f 505 511 713 707
f 708 707 713 714
f 709 708 714 715
f 711 710 716 717
f 712 711 717 718
f 712 718 719 506
f 720 721 713 511
f 714 713 721 722
f 722 962 715 714
f 716 968 723 717
f 718 717 723 724
f 719 718 724 725
f 719 725 726 512
f 727 728 720 517
f 721 720 728 729
f 729 969 722 721
f 723 975 730 724
f 725 724 730 731
f 726 725 731 732
f 524 518 726 732
f 523 530 733 727
f 728 727 733 734
f 729 728 734 735
f 730 980 736 731
f 732 731 736 737
f 732 737 738 524
f 525 524 738 739
f 526 525 739 740
f 530 529 741 742
f 742 743 733 530
f 734 733 743 744
f 744 981 735 734
f 737 985 745 738
f 739 738 745 746
f 740 739 746 747
f 740 747 748 531
f 536 535 749 750
f 750 751 741 536
f 742 741 751 752
f 752 986 743 742
f 747 992 753 748
f 748 753 754 537
f 538 537 754 755
f 539 538 755 756
f 540 539 756 757
f 553 552 758 759
f 554 553 759 760
f 760 761 749 554
f 761 993 750 749
f 756 1001 762 757
f 757 762 763 555
f 556 555 763 764
f 557 556 764 765
f 558 557 765 766
f 559 558 766 767
f 560 559 767 768
f 561 560 768 769
f 562 561 769 770
f 563 562 770 771
f 564 563 771 772
f 565 564 772 773
f 566 565 773 774
f 567 566 774 775
f 567 775 1002 758
f 568 777 776 780
f 568 569 778 777
f 569 570 779 778
f 570 571 781 779
f 780 782 572 568
f 784 781 571 574
f 572 782 573
f 573 782 783 575
f 783 784 576 575
f 574 577 576 784
f 785 1040 793 794
f 786 785 794 795
f 787 786 795 796
f 788 787 796 797
f 789 788 797 798
f 790 789 798 799
f 791 790 799 800
f 792 791 800 801
f 802 1041 792 801
f 794 793 803 804
f 795 794 804 578
f 805 796 795 578
f 797 796 805 806
f 798 797 806 807
f 799 798 807 579
f 808 800 799 579
f 801 800 808 809
f 802 801 809 810
f 803 1058 813 814
f 804 803 814 815
f 804 815 816 578
f 816 817 805 578
f 806 805 817 818
f 807 806 818 819
f 807 819 820 579
f 820 821 808 579
f 809 808 821 822
f 810 809 822 823
f 824 1059 810 823
f 811 1070 830 831
f 812 811 831 832
f 813 812 832 833
f 814 813 833 834
f 815 814 834 835
f 816 815 835 836
f 817 816 836 837
f 818 817 837 838
f 819 818 838 839
f 820 819 839 840
f 821 820 840 841
f 822 821 841 842
f 823 822 842 843
f 824 823 843 844
f 825 824 844 845
f 846 1071 825 845
f 826 1079 851 852
f 827 826 852 853
f 828 827 853 854
f 829 828 854 855
f 830 829 855 856
f 831 830 856 857
f 832 831 857 858
f 833 832 858 859
f 834 833 859 860
f 835 834 860 861
f 836 835 861 862
f 837 836 862 863
f 838 837 863 864
f 839 838 864 865
f 840 839 865 866
f 841 840 866 867
f 842 841 867 868
f 843 842 868 869
f 844 843 869 870
f 845 844 870 871
f 846 845 871 872
f 847 846 872 873
f 848 847 873 874
f 875 1080 848 874
f 849 1085 877 878
f 850 849 878 879
f 851 850 879 880
f 852 851 880 881
f 853 852 881 882
f 854 853 882 580
f 580 581 855 854
f 581 582 856 855
f 582 583 857 856
f 583 584 858 857
f 584 585 859 858
f 585 586 860 859
f 586 587 861 860
f 587 588 862 861
f 588 589 863 862
f 589 590 864 863
f 590 591 865 864
f 591 592 866 865
f 592 593 867 866
f 593 594 868 867
f 594 595 869 868
f 595 596 870 869
f 596 597 871 870
f 597 598 872 871
f 598 599 873 872
f 883 874 873 599
f 875 874 883 884
f 876 875 884 885
f 886 1086 876 885
f 877 1091 888 889
f 878 877 889 890
f 879 878 890 891
f 880 879 891 600
f 600 601 881 880
f 601 602 882 881
f 623 624 884 883
f 624 625 885 884
f 892 886 885 625
f 887 886 892 893
f 894 1092 887 893
f 888 1096 896 897
f 889 888 897 898
f 890 889 898 899
f 891 890 899 626
f 653 654 893 892
f 900 894 893 654
f 895 894 900 901
f 902 1097 895 901
f 896 1105 905 906
f 897 896 906 907
f 898 897 907 655
f 655 656 899 898
f 663 664 901 900
f 908 902 901 664
f 909 1106 902 908
f 904 903 911 912
f 913 1116 904 912
f 905 1116 913 914
f 906 905 914 915
f 907 906 915 665
f 916 909 908 672
f 910 909 916 917
f 918 1117 910 917
f 912 1132 920 913
f 914 913 920 921
f 915 914 921 922
f 673 665 915 922
f 923 917 916 679
f 918 917 923 924
f 925 1125 918 924
f 921 920 926 927
f 922 921 927 680
f 928 924 923 685
f 925 924 928 929
f 927 926 930 931
f 686 680 927 931
f 685 691 932 928
f 929 928 932 933
f 934 1140 929 933
f 930 1144 935 936
f 931 930 936 937
f 692 686 931 937
f 691 697 938 932
f 933 932 938 939
f 934 933 939 940
f 936 935 941 942
f 937 936 942 943
f 698 692 937 943
f 697 703 944 938
f 939 938 944 945
f 940 939 945 946
f 942 941 947 948
f 943 942 948 949
f 704 698 943 949
f 703 709 950 944
f 945 944 950 951
f 946 945 951 952
f 948 947 953 954
f 949 948 954 955
f 710 704 949 955
f 709 715 956 950
f 951 950 956 957
f 952 951 957 958
f 954 953 959 960
f 955 954 960 961
f 716 710 955 961
f 962 963 956 715
f 957 956 963 964
f 958 957 964 965
f 959 1168 966 960
f 961 960 966 967
f 961 967 968 716
f 969 970 962 722
f 963 962 970 971
f 964 963 971 972
f 972 1169 965 964
f 966 1174 973 967
f 968 967 973 974
f 968 974 975 723
f 729 735 976 969
f 970 969 976 977
f 971 970 977 978
f 978 1175 972 971
f 974 1181 979 975
f 975 979 980 730
f 981 982 976 735
f 982 1182 977 976
f 979 1189 983 980
f 980 983 984 736
f 737 736 984 985
f 744 743 986 987
f 987 988 981 744
f 988 1190 982 981
f 984 1196 989 985
f 985 989 990 745
f 746 745 990 991
f 747 746 991 992
f 751 750 993 994
f 752 751 994 995
f 995 996 986 752
f 996 1197 987 986
f 991 1203 997 992
f 992 997 998 753
f 754 753 998 999
f 755 754 999 1000
f 756 755 1000 1001
f 759 758 1002 1003
f 760 759 1003 1004
f 761 760 1004 1005
f 1005 1006 993 761
f 1006 1204 994 993
f 1000 1212 1007 1001
f 1001 1007 1008 762
f 763 762 1008 1009
f 764 763 1009 1010
f 765 764 1010 1011
f 766 765 1011 1012
f 767 766 1012 1013
f 768 767 1013 1014
f 769 768 1014 1015
f 770 769 1015 1016
f 771 770 1016 1017
f 772 771 1017 1018
f 773 772 1018 1019
f 774 773 1019 1020
f 775 774 1020 1021
f 1021 1022 1002 775
f 1022 1215 1003 1002
f 1024 776 777 1023
f 777 778 1025 1023
f 1026 1025 778 779
f 776 1024 1027 780
f 1029 1026 779 781
f 780 1027 1028 782
f 1028 1029 783 782
f 781 784 783 1029
f 785 1030 1258 1040
f 785 786 1031 1030
f 786 787 1032 1031
f 787 788 1033 1032
f 788 789 1034 1033
f 789 790 1035 1034
f 790 791 1036 1035
f 791 792 1037 1036
f 1041 1038 1037 792
f 1042 1259 1038 1041
f 1039 1268 1046 1047
f 1040 1039 1047 793
f 1048 1042 1041 802
f 1049 1269 1042 1048
f 1043 1277 1053 1054
f 1044 1043 1054 1055
f 1045 1044 1055 1056
f 1046 1045 1056 1057
f 1047 1046 1057 1058
f 803 793 1047 1058
f 802 810 1059 1048
f 1049 1048 1059 1060
f 1050 1049 1060 1061
f 1062 1278 1050 1061
f 1051 1285 1065 1066
f 1052 1051 1066 1067
f 1053 1052 1067 1068
f 1054 1053 1068 1069
f 1055 1054 1069 1070
f 1056 1055 1070 811
f 811 812 1057 1056
f 812 813 1058 1057
f 824 825 1060 1059
f 1071 1061 1060 825
f 1062 1061 1071 1072
f 1063 1062 1072 1073
f 1074 1286 1063 1073
f 1064 1292 1077 1078
f 1065 1064 1078 1079
f 1066 1065 1079 826
f 826 827 1067 1066
f 827 828 1068 1067
f 828 829 1069 1068
f 829 830 1070 1069
f 846 847 1072 1071
f 847 848 1073 1072
f 1080 1074 1073 848
f 1075 1074 1080 1081
f 1082 1293 1075 1081
f 1076 1298 1084 1085
f 1077 1076 1085 849
f 849 850 1078 1077
f 850 851 1079 1078
f 875 876 1081 1080
f 1086 1082 1081 876
f 1083 1082 1086 1087
f 1088 1299 1083 1087
f 1084 1303 1090 1091
f 1085 1084 1091 877
f 886 887 1087 1086
f 1092 1088 1087 887
f 1089 1088 1092 1093
f 1094 1304 1089 1093
f 1090 1308 1095 1096
f 1091 1090 1096 888
f 894 895 1093 1092
f 1097 1094 1093 895
f 1098 1309 1094 1097
f 1095 1316 1104 1105
f 1096 1095 1105 896
f 1106 1098 1097 902
f 1099 1098 1106 1107
f 1108 1317 1099 1107
f 1101 1100 1114 1115
f 1102 1101 1115 903
f 903 904 1103 1102
f 1116 1104 1103 904
f 1105 1104 1116 905
f 909 910 1107 1106
f 1117 1108 1107 910
f 1109 1108 1117 1118
f 1110 1109 1118 1119
f 1111 1110 1119 1120
f 1112 1111 1120 1121
f 1113 1112 1121 1122
f 1115 1114 1123 1124
f 911 903 1115 1124
f 1125 1118 1117 918
f 1119 1118 1125 1126
f 1120 1119 1126 919
f 1127 1121 1120 919
f 1122 1121 1127 1128
f 1124 1123 1129 1130
f 1124 1130 1131 911
f 912 911 1131 1132
f 1133 1126 1125 925
f 1126 1133 1134 919
f 1134 1135 1127 919
f 1128 1127 1135 1136
f 1129 1330 1137 1130
f 1131 1130 1137 1138
f 1132 1131 1138 1139
f 926 920 1132 1139
f 925 929 1140 1133
f 1134 1133 1140 1141
f 1135 1134 1141 1142
f 1142 1331 1136 1135
f 1137 1333 1143 1138
f 1139 1138 1143 1144
f 930 926 1139 1144
f 1145 1141 1140 934
f 1145 1334 1142 1141
f 1143 1333 1146 1147
f 1144 1143 1147 935
f 934 940 1148 1145
f 1149 1334 1145 1148
f 1147 1146 1150 1151
f 941 935 1147 1151
f 940 946 1152 1148
f 1149 1148 1152 1153
f 1151 1150 1154 1155
f 947 941 1151 1155
f 946 952 1156 1152
f 1153 1152 1156 1157
f 1155 1154 1158 1159
f 953 947 1155 1159
f 952 958 1160 1156
f 1157 1156 1160 1161
f 1159 1158 1162 1163
f 959 953 1159 1163
f 958 965 1164 1160
f 1161 1160 1164 1165
f 1163 1162 1166 1167
f 1163 1167 1168 959
f 1169 1170 1164 965
f 1165 1164 1170 1171
f 1166 1357 1172 1167
f 1168 1167 1172 1173
f 1168 1173 1174 966
f 1175 1176 1169 972
f 1170 1169 1176 1177
f 1177 1358 1171 1170
f 1172 1361 1178 1173
f 1174 1173 1178 1179
f 1174 1179 1180 973
f 974 973 1180 1181
f 978 977 1182 1183
f 1183 1184 1175 978
f 1176 1175 1184 1185
f 1185 1362 1177 1176
f 1178 1366 1186 1179
f 1180 1179 1186 1187
f 1181 1180 1187 1188
f 1181 1188 1189 979
f 1190 1191 1182 982
f 1183 1182 1191 1192
f 1184 1183 1192 1193
f 1193 1367 1185 1184
f 1188 1372 1194 1189
f 1189 1194 1195 983
f 984 983 1195 1196
f 988 987 1197 1198
f 1198 1199 1190 988
f 1199 1373 1191 1190
f 1195 1378 1200 1196
f 1196 1200 1201 989
f 990 989 1201 1202
f 991 990 1202 1203
f 995 994 1204 1205
f 996 995 1205 1206
f 1206 1207 1197 996
f 1207 1379 1198 1197
f 1202 1384 1208 1203
f 1203 1208 1209 997
f 998 997 1209 1210
f 999 998 1210 1211
f 1000 999 1211 1212
f 1004 1003 1215 1216
f 1005 1004 1216 1217
f 1006 1005 1217 1218
f 1218 1219 1204 1006
f 1219 1385 1205 1204
f 1007 1212 1213
f 1008 1007 1213 1220
f 1009 1008 1220 1221
f 1010 1009 1221 1222
f 1011 1010 1222 1223
f 1012 1011 1223 1224
f 1013 1012 1224 1225
f 1014 1013 1225 1226
f 1015 1014 1226 1227
f 1016 1015 1227 1228
f 1017 1016 1228 1229
f 1018 1017 1229 1230
f 1019 1018 1230 1231
f 1020 1019 1231 1232
f 1021 1020 1232 1233
f 1214 1022 1021 1233
f 1215 1022 1214
f 1234 1024 1023 1235
f 1023 1025 1236 1235
f 1024 1234 1237 1238
f 1025 1026 1239 1236
f 1024 1238 1240 1027
f 1239 1026 1029 1242
f 1240 1241 1028 1027
f 1241 1242 1029 1028
f 1243 1453 1256 1257
f 1244 1243 1257 1258
f 1245 1244 1258 1030
f 1030 1031 1246 1245
f 1031 1032 1247 1246
f 1032 1033 1248 1247
f 1033 1034 1249 1248
f 1034 1035 1250 1249
f 1035 1036 1251 1250
f 1036 1037 1252 1251
f 1037 1038 1253 1252
f 1038 1259 1454 1253
f 1254 1464 1265 1266
f 1255 1254 1266 1267
f 1256 1255 1267 1268
f 1257 1256 1268 1039
f 1039 1040 1258 1257
f 1269 1260 1259 1042
f 1261 1260 1269 1270
f 1262 1261 1270 1271
f 1272 1465 1262 1271
f 1263 1471 1275 1276
f 1264 1263 1276 1277
f 1265 1264 1277 1043
f 1043 1044 1266 1265
f 1044 1045 1267 1266
f 1045 1046 1268 1267
f 1049 1050 1270 1269
f 1278 1271 1270 1050
f 1272 1271 1278 1279
f 1273 1272 1279 1280
f 1281 1472 1273 1280
f 1274 1478 1284 1285
f 1275 1274 1285 1051
f 1051 1052 1276 1275
f 1052 1053 1277 1276
f 1062 1063 1279 1278
f 1286 1280 1279 1063
f 1281 1280 1286 1287
f 1288 1479 1281 1287
f 1282 1483 1290 1291
f 1283 1282 1291 1292
f 1284 1283 1292 1064
f 1064 1065 1285 1284
f 1074 1075 1287 1286
f 1293 1288 1287 1075
f 1289 1288 1293 1294
f 1295 1484 1289 1294
f 1290 1488 1297 1298
f 1291 1290 1298 1076
f 1076 1077 1292 1291
f 1082 1083 1294 1293
f 1299 1295 1294 1083
f 1296 1295 1299 1300
f 1301 1489 1296 1300
f 1297 1493 1302 1303
f 1298 1297 1303 1084
f 1088 1089 1300 1299
f 1304 1301 1300 1089
f 1305 1494 1301 1304
f 1302 1498 1307 1308
f 1303 1302 1308 1090
f 1309 1305 1304 1094
f 1306 1305 1309 1310
f 1311 1499 1306 1310
f 1307 1502 1315 1316
f 1308 1307 1316 1095
f 1098 1099 1310 1309
f 1317 1311 1310 1099
f 1312 1311 1317 1318
f 1319 1503 1312 1318
f 1322 1100 1101 1313
f 1101 1102 1314 1313
f 1102 1103 1315 1314
f 1103 1104 1316 1315
f 1108 1109 1318 1317
f 1109 1110 1319 1318
f 1110 1111 1320 1319
f 1111 1112 1321 1320
f 1112 1113 1323 1321
f 1114 1100 1322 1324
f 1323 1113 1122 1325
f 1123 1114 1324 1326
f 1122 1128 1327 1325
f 1129 1123 1326 1328
f 1128 1136 1329 1327
f 1129 1328 1517 1330
f 1136 1331 1518 1329
f 1330 1332 1333 1137
f 1334 1335 1331 1142
f 1333 1332 1336 1146
f 1337 1335 1334 1149
f 1150 1146 1336 1338
f 1149 1153 1339 1337
f 1338 1524 1340 1341
f 1154 1150 1338 1341
f 1153 1157 1342 1339
f 1343 1525 1339 1342
f 1341 1340 1344 1345
f 1158 1154 1341 1345
f 1157 1161 1346 1342
f 1343 1342 1346 1347
f 1345 1344 1348 1349
f 1162 1158 1345 1349
f 1161 1165 1350 1346
f 1347 1346 1350 1351
f 1349 1348 1352 1353
f 1166 1162 1349 1353
f 1165 1171 1354 1350
f 1351 1350 1354 1355
f 1352 1535 1356 1353
f 1353 1356 1357 1166
f 1358 1359 1354 1171
f 1359 1536 1355 1354
f 1356 1540 1360 1357
f 1357 1360 1361 1172
f 1362 1363 1358 1177
f 1363 1541 1359 1358
f 1361 1360 1364 1365
f 1361 1365 1366 1178
f 1367 1368 1362 1185
f 1363 1362 1368 1369
f 1186 1366 1551 1370
f 1187 1186 1370 1371
f 1188 1187 1371 1372
f 1192 1191 1373 1374
f 1193 1192 1374 1375
f 1193 1375 1552 1367
f 1371 1558 1376 1372
f 1372 1376 1377 1194
f 1195 1194 1377 1378
f 1199 1198 1379 1380
f 1380 1381 1373 1199
f 1381 1559 1374 1373
f 1200 1378 1566 1382
f 1201 1200 1382 1383
f 1202 1201 1383 1384
f 1206 1205 1385 1386
f 1207 1206 1386 1387
f 1207 1387 1567 1379
f 1208 1384 1574 1388
f 1209 1208 1388 1389
f 1210 1209 1389 1390
f 1211 1210 1390 1391
f 1212 1211 1391 1392
f 1213 1212 1392 1393
f 1220 1213 1393 1394
f 1214 1233 1399 1400
f 1215 1214 1400 1401
f 1216 1215 1401 1402
f 1217 1216 1402 1403
f 1218 1217 1403 1404
f 1219 1218 1404 1405
f 1219 1405 1579 1385
f 1394 1395 1221 1220
f 1395 1396 1222 1221
f 1223 1222 1396 1406
f 1224 1223 1406 1407
f 1225 1224 1407 1408
f 1226 1225 1408 1409
f 1227 1226 1409 1410
f 1228 1227 1410 1411
f 1229 1228 1411 1412
f 1230 1229 1412 1413
f 1397 1231 1230 1413
f 1397 1398 1232 1231
f 1398 1399 1233 1232
f 1414 1237 1234 1415
f 1416 1415 1234 1235
f 1417 1416 1235 1236
f 1237 1414 1418
f 1239 1421 1417 1236
f 1418 1419 1238 1237
f 1238 1419 1420 1240
f 1240 1420 1422 1241
f 1422 1421 1239 1242
f 1422 1242 1241
f 1423 1634 1435 1436
f 1424 1423 1436 1437
f 1425 1424 1437 1438
f 1426 1425 1438 1439
f 1427 1426 1439 1440
f 1428 1427 1440 1441
f 1429 1428 1441 1442
f 1430 1429 1442 1443
f 1431 1430 1443 1444
f 1432 1431 1444 1445
f 1446 1635 1432 1445
f 1433 1642 1451 1452
f 1434 1433 1452 1453
f 1435 1434 1453 1243
f 1243 1244 1436 1435
f 1244 1245 1437 1436
f 1245 1246 1438 1437
f 1246 1247 1439 1438
f 1247 1248 1440 1439
f 1248 1249 1441 1440
f 1249 1250 1442 1441
f 1250 1251 1443 1442
f 1251 1252 1444 1443
f 1252 1253 1445 1444
f 1454 1446 1445 1253
f 1447 1446 1454 1455
f 1448 1447 1455 1456
f 1457 1643 1448 1456
f 1449 1650 1462 1463
f 1450 1449 1463 1464
f 1451 1450 1464 1254
f 1254 1255 1452 1451
f 1255 1256 1453 1452
f 1259 1260 1455 1454
f 1260 1261 1456 1455
f 1261 1262 1457 1456
f 1465 1458 1457 1262
f 1459 1458 1465 1466
f 1467 1651 1459 1466
f 1460 1655 1469 1470
f 1461 1460 1470 1471
f 1462 1461 1471 1263
f 1263 1264 1463 1462
f 1264 1265 1464 1463
f 1272 1273 1466 1465
f 1472 1467 1466 1273
f 1473 1656 1467 1472
f 1468 1660 1476 1477
f 1469 1468 1477 1478
f 1470 1469 1478 1274
f 1274 1275 1471 1470
f 1479 1473 1472 1281
f 1474 1473 1479 1480
f 1481 1661 1474 1480
f 1475 1663 1482 1483
f 1476 1475 1483 1282
f 1282 1283 1477 1476
f 1283 1284 1478 1477
f 1288 1289 1480 1479
f 1484 1481 1480 1289
f 1485 1664 1481 1484
f 1482 1668 1487 1488
f 1483 1482 1488 1290
f 1295 1296 1485 1484
f 1489 1486 1485 1296
f 1490 1669 1486 1489
f 1487 1671 1492 1493
f 1488 1487 1493 1297
f 1494 1490 1489 1301
f 1495 1672 1490 1494
f 1492 1491 1497 1498
f 1493 1492 1498 1302
f 1305 1306 1495 1494
f 1499 1496 1495 1306
f 1500 1676 1496 1499
f 1497 1679 1501 1502
f 1498 1497 1502 1307
f 1311 1312 1500 1499
f 1312 1503 1680 1500
f 1505 1322 1313 1506
f 1506 1313 1314 1501
f 1314 1315 1502 1501
f 1319 1320 1504 1503
f 1320 1321 1507 1504
f 1321 1323 1508 1507
f 1322 1505 1509 1324
f 1323 1325 1510 1508
f 1324 1509 1511
f 1510 1325 1512
f 1324 1511 1513 1326
f 1512 1325 1327 1514
f 1326 1513 1515 1328
f 1514 1327 1329 1516
f 1517 1328 1515
f 1329 1518 1516
f 1332 1330 1517 1519
f 1331 1335 1520 1518
f 1336 1332 1519 1521
f 1335 1337 1522 1520
f 1521 1699 1523 1524
f 1338 1336 1521 1524
f 1337 1339 1525 1522
f 1524 1523 1526 1340
f 1343 1527 1702 1525
f 1344 1340 1526 1528
f 1343 1347 1529 1527
f 1348 1344 1528 1530
f 1347 1351 1531 1529
f 1352 1348 1530 1532
f 1351 1355 1533 1531
f 1532 1534 1535 1352
f 1536 1537 1533 1355
f 1535 1534 1538 1539
f 1535 1539 1540 1356
f 1541 1542 1536 1359
f 1537 1536 1542 1543
f 1538 1718 1544 1539
f 1540 1539 1544 1545
f 1364 1360 1540 1545
f 1363 1369 1546 1541
f 1542 1541 1546 1547
f 1547 1719 1543 1542
f 1544 1722 1548 1545
f 1545 1548 1549 1364
f 1365 1364 1549 1550
f 1366 1365 1550 1551
f 1368 1367 1552 1553
f 1369 1368 1553 1554
f 1554 1555 1546 1369
f 1555 1723 1547 1546
f 1550 1728 1556 1551
f 1551 1556 1557 1370
f 1371 1370 1557 1558
f 1375 1374 1559 1560
f 1560 1561 1552 1375
f 1553 1552 1561 1562
f 1562 1729 1554 1553
f 1557 1733 1563 1558
f 1558 1563 1564 1376
f 1377 1376 1564 1565
f 1378 1377 1565 1566
f 1380 1379 1567 1568
f 1381 1380 1568 1569
f 1569 1570 1559 1381
f 1570 1734 1560 1559
f 1565 1739 1571 1566
f 1566 1571 1572 1382
f 1383 1382 1572 1573
f 1384 1383 1573 1574
f 1386 1385 1579 1580
f 1387 1386 1580 1581
f 1581 1582 1567 1387
f 1582 1742 1568 1567
f 1388 1574 1575
f 1575 1576 1389 1388
f 1390 1389 1576 1583
f 1391 1390 1583 1584
f 1392 1391 1584 1585
f 1393 1392 1585 1586
f 1394 1393 1586 1587
f 1395 1394 1587 1588
f 1396 1395 1588 1589
f 1406 1396 1589 1590
f 1397 1413 1592 1593
f 1398 1397 1593 1594
f 1399 1398 1594 1595
f 1400 1399 1595 1596
f 1401 1400 1596 1597
f 1402 1401 1597 1598
f 1403 1402 1598 1599
f 1577 1404 1403 1599
f 1577 1578 1405 1404
f 1579 1405 1578
f 1407 1406 1590 1600
f 1408 1407 1600 1601
f 1409 1408 1601 1602
f 1410 1409 1602 1603
f 1411 1410 1603 1604
f 1591 1412 1411 1604
f 1591 1592 1413 1412
f 1607 1414 1415 1605
f 1415 1416 1606 1605
f 1416 1417 1608 1606
f 1414 1607 1609 1418
f 1612 1608 1417 1421
f 1609 1610 1419 1418
f 1610 1611 1420 1419
f 1420 1611 1612 1422
f 1422 1612 1421
f 1613 1794 1620 1621
f 1614 1613 1621 1622
f 1615 1614 1622 1623
f 1616 1615 1623 1624
f 1625 1795 1616 1624
f 1617 1803 1633 1634
f 1618 1617 1634 1423
f 1423 1424 1619 1618
f 1424 1425 1620 1619
f 1425 1426 1621 1620
f 1426 1427 1622 1621
f 1427 1428 1623 1622
f 1428 1429 1624 1623
f 1429 1430 1625 1624
f 1430 1431 1626 1625
f 1431 1432 1627 1626
f 1635 1628 1627 1432
f 1629 1628 1635 1636
f 1637 1804 1629 1636
f 1630 1809 1640 1641
f 1631 1630 1641 1642
f 1632 1631 1642 1433
f 1433 1434 1633 1632
f 1434 1435 1634 1633
f 1446 1447 1636 1635
f 1447 1448 1637 1636
f 1643 1638 1637 1448
f 1644 1810 1638 1643
f 1639 1816 1649 1650
f 1640 1639 1650 1449
f 1449 1450 1641 1640
f 1450 1451 1642 1641
f 1457 1458 1644 1643
f 1458 1459 1645 1644
f 1651 1646 1645 1459
f 1652 1817 1646 1651
f 1647 1820 1654 1655
f 1648 1647 1655 1460
f 1460 1461 1649 1648
f 1461 1462 1650 1649
f 1656 1652 1651 1467
f 1657 1821 1652 1656
f 1653 1824 1659 1660
f 1654 1653 1660 1468
f 1468 1469 1655 1654
f 1473 1474 1657 1656
f 1661 1658 1657 1474
f 1662 1825 1658 1661
f 1475 1659 1828 1663
f 1475 1476 1660 1659
f 1664 1662 1661 1481
f 1665 1829 1662 1664
f 1482 1663 1833 1668
f 1485 1486 1665 1664
f 1669 1666 1665 1486
f 1670 1834 1666 1669
f 1668 1667 1671 1487
f 1672 1670 1669 1490
f 1673 1837 1670 1672
f 1675 1491 1492 1671
f 1495 1496 1673 1672
f 1676 1674 1673 1496
f 1677 1841 1674 1676
f 1497 1491 1675 1679
f 1680 1677 1676 1500
f 1681 1845 1677 1680
f 1679 1678 1682 1501
f 1503 1504 1681 1680
f 1504 1507 1683 1681
f 1684 1505 1506 1682
f 1506 1501 1682
f 1507 1508 1685 1683
f 1686 1509 1505 1684
f 1510 1687 1685 1508
f 1509 1686 1688 1511
f 1687 1510 1512 1689
f 1511 1688 1690 1513
f 1689 1512 1514 1691
f 1515 1513 1690 1692
f 1514 1516 1693 1691
f 1517 1515 1692 1694
f 1516 1518 1695 1693
f 1519 1517 1694 1696
f 1518 1520 1697 1695
f 1696 1864 1698 1699
f 1521 1519 1696 1699
f 1520 1522 1700 1697
f 1699 1698 1701 1523
f 1522 1525 1702 1700
f 1526 1523 1701 1703
f 1527 1704 1869 1702
f 1528 1526 1703 1705
f 1527 1529 1706 1704
f 1530 1528 1705 1707
f 1529 1531 1708 1706
f 1707 1874 1709 1710
f 1532 1530 1707 1710
f 1531 1533 1711 1708
f 1710 1709 1712 1713
f 1534 1532 1710 1713
f 1533 1537 1714 1711
f 1712 1881 1715 1713
f 1538 1534 1713 1715
f 1537 1543 1716 1714
f 1715 1717 1718 1538
f 1719 1720 1716 1543
f 1717 1886 1721 1718
f 1718 1721 1722 1544
f 1723 1724 1719 1547
f 1724 1887 1720 1719
f 1721 1890 1725 1722
f 1722 1725 1726 1548
f 1549 1548 1726 1727
f 1550 1549 1727 1728
f 1555 1554 1729 1730
f 1555 1730 1891 1723
f 1727 1896 1731 1728
f 1728 1731 1732 1556
f 1557 1556 1732 1733
f 1561 1560 1734 1735
f 1562 1561 1735 1736
f 1562 1736 1897 1729
f 1563 1733 1902 1737
f 1564 1563 1737 1738
f 1565 1564 1738 1739
f 1569 1568 1742 1743
f 1570 1569 1743 1744
f 1570 1744 1907 1734
f 1571 1739 1740
f 1572 1571 1740 1745
f 1573 1572 1745 1746
f 1574 1573 1746 1747
f 1575 1574 1747 1748
f 1576 1575 1748 1749
f 1583 1576 1749 1750
f 1577 1599 1753 1754
f 1578 1577 1754 1755
f 1579 1578 1755 1756
f 1580 1579 1756 1757
f 1581 1580 1757 1758
f 1741 1582 1581 1758
f 1742 1582 1741
f 1750 1751 1584 1583
f 1585 1584 1751 1759
f 1586 1585 1759 1760
f 1587 1586 1760 1761
f 1588 1587 1761 1762
f 1589 1588 1762 1763
f 1590 1589 1763 1764
f 1600 1590 1764 1765
f 1591 1604 1776 1766
f 1592 1591 1766 1767
f 1593 1592 1767 1768
f 1594 1593 1768 1769
f 1595 1594 1769 1770
f 1596 1595 1770 1771
f 1597 1596 1771 1772
f 1752 1598 1597 1772
f 1752 1753 1599 1598
f 1601 1600 1765 1773
f 1602 1601 1773 1774
f 1603 1602 1774 1775
f 1604 1603 1775 1776
f 1777 1607 1605 1778
f 1779 1778 1605 1606
f 1607 1777 1780
f 1608 1781 1779 1606
f 1607 1780 1782 1609
f 1781 1608 1612 1784
f 1782 1783 1610 1609
f 1611 1610 1783 1785
f 1784 1612 1611 1785
f 1613 1786 1959 1794
f 1613 1614 1787 1786
f 1614 1615 1788 1787
f 1615 1616 1789 1788
f 1616 1795 1964 1789
f 1790 1969 1802 1803
f 1791 1790 1803 1617
f 1617 1618 1792 1791
f 1618 1619 1793 1792
f 1619 1620 1794 1793
f 1625 1626 1796 1795
f 1626 1627 1797 1796
f 1627 1628 1798 1797
f 1628 1629 1799 1798
f 1629 1804 1972 1799
f 1630 1800 1976 1809
f 1630 1631 1801 1800
f 1631 1632 1802 1801
f 1632 1633 1803 1802
f 1637 1638 1805 1804
f 1810 1806 1805 1638
f 1811 1979 1806 1810
f 1807 1983 1815 1816
f 1808 1807 1816 1639
f 1639 1640 1809 1808
f 1644 1645 1811 1810
f 1645 1646 1812 1811
f 1817 1813 1812 1646
f 1818 1984 1813 1817
f 1647 1814 1987 1820
f 1647 1648 1815 1814
f 1648 1649 1816 1815
f 1821 1818 1817 1652
f 1822 1988 1818 1821
f 1653 1819 1991 1824
f 1653 1654 1820 1819
f 1657 1658 1822 1821
f 1825 1823 1822 1658
f 1826 1992 1823 1825
f 1659 1824 1995 1828
f 1829 1826 1825 1662
f 1830 1996 1826 1829
f 1827 1999 1832 1833
f 1828 1827 1833 1663
f 1665 1666 1830 1829
f 1834 1831 1830 1666
f 1835 2000 1831 1834
f 1667 1832 2003 1836
f 1667 1668 1833 1832
f 1837 1835 1834 1670
f 1838 2004 1835 1837
f 1836 2006 1839 1840
f 1671 1667 1836 1840
f 1673 1674 1838 1837
f 1674 1841 2007 1838
f 1839 2009 1843 1844
f 1840 1839 1844 1675
f 1675 1671 1840
f 1845 1842 1841 1677
f 1846 2010 1842 1845
f 1678 1843 1847
f 1678 1679 1844 1843
f 1679 1675 1844
f 1848 1846 1845 1681
f 1849 2012 1846 1848
f 1682 1678 1847 1850
f 1681 1683 1848
f 1851 1849 1848 1683
f 1684 1682 1850 1852
f 1683 1685 1853 1851
f 1686 1684 1852 1854
f 1685 1687 1855 1853
f 1688 1686 1854 1856
f 1855 1687 1689 1857
f 1690 1688 1856 1858
f 1689 1691 1859 1857
f 1692 1690 1858 1860
f 1859 1691 1693 1861
f 1694 1692 1860 1862
f 1861 1693 1695 1863
f 1696 1694 1862 1864
f 1863 1695 1697 1865
f 1698 1864 1866
f 1697 1700 1867 1865
f 1701 1698 1866 1868
f 1700 1702 1869 1867
f 1703 1701 1868 1870
f 1869 1704 1871
f 1705 1703 1870 1872
f 1871 1704 1706 1873
f 1707 1705 1872 1874
f 1706 1708 1875 1873
f 1709 1874 1876
f 1708 1711 1877 1875
f 1709 1876 1878 1712
f 1711 1714 1879 1877
f 1712 1878 1880 1881
f 1714 1716 1882 1879
f 1880 2048 1883 1881
f 1717 1715 1881 1883
f 1716 1720 1884 1882
f 1883 1885 1886 1717
f 1887 1888 1884 1720
f 1885 2052 1889 1886
f 1886 1889 1890 1721
f 1724 1723 1891 1892
f 1892 1893 1887 1724
f 1893 2053 1888 1887
f 1725 1890 2055 1894
f 1726 1725 1894 1895
f 1727 1726 1895 1896
f 1730 1729 1897 1898
f 1898 1899 1891 1730
f 1899 2056 1892 1891
f 1731 1896 2060 1900
f 1732 1731 1900 1901
f 1733 1732 1901 1902
f 1735 1734 1907 1908
f 1736 1735 1908 1909
f 1736 1909 2063 1897
f 1737 1902 1903
f 1903 1904 1738 1737
f 1739 1738 1904 1910
f 1740 1739 1910 1911
f 1745 1740 1911 1912
f 1741 1758 1917 1918
f 1742 1741 1918 1919
f 1905 1743 1742 1919
f 1905 1906 1744 1743
f 1907 1744 1906
f 1912 1913 1746 1745
f 1913 1914 1747 1746
f 1748 1747 1914 1920
f 1749 1748 1920 1921
f 1750 1749 1921 1922
f 1751 1750 1922 1923
f 1759 1751 1923 1924
f 1752 1772 1928 1929
f 1753 1752 1929 1930
f 1754 1753 1930 1931
f 1755 1754 1931 1932
f 1915 1756 1755 1932
f 1915 1916 1757 1756
f 1916 1917 1758 1757
f 1924 1925 1760 1759
f 1761 1760 1925 1933
f 1762 1761 1933 1934
f 1763 1762 1934 1935
f 1764 1763 1935 1936
f 1765 1764 1936 1937
f 1773 1765 1937 1938
f 1766 1776 1939 1940
f 1767 1766 1940 1941
f 1768 1767 1941 1942
f 1769 1768 1942 1943
f 1926 1770 1769 1943
f 1926 1927 1771 1770
f 1927 1928 1772 1771
f 1774 1773 1938 1944
f 1775 1774 1944 1945
f 1939 1776 1775 1945
f 1947 1946 1777 1778
f 1948 1947 1778 1779
f 1780 1777 1946 1949
f 1781 1950 1948 1779
f 1951 1782 1780 1949
f 1950 1781 1784 1952
f 1783 1782 1951 1953
f 1785 1783 1953 1954
f 1784 1785 1955 1952
f 1955 1785 1954
f 1959 1786 1960
f 1961 1960 1786 1787
f 1962 1961 1787 1788
f 1963 1962 1788 1789
f 1789 1964 1963
f 1969 1790 1970
f 1970 1790 1791 1956
f 1791 1792 1957 1956
f 1792 1793 1958 1957
f 1793 1794 1959 1958
f 1795 1796 1965 1964
f 1796 1797 1966 1965
f 1797 1798 1967 1966
f 1798 1799 1971 1967
f 1799 1972 1971
f 1976 1800 1977
f 1977 1800 1801 1968
f 1801 1802 1969 1968
f 1804 1805 1973 1972
f 1805 1806 1978 1973
f 1806 1979 1978
f 1807 1974 2146 1983
f 1807 1808 1975 1974
f 1808 1809 1976 1975
f 1811 1812 1980 1979
f 1812 1813 1981 1980
f 1813 1984 2149 1981
f 1814 1982 2152 1987
f 1814 1815 1983 1982
f 1988 1985 1984 1818
f 1989 2153 1985 1988
f 1819 1986 2156 1991
f 1819 1820 1987 1986
f 1822 1823 1989 1988
f 1823 1992 2157 1989
f 1990 2160 1994 1995
f 1991 1990 1995 1824
f 1996 1993 1992 1826
f 1997 2161 1993 1996
f 1827 1994 2164 1999
f 1827 1828 1995 1994
f 1830 1831 1997 1996
f 1831 2000 2165 1997
f 1998 2167 2002 2003
f 1999 1998 2003 1832
f 2004 2001 2000 1835
f 2005 2168 2001 2004
f 2003 2002 2006 1836
f 2007 2005 2004 1838
f 2008 2171 2005 2007
f 1839 2006 2174 2009
f 1841 1842 2008 2007
f 1842 2010 2175 2008
f 1843 2009 2176 2011
f 1846 2012 2177 2010
f 2011 2178 2013 2014
f 1847 1843 2011 2014
f 2012 1849 2015
f 2014 2013 2016 1850
f 1850 1847 2014
f 2015 1849 1851 2017
f 1852 1850 2016 2018
f 1851 1853 2019 2017
f 1854 1852 2018 2020
f 2019 1853 1855 2021
f 1856 1854 2020 2022
f 1855 1857 2023 2021
f 1858 1856 2022 2024
f 2023 1857 1859 2025
f 1860 1858 2024 2026
f 1859 1861 2027 2025
f 1862 1860 2026 2028
f 1861 1863 2029 2027
f 1864 1862 2028 2030
f 1863 1865 2031 2029
f 1866 1864 2030 2032
f 2031 1865 1867 2033
f 1868 1866 2032 2034
f 1867 1869 2035 2033
f 1870 1868 2034 2036
f 1869 1871 2037 2035
f 1872 1870 2036 2038
f 1871 1873 2039 2037
f 1874 1872 2038 2040
f 2039 1873 1875 2041
f 1876 1874 2040 2042
f 1875 1877 2043 2041
f 1878 1876 2042 2044
f 1877 1879 2045 2043
f 1880 1878 2044 2046
f 1879 1882 2047 2045
f 2048 1880 2046
f 1882 1884 2049 2047
f 1885 1883 2048 2050
f 1884 1888 2051 2049
f 1885 2050 2220 2052
f 1888 2053 2221 2051
f 1889 2052 2223 2054
f 1890 1889 2054 2055
f 1893 1892 2056 2057
f 1893 2057 2224 2053
f 1894 2055 2226 2058
f 1895 1894 2058 2059
f 1896 1895 2059 2060
f 1898 1897 2063 2064
f 1899 1898 2064 2065
f 1899 2065 2230 2056
f 1900 2060 2061
f 1901 1900 2061 2066
f 1902 1901 2066 2067
f 1903 1902 2067 2068
f 1904 1903 2068 2069
f 1910 1904 2069 2070
f 1905 1919 2071 2072
f 1906 1905 2072 2073
f 1907 1906 2073 2074
f 1908 1907 2074 2075
f 2062 1909 1908 2075
f 2063 1909 2062
f 1911 1910 2070 2076
f 1912 1911 2076 2077
f 1913 1912 2077 2078
f 1914 1913 2078 2079
f 1920 1914 2079 2080
f 1915 1932 2087 2088
f 1916 1915 2088 2089
f 1917 1916 2089 2090
f 1918 1917 2090 2091
f 2071 1919 1918 2091
f 2080 2081 1921 1920
f 2081 2082 1922 1921
f 2082 2083 1923 1922
f 1924 1923 2083 2092
f 1925 1924 2092 2093
f 1933 1925 2093 2094
f 1926 1943 2099 2100
f 1927 1926 2100 2101
f 1928 1927 2101 2102
f 2084 1929 1928 2102
f 2084 2085 1930 1929
f 2085 2086 1931 1930
f 2086 2087 1932 1931
f 2094 2095 1934 1933
f 2095 2096 1935 1934
f 1936 1935 2096 2103
f 1937 1936 2103 2104
f 1938 1937 2104 2105
f 1944 1938 2105 2106
f 1939 1945 2107 2108
f 1940 1939 2108 2109
f 2097 1941 1940 2109
f 2097 2098 1942 1941
f 2098 2099 1943 1942
f 2106 2107 1945 1944
f 2111 2110 1946 1947
f 1948 2113 2111 1947
f 2112 1949 1946 2110
f 1950 2114 2113 1948
f 2115 1951 1949 2112
f 2114 1950 1952 2116
f 1951 2115 2117 1953
f 2116 1952 1955 2120
f 1953 2117 2118
f 2118 2119 1954 1953
f 2119 2120 1955 1954
f 2124 1970 1956 2125
f 2126 2125 1956 1957
f 2127 2126 1957 1958
f 2128 2127 1958 1959
f 2129 2128 1959 1960
f 2129 1960 1961 2121
f 1961 1962 2122 2121
f 1962 1963 2130 2122
f 2131 2130 1963 1964
f 2132 2131 1964 1965
f 2133 2132 1965 1966
f 2134 2133 1966 1967
f 1967 1971 2135 2134
f 2139 1977 1968 2140
f 2140 1968 1969 2123
f 1969 1970 2124 2123
f 1971 1972 2136 2135
f 1972 1973 2141 2136
f 1973 1978 2142 2141
f 2146 1974 2147
f 2147 1974 1975 2137
f 1975 1976 2138 2137
f 1976 1977 2139 2138
f 1978 1979 2143 2142
f 1979 1980 2144 2143
f 1980 1981 2148 2144
f 1981 2149 2148
f 1982 2145 2335 2152
f 1982 1983 2146 2145
f 1984 1985 2150 2149
f 1985 2153 2336 2150
f 1986 2151 2340 2156
f 1986 1987 2152 2151
f 2157 2154 2153 1989
f 2158 2341 2154 2157
f 1990 2155 2343 2160
f 1990 1991 2156 2155
f 1992 1993 2158 2157
f 2161 2159 2158 1993
f 2162 2344 2159 2161
f 1994 2160 2346 2164
f 2165 2162 2161 1997
f 2166 2347 2162 2165
f 1998 2163 2348 2167
f 1998 1999 2164 2163
f 2000 2001 2166 2165
f 2001 2168 2349 2166
f 2002 2167 2350 2170
f 2171 2169 2168 2005
f 2172 2352 2169 2171
f 2170 2353 2173 2174
f 2006 2002 2170 2174
f 2175 2172 2171 2008
f 2174 2173 2176 2009
f 2010 2177 2356 2175
f 2011 2176 2358 2178
f 2012 2179 2359 2177
f 2013 2178 2180
f 2012 2015 2181 2179
f 2182 2361 2179 2181
f 2016 2013 2180 2183
f 2015 2017 2181
f 2184 2182 2181 2017
f 2018 2016 2183 2185
f 2017 2019 2186 2184
f 2020 2018 2185 2187
f 2019 2021 2188 2186
f 2022 2020 2187 2189
f 2021 2023 2190 2188
f 2024 2022 2189 2191
f 2023 2025 2192 2190
f 2026 2024 2191 2193
f 2192 2025 2027 2194
f 2028 2026 2193 2195
f 2194 2027 2029 2196
f 2030 2028 2195 2197
f 2029 2031 2198 2196
f 2032 2030 2197 2199
f 2031 2033 2200 2198
f 2034 2032 2199 2201
f 2200 2033 2035 2202
f 2036 2034 2201 2203
f 2035 2037 2204 2202
f 2038 2036 2203 2205
f 2037 2039 2206 2204
f 2040 2038 2205 2207
f 2039 2041 2208 2206
f 2042 2040 2207 2209
f 2208 2041 2043 2210
f 2044 2042 2209 2211
f 2043 2045 2212 2210
f 2046 2044 2211 2213
f 2045 2047 2214 2212
f 2048 2046 2213 2215
f 2047 2049 2216 2214
f 2050 2048 2215 2217
f 2049 2051 2218 2216
f 2217 2219 2220 2050
f 2221 2222 2218 2051
f 2052 2220 2403 2223
f 2053 2224 2404 2221
f 2054 2223 2406 2225
f 2055 2054 2225 2226
f 2057 2056 2230 2231
f 2057 2231 2411 2224
f 2058 2226 2227
f 2059 2058 2227 2232
f 2060 2059 2232 2233
f 2061 2060 2233 2234
f 2066 2061 2234 2235
f 2062 2075 2236 2237
f 2063 2062 2237 2238
f 2228 2064 2063 2238
f 2228 2229 2065 2064
f 2230 2065 2229
f 2067 2066 2235 2239
f 2068 2067 2239 2240
f 2069 2068 2240 2241
f 2070 2069 2241 2242
f 2076 2070 2242 2243
f 2071 2091 2252 2253
f 2072 2071 2253 2254
f 2073 2072 2254 2255
f 2074 2073 2255 2256
f 2236 2075 2074 2256
f 2243 2244 2077 2076
f 2244 2245 2078 2077
f 2245 2246 2079 2078
f 2246 2247 2080 2079
f 2081 2080 2247 2257
f 2082 2081 2257 2258
f 2083 2082 2258 2259
f 2092 2083 2259 2260
f 2084 2102 2261 2262
f 2085 2084 2262 2263
f 2086 2085 2263 2264
f 2248 2087 2086 2264
f 2248 2249 2088 2087
f 2249 2250 2089 2088
f 2250 2251 2090 2089
f 2251 2252 2091 2090
f 2093 2092 2260 2265
f 2094 2093 2265 2266
f 2095 2094 2266 2267
f 2096 2095 2267 2268
f 2103 2096 2268 2269
f 2097 2109 2280 2271
f 2098 2097 2271 2272
f 2099 2098 2272 2273
f 2100 2099 2273 2274
f 2101 2100 2274 2275
f 2261 2102 2101 2275
f 2269 2270 2104 2103
f 2105 2104 2270 2276
f 2106 2105 2276 2277
f 2107 2106 2277 2278
f 2108 2107 2278 2279
f 2109 2108 2279 2280
f 2282 2281 2110 2111
f 2283 2112 2110 2281
f 2113 2284 2282 2111
f 2285 2284 2113 2114
f 2112 2283 2286 2115
f 2285 2114 2116 2287
f 2115 2286 2288 2117
f 2287 2116 2120 2291
f 2288 2289 2118 2117
f 2289 2290 2119 2118
f 2290 2291 2120 2119
f 2295 2129 2121 2296
f 2297 2296 2121 2122
f 2122 2130 2298 2297
f 2306 2140 2123 2307
f 2308 2307 2123 2124
f 2309 2308 2124 2125
f 2309 2125 2126 2292
f 2126 2127 2293 2292
f 2127 2128 2294 2293
f 2128 2129 2295 2294
f 2130 2131 2299 2298
f 2131 2132 2300 2299
f 2132 2133 2301 2300
f 2133 2134 2310 2301
f 2311 2310 2134 2135
f 2312 2311 2135 2136
f 2136 2141 2313 2312
f 2303 2302 2316 2317
f 2304 2303 2317 2318
f 2319 2506 2304 2318
f 2321 2147 2137 2322
f 2323 2322 2137 2138
f 2323 2138 2139 2305
f 2139 2140 2306 2305
f 2141 2142 2324 2313
f 2325 2324 2142 2143
f 2326 2325 2143 2144
f 2144 2148 2327 2326
f 2314 2519 2329 2330
f 2315 2314 2330 2331
f 2332 2520 2315 2331
f 2317 2316 2333 2334
f 2318 2317 2334 2335
f 2319 2318 2335 2145
f 2145 2146 2320 2319
f 2146 2147 2321 2320
f 2148 2149 2328 2327
f 2149 2150 2329 2328
f 2336 2330 2329 2150
f 2331 2330 2336 2337
f 2332 2331 2337 2338
f 2333 2528 2339 2340
f 2334 2333 2340 2151
f 2151 2152 2335 2334
f 2153 2154 2337 2336
f 2341 2338 2337 2154
f 2342 2529 2338 2341
f 2155 2339 2531 2343
f 2155 2156 2340 2339
f 2158 2159 2342 2341
f 2159 2344 2532 2342
f 2160 2343 2534 2346
f 2162 2347 2535 2344
f 2163 2345 2348
f 2163 2164 2346 2345
f 2166 2349 2537 2347
f 2167 2348 2539 2350
f 2168 2169 2351 2349
f 2169 2352 2351
f 2170 2350 2543 2353
f 2172 2354 2544 2352
f 2173 2353 2545 2355
f 2172 2175 2356 2354
f 2357 2546 2354 2356
f 2176 2173 2355 2358
f 2359 2357 2356 2177
f 2178 2358 2549 2360
f 2179 2361 2550 2359
f 2180 2178 2360 2362
f 2361 2182 2363
f 2183 2180 2362 2364
f 2363 2182 2184 2365
f 2185 2183 2364 2366
f 2184 2186 2367 2365
f 2187 2185 2366 2368
f 2186 2188 2369 2367
f 2189 2187 2368 2370
f 2369 2188 2190 2371
f 2191 2189 2370 2372
f 2190 2192 2373 2371
f 2193 2191 2372 2374
f 2192 2194 2375 2373
f 2195 2193 2374 2376
f 2194 2196 2377 2375
f 2197 2195 2376 2378
f 2377 2196 2198 2379
f 2199 2197 2378 2380
f 2198 2200 2381 2379
f 2201 2199 2380 2382
f 2200 2202 2383 2381
f 2203 2201 2382 2384
f 2383 2202 2204 2385
f 2205 2203 2384 2386
f 2385 2204 2206 2387
f 2207 2205 2386 2388
f 2206 2208 2389 2387
f 2209 2207 2388 2390
f 2208 2210 2391 2389
f 2211 2209 2390 2392
f 2391 2210 2212 2393
f 2213 2211 2392 2394
f 2212 2214 2395 2393
f 2215 2213 2394 2396
f 2214 2216 2397 2395
f 2217 2215 2396 2398
f 2216 2218 2399 2397
f 2400 2219 2217 2398
f 2218 2222 2401 2399
f 2402 2219 2400
f 2220 2219 2402 2403
f 2222 2221 2404 2405
f 2222 2405 2401
f 2223 2403 2597 2406
f 2224 2411 2600 2404
f 2225 2406 2407
f 2407 2408 2226 2225
f 2227 2226 2408 2412
f 2232 2227 2412 2413
f 2228 2238 2417 2418
f 2229 2228 2418 2419
f 2409 2230 2229 2419
f 2409 2410 2231 2230
f 2411 2231 2410
f 2413 2414 2233 2232
f 2414 2415 2234 2233
f 2235 2234 2415 2420
f 2239 2235 2420 2421
f 2236 2256 2428 2429
f 2416 2237 2236 2429
f 2416 2417 2238 2237
f 2421 2422 2240 2239
f 2422 2423 2241 2240
f 2423 2424 2242 2241
f 2243 2242 2424 2430
f 2244 2243 2430 2431
f 2245 2244 2431 2432
f 2246 2245 2432 2433
f 2247 2246 2433 2434
f 2257 2247 2434 2435
f 2248 2264 2436 2437
f 2249 2248 2437 2438
f 2250 2249 2438 2439
f 2251 2250 2439 2440
f 2252 2251 2440 2441
f 2425 2253 2252 2441
f 2425 2426 2254 2253
f 2426 2427 2255 2254
f 2427 2428 2256 2255
f 2258 2257 2435 2442
f 2259 2258 2442 2443
f 2260 2259 2443 2444
f 2265 2260 2444 2448
f 2261 2275 2458 2445
f 2262 2261 2445 2446
f 2263 2262 2446 2447
f 2436 2264 2263 2447
f 2266 2265 2448 2449
f 2267 2266 2449 2450
f 2268 2267 2450 2451
f 2269 2268 2451 2452
f 2270 2269 2452 2453
f 2276 2270 2453 2459
f 2271 2280 2463 2454
f 2272 2271 2454 2455
f 2273 2272 2455 2456
f 2274 2273 2456 2457
f 2275 2274 2457 2458
f 2277 2276 2459 2460
f 2278 2277 2460 2461
f 2279 2278 2461 2462
f 2280 2279 2462 2463
f 2459 2654 2464 2460
f 2461 2460 2464 2465
f 2465 2657 2462 2461
f 2467 2466 2281 2282
f 2468 2283 2281 2466
f 2284 2469 2467 2282
f 2470 2469 2284 2285
f 2283 2468 2471 2286
f 2470 2285 2287 2472
f 2473 2288 2286 2471
f 2472 2287 2291 2476
f 2288 2473 2474
f 2289 2288 2474 2477
f 2475 2290 2289 2477
f 2475 2476 2291 2290
f 2485 2309 2292 2486
f 2487 2486 2292 2293
f 2488 2487 2293 2294
f 2489 2488 2294 2295
f 2490 2489 2295 2296
f 2491 2490 2296 2297
f 2492 2491 2297 2298
f 2493 2492 2298 2299
f 2494 2493 2299 2300
f 2495 2494 2300 2301
f 2301 2310 2496 2495
f 2477 2674 2497 2498
f 2478 2679 2504 2505
f 2479 2478 2505 2302
f 2302 2303 2480 2479
f 2303 2304 2481 2480
f 2506 2482 2481 2304
f 2507 2682 2482 2506
f 2510 2323 2305 2511
f 2512 2511 2305 2306
f 2512 2306 2307 2483
f 2307 2308 2484 2483
f 2308 2309 2485 2484
f 2310 2311 2497 2496
f 2311 2312 2498 2497
f 2312 2313 2513 2498
f 2313 2324 2514 2513
f 2499 2699 2518 2519
f 2500 2499 2519 2314
f 2314 2315 2501 2500
f 2520 2502 2501 2315
f 2503 2502 2520 2521
f 2522 2702 2503 2521
f 2505 2504 2523 2524
f 2316 2302 2505 2524
f 2319 2320 2507 2506
f 2320 2321 2508 2507
f 2321 2322 2509 2508
f 2322 2323 2510 2509
f 2324 2325 2515 2514
f 2325 2326 2516 2515
f 2326 2327 2517 2516
f 2327 2328 2518 2517
f 2328 2329 2519 2518
f 2525 2521 2520 2332
f 2522 2521 2525 2526
f 2524 2523 2527 2528
f 2333 2316 2524 2528
f 2332 2338 2529 2525
f 2526 2525 2529 2530
f 2528 2527 2531 2339
f 2532 2530 2529 2342
f 2343 2531 2713 2534
f 2344 2535 2714 2532
f 2345 2533 2536
f 2345 2346 2534 2533
f 2347 2537 2716 2535
f 2539 2348 2540
f 2540 2348 2345 2536
f 2541 2538 2537 2349
f 2542 2538 2541
f 2350 2539 2720 2543
f 2349 2351 2541
f 2351 2352 2542 2541
f 2352 2544 2723 2542
f 2353 2543 2545
f 2354 2546 2544
f 2355 2545 2547
f 2546 2357 2548
f 2358 2355 2547 2549
f 2548 2357 2359 2550
f 2360 2549 2730 2551
f 2361 2552 2731 2550
f 2362 2360 2551 2553
f 2361 2363 2554 2552
f 2364 2362 2553 2555
f 2363 2365 2556 2554
f 2366 2364 2555 2557
f 2556 2365 2367 2558
f 2368 2366 2557 2559
f 2367 2369 2560 2558
f 2370 2368 2559 2561
f 2369 2371 2562 2560
f 2372 2370 2561 2563
f 2562 2371 2373 2564
f 2374 2372 2563 2565
f 2373 2375 2566 2564
f 2376 2374 2565 2567
f 2375 2377 2568 2566
f 2378 2376 2567 2569
f 2377 2379 2570 2568
f 2380 2378 2569 2571
f 2570 2379 2381 2572
f 2382 2380 2571 2573
f 2381 2383 2574 2572
f 2384 2382 2573 2575
f 2383 2385 2576 2574
f 2386 2384 2575 2577
f 2385 2387 2578 2576
f 2388 2386 2577 2579
f 2578 2387 2389 2580
f 2388 2579 2581 2390
f 2389 2391 2582 2580
f 2392 2390 2581 2583
f 2391 2393 2584 2582
f 2585 2394 2392 2583
f 2584 2393 2395 2586
f 2394 2585 2587 2396
f 2586 2395 2397 2588
f 2396 2587 2589 2398
f 2588 2397 2399 2590
f 2591 2400 2398 2589
f 2399 2401 2592 2590
f 2402 2400 2591 2593
f 2401 2405 2596 2592
f 2402 2593 2594
f 2403 2402 2594 2597
f 2595 2405 2404 2600
f 2596 2405 2595
f 2406 2597 2598
f 2407 2406 2598 2601
f 2408 2407 2601 2602
f 2412 2408 2602 2603
f 2409 2419 2606 2607
f 2410 2409 2607 2608
f 2599 2411 2410 2608
f 2600 2411 2599
f 2603 2604 2413 2412
f 2414 2413 2604 2609
f 2415 2414 2609 2610
f 2420 2415 2610 2611
f 2416 2429 2614 2615
f 2417 2416 2615 2616
f 2605 2418 2417 2616
f 2605 2606 2419 2418
f 2611 2612 2421 2420
f 2422 2421 2612 2617
f 2423 2422 2617 2618
f 2424 2423 2618 2619
f 2430 2424 2619 2620
f 2425 2441 2624 2625
f 2426 2425 2625 2626
f 2427 2426 2626 2627
f 2613 2428 2427 2627
f 2613 2614 2429 2428
f 2620 2621 2431 2430
f 2432 2431 2621 2628
f 2433 2432 2628 2629
f 2434 2433 2629 2630
f 2435 2434 2630 2631
f 2442 2435 2631 2632
f 2436 2447 2633 2634
f 2437 2436 2634 2635
f 2438 2437 2635 2636
f 2622 2439 2438 2636
f 2622 2623 2440 2439
f 2623 2624 2441 2440
f 2443 2442 2632 2637
f 2444 2443 2637 2638
f 2448 2444 2638 2641
f 2445 2458 2652 2639
f 2446 2445 2639 2640
f 2633 2447 2446 2640
f 2449 2448 2641 2642
f 2450 2449 2642 2643
f 2451 2450 2643 2644
f 2452 2451 2644 2645
f 2453 2452 2645 2646
f 2459 2453 2646
f 2454 2463 2647 2648
f 2455 2454 2648 2649
f 2456 2455 2649 2650
f 2457 2456 2650 2651
f 2458 2457 2651 2652
f 2645 2829 2653 2646
f 2646 2653 2654 2459
f 2647 2463 2462 2657
f 2464 2654 2655
f 2655 2656 2465 2464
f 2657 2465 2656
f 2659 2658 2468 2466
f 2660 2659 2466 2467
f 2469 2661 2660 2467
f 2662 2661 2469 2470
f 2468 2658 2663 2471
f 2662 2470 2472 2664
f 2471 2663 2665 2473
f 2664 2472 2476 2666
f 2473 2665 2672 2673
f 2474 2473 2673 2674
f 2477 2474 2674
f 2475 2477 2675
f 2666 2476 2475 2675
f 2679 2478 2680
f 2680 2478 2479 2667
f 2479 2480 2668 2667
f 2480 2481 2669 2668
f 2481 2482 2681 2669
f 2482 2682 2681
f 2685 2512 2483 2686
f 2687 2686 2483 2484
f 2688 2687 2484 2485
f 2689 2688 2485 2486
f 2690 2689 2486 2487
f 2691 2690 2487 2488
f 2692 2691 2488 2489
f 2692 2489 2490 2670
f 2490 2491 2671 2670
f 2491 2492 2693 2671
f 2694 2693 2492 2493
f 2695 2694 2493 2494
f 2695 2494 2495 2672
f 2495 2496 2673 2672
f 2496 2497 2674 2673
f 2477 2498 2696 2675
f 2697 2872 2675 2696
f 2699 2499 2700
f 2700 2499 2500 2676
f 2500 2501 2677 2676
f 2501 2502 2678 2677
f 2502 2503 2701 2678
f 2503 2702 2701
f 2504 2679 2703
f 2507 2508 2704 2682
f 2705 2704 2508 2509
f 2705 2509 2510 2683
f 2510 2511 2684 2683
f 2511 2512 2685 2684
f 2498 2513 2696
f 2513 2514 2697 2696
f 2514 2515 2698 2697
f 2515 2516 2706 2698
f 2707 2706 2516 2517
f 2707 2517 2518 2699
f 2702 2522 2708
f 2504 2703 2709 2523
f 2708 2522 2526 2710
f 2527 2523 2709 2711
f 2710 2526 2530 2712
f 2531 2527 2711 2713
f 2530 2532 2714 2712
f 2715 2533 2534 2713
f 2535 2716 2895 2714
f 2536 2533 2715 2718
f 2537 2538 2717 2716
f 2717 2538 2719
f 2720 2539 2721
f 2721 2539 2540 2718
f 2540 2536 2718
f 2542 2722 2719 2538
f 2542 2723 2722
f 2543 2720 2724
f 2723 2544 2725
f 2726 2545 2543 2724
f 2546 2727 2725 2544
f 2547 2545 2726 2728
f 2727 2546 2548 2729
f 2549 2547 2728 2730
f 2548 2550 2731 2729
f 2551 2730 2732
f 2731 2552 2733
f 2553 2551 2732 2734
f 2733 2552 2554 2735
f 2555 2553 2734 2736
f 2554 2556 2737 2735
f 2557 2555 2736 2738
f 2556 2558 2739 2737
f 2559 2557 2738 2740
f 2558 2560 2741 2739
f 2561 2559 2740 2742
f 2560 2562 2743 2741
f 2563 2561 2742 2744
f 2562 2564 2745 2743
f 2565 2563 2744 2746
f 2745 2564 2566 2747
f 2567 2565 2746 2748
f 2566 2568 2749 2747
f 2569 2567 2748 2750
f 2568 2570 2751 2749
f 2571 2569 2750 2752
f 2570 2572 2753 2751
f 2573 2571 2752 2754
f 2753 2572 2574 2755
f 2575 2573 2754 2756
f 2574 2576 2757 2755
f 2577 2575 2756 2758
f 2576 2578 2759 2757
f 2579 2577 2758 2760
f 2578 2580 2761 2759
f 2581 2579 2760 2762
f 2761 2580 2582 2763
f 2583 2581 2762 2764
f 2582 2584 2765 2763
f 2766 2585 2583 2764
f 2584 2586 2767 2765
f 2587 2585 2766 2768
f 2586 2588 2769 2767
f 2589 2587 2768 2770
f 2588 2590 2771 2769
f 2591 2589 2770 2772
f 2590 2592 2773 2771
f 2774 2593 2591 2772
f 2592 2596 2775 2773
f 2776 2593 2774
f 2594 2593 2776 2777
f 2597 2594 2777 2778
f 2595 2600 2779 2780
f 2596 2595 2780 2781
f 2596 2781 2775
f 2598 2597 2778 2782
f 2601 2598 2782 2783
f 2599 2608 2786 2787
f 2779 2600 2599 2787
f 2783 2784 2602 2601
f 2603 2602 2784 2788
f 2604 2603 2788 2789
f 2609 2604 2789 2790
f 2605 2616 2793 2794
f 2606 2605 2794 2795
f 2785 2607 2606 2795
f 2785 2786 2608 2607
f 2790 2791 2610 2609
f 2611 2610 2791 2796
f 2612 2611 2796 2797
f 2617 2612 2797 2798
f 2613 2627 2800 2801
f 2614 2613 2801 2802
f 2792 2615 2614 2802
f 2792 2793 2616 2615
f 2618 2617 2798 2803
f 2619 2618 2803 2804
f 2620 2619 2804 2805
f 2621 2620 2805 2806
f 2628 2621 2806 2807
f 2622 2636 2809 2810
f 2623 2622 2810 2811
f 2624 2623 2811 2812
f 2625 2624 2812 2813
f 2799 2626 2625 2813
f 2799 2800 2627 2626
f 2807 2808 2629 2628
f 2630 2629 2808 2814
f 2631 2630 2814 2815
f 2632 2631 2815 2816
f 2637 2632 2816 2817
f 2633 2640 2818 2819
f 2634 2633 2819 2820
f 2635 2634 2820 2821
f 2809 2636 2635 2821
f 2638 2637 2817 2822
f 2641 2638 2822 2823
f 2639 2652 2824 2825
f 2818 2640 2639 2825
f 2642 2641 2823 2826
f 2643 2642 2826 2827
f 2644 2643 2827 2828
f 2645 2644 2828 2829
f 2647 2657 2830
f 2648 2647 2830 2831
f 2649 2648 2831 2832
f 2650 2649 2832 2833
f 2651 2650 2833 2834
f 2824 2652 2651 2834
f 2653 2829 3007 2835
f 2654 2653 2835 2836
f 2655 2654 2836 2837
f 2656 2655 2837 2838
f 2657 2656 2838 2839
f 2839 2840 2830 2657
f 2840 3010 2831 2830
f 2841 2658 2842
f 2843 2842 2658 2659
f 2844 2843 2659 2660
f 2845 2844 2660 2661
f 2846 2845 2661 2662
f 2663 2658 2841 2847
f 2846 2662 2664 2848
f 2665 2663 2847 2851
f 2848 2664 2666 2852
f 2853 2680 2667 2854
f 2855 2854 2667 2668
f 2856 2855 2668 2669
f 2669 2681 2857 2856
f 2849 3030 2860 2861
f 2850 2849 2861 2862
f 2863 3031 2850 2862
f 2866 2692 2670 2867
f 2868 2867 2670 2671
f 2671 2693 2869 2868
f 2672 2665 2851 2871
f 2666 2675 2872
f 2666 2872 2873 2852
f 2874 2700 2676 2875
f 2876 2875 2676 2677
f 2877 2876 2677 2678
f 2678 2701 2878 2877
f 2879 2679 2680 2853
f 2681 2682 2880 2857
f 2682 2704 2881 2880
f 2882 2705 2683 2883
f 2883 2683 2684 2858
f 2684 2685 2859 2858
f 2685 2686 2860 2859
f 2686 2687 2861 2860
f 2687 2688 2862 2861
f 2688 2689 2863 2862
f 2689 2690 2864 2863
f 2690 2691 2865 2864
f 2691 2692 2866 2865
f 2693 2694 2870 2869
f 2694 2695 2871 2870
f 2695 2672 2871
f 2697 2698 2873 2872
f 2698 2706 2884 2873
f 2885 2707 2699 2886
f 2886 2699 2700 2874
f 2701 2702 2887 2878
f 2679 2879 2888 2703
f 2704 2705 2882 2881
f 2706 2707 2885 2884
f 2887 2702 2708 2889
f 2709 2703 2888 2890
f 2889 2708 2710 2891
f 2711 2709 2890 2892
f 2710 2712 2893 2891
f 2713 2711 2892 2894
f 2893 2712 2714 2895
f 2715 2713 2894 2896
f 2716 2717 2897 2895
f 2718 2715 2896 2898
f 2897 2717 2719 2899
f 2900 2720 2721 2898
f 2721 2718 2898
f 2719 2722 2899
f 2722 2723 2901 2899
f 2724 2720 2900 2902
f 2901 2723 2725 2903
f 2726 2724 2902 2904
f 2725 2727 2905 2903
f 2728 2726 2904 2906
f 2727 2729 2907 2905
f 2730 2728 2906 2908
f 2729 2731 2909 2907
f 2732 2730 2908 2910
f 2909 2731 2733 2911
f 2734 2732 2910 2912
f 2733 2735 2913 2911
f 2736 2734 2912 2914
f 2913 2735 2737 2915
f 2738 2736 2914 2916
f 2737 2739 2917 2915
f 2740 2738 2916 2918
f 2917 2739 2741 2919
f 2742 2740 2918 2920
f 2741 2743 2921 2919
f 2744 2742 2920 2922
f 2743 2745 2923 2921
f 2746 2744 2922 2924
f 2745 2747 2925 2923
f 2748 2746 2924 2926
f 2925 2747 2749 2927
f 2750 2748 2926 2928
f 2749 2751 2929 2927
f 2752 2750 2928 2930
f 2751 2753 2931 2929
f 2754 2752 2930 2932
f 2753 2755 2933 2931
f 2754 2932 2934 2756
f 2933 2755 2757 2935
f 2756 2934 2936 2758
f 2757 2759 2937 2935
f 2760 2758 2936 2938
f 2759 2761 2939 2937
f 2762 2760 2938 2940
f 2761 2763 2941 2939
f 2764 2762 2940 2942
f 2941 2763 2765 2943
f 2766 2764 2942 2944
f 2765 2767 2945 2943
f 2768 2766 2944 2946
f 2767 2769 2947 2945
f 2770 2768 2946 2948
f 2769 2771 2949 2947
f 2772 2770 2948 2950
f 2771 2773 2951 2949
f 2772 2950 2952 2774
f 2773 2775 2953 2951
f 2954 2776 2774 2952
f 2775 2781 2957 2953
f 2954 2955 2777 2776
f 2778 2777 2955 2958
f 2782 2778 2958 2959
f 2779 2787 2962 2963
f 2956 2780 2779 2963
f 2956 2957 2781 2780
f 2959 2960 2783 2782
f 2784 2783 2960 2964
f 2788 2784 2964 2965
f 2785 2795 2968 2969
f 2961 2786 2785 2969
f 2961 2962 2787 2786
f 2965 2966 2789 2788
f 2790 2789 2966 2970
f 2791 2790 2970 2971
f 2796 2791 2971 2972
f 2792 2802 2975 2976
f 2793 2792 2976 2977
f 2967 2794 2793 2977
f 2967 2968 2795 2794
f 2972 2973 2797 2796
f 2798 2797 2973 2978
f 2803 2798 2978 2979
f 2799 2813 2984 2985
f 2800 2799 2985 2986
f 2974 2801 2800 2986
f 2974 2975 2802 2801
f 2804 2803 2979 2987
f 2980 2805 2804 2987
f 2980 2981 2806 2805
f 2807 2806 2981 2988
f 2808 2807 2988 2989
f 2814 2808 2989 2992
f 2809 2821 2999 2990
f 2810 2809 2990 2991
f 2982 2811 2810 2991
f 2982 2983 2812 2811
f 2983 2984 2813 2812
f 2815 2814 2992 2993
f 2816 2815 2993 2994
f 2817 2816 2994 2995
f 2822 2817 2995 3000
f 2818 2825 3003 2996
f 2819 2818 2996 2997
f 2820 2819 2997 2998
f 2821 2820 2998 2999
f 2823 2822 3000 3001
f 2826 2823 3001 3004
f 2824 2834 3013 3002
f 2825 2824 3002 3003
f 2827 2826 3004 3005
f 2828 2827 3005 3006
f 2829 2828 3006 3007
f 2832 2831 3010 3011
f 2833 2832 3011 3012
f 2834 2833 3012 3013
f 2835 3007 3008
f 2836 2835 3008 3014
f 2837 2836 3014 3015
f 2838 2837 3015 3016
f 2839 2838 3016 3017
f 3009 2840 2839 3017
f 3010 2840 3009
f 3019 3018 2841 2842
f 3020 3019 2842 2843
f 3021 3020 2843 2844
f 3022 3021 2844 2845
f 2846 3027 3022 2845
f 2841 3018 3026 2847
f 3027 2846 2848
f 3023 3204 3029 3030
f 3024 3023 3030 2849
f 2849 2850 3025 3024
f 2850 3031 3205 3025
f 2851 2847 3026 3033
f 3027 2848 2852 3034
f 3036 3035 2853 2854
f 3037 3036 2854 2855
f 3038 3037 2855 2856
f 3039 3038 2856 2857
f 2857 2880 3040 3039
f 2858 3028 3041 2883
f 2858 2859 3029 3028
f 2859 2860 3030 3029
f 2863 2864 3032 3031
f 2864 2865 3042 3032
f 3043 3042 2865 2866
f 3044 3043 2866 2867
f 3045 3044 2867 2868
f 3046 3045 2868 2869
f 3047 3046 2869 2870
f 3047 2870 2871 3033
f 2871 2851 3033
f 2873 3048 3034 2852
f 3049 2886 2874 3050
f 3051 3050 2874 2875
f 3052 3051 2875 2876
f 3053 3052 2876 2877
f 3054 3053 2877 2878
f 3055 2879 2853 3035
f 2880 2881 3056 3040
f 3057 3056 2881 2882
f 3057 2882 2883 3041
f 2884 3058 3048 2873
f 3059 3058 2884 2885
f 3059 2885 2886 3049
f 2887 3060 3054 2878
f 2879 3055 3061 2888
f 3060 2887 2889 3062
f 3063 2890 2888 3061
f 2891 3064 3062 2889
f 2892 2890 3063 3065
f 3064 2891 2893 3066
f 2894 2892 3065 3067
f 2893 2895 3068 3066
f 2896 2894 3067 3069
f 2895 2897 3070 3068
f 2898 2896 3069 3071
f 2897 2899 3072 3070
f 2900 2898 3071 3073
f 2899 2901 3074 3072
f 2902 2900 3073 3075
f 2901 2903 3076 3074
f 2904 2902 3075 3077
f 2903 2905 3078 3076
f 2906 2904 3077 3079
f 2905 2907 3080 3078
f 2908 2906 3079 3081
f 3080 2907 2909 3082
f 2910 2908 3081 3083
f 2909 2911 3084 3082
f 2912 2910 3083 3085
f 2911 2913 3086 3084
f 2914 2912 3085 3087
f 2913 2915 3088 3086
f 2916 2914 3087 3089
f 3088 2915 2917 3090
f 2918 2916 3089 3091
f 2917 2919 3092 3090
f 2920 2918 3091 3093
f 3092 2919 2921 3094
f 2922 2920 3093 3095
f 2921 2923 3096 3094
f 2924 2922 3095 3097
f 2923 2925 3098 3096
f 2926 2924 3097 3099
f 2925 2927 3100 3098
f 2928 2926 3099 3101
f 3100 2927 2929 3102
f 2930 2928 3101 3103
f 2929 2931 3104 3102
f 2932 2930 3103 3105
f 2931 2933 3106 3104
f 2934 2932 3105 3107
f 2933 2935 3108 3106
f 2936 2934 3107 3109
f 3108 2935 2937 3110
f 2938 2936 3109 3111
f 2937 2939 3112 3110
f 2938 3111 3113 2940
f 3112 2939 2941 3114
f 2940 3113 3115 2942
f 2941 2943 3116 3114
f 2942 3115 3117 2944
f 3116 2943 2945 3118
f 2944 3117 3119 2946
f 3118 2945 2947 3120
f 2946 3119 3121 2948
f 3120 2947 2949 3122
f 2948 3121 3123 2950
f 3122 2949 2951 3124
f 3125 2952 2950 3123
f 2951 2953 3126 3124
f 2952 3125 3127 2954
f 2953 2957 3130 3126
f 2954 3127 3128
f 2955 2954 3128 3131
f 2958 2955 3131 3132
f 2956 2963 3133 3134
f 3129 2957 2956 3134
f 3130 2957 3129
f 2959 2958 3132 3135
f 2960 2959 3135 3136
f 2964 2960 3136 3137
f 2961 2969 3140 3141
f 2962 2961 3141 3142
f 3133 2963 2962 3142
f 3137 3138 2965 2964
f 2966 2965 3138 3143
f 2970 2966 3143 3144
f 2967 2977 3147 3148
f 3139 2968 2967 3148
f 3139 3140 2969 2968
f 3144 3145 2971 2970
f 2972 2971 3145 3149
f 2973 2972 3149 3150
f 2978 2973 3150 3151
f 2974 2986 3152 3153
f 2975 2974 3153 3154
f 3146 2976 2975 3154
f 3146 3147 2977 2976
f 2979 2978 3151 3155
f 2987 2979 3155 3156
f 2980 2987 3157
f 2981 2980 3157 3158
f 2988 2981 3158 3159
f 2982 2991 3160 3161
f 2983 2982 3161 3162
f 2984 2983 3162 3163
f 2985 2984 3163 3164
f 3152 2986 2985 3164
f 2987 3156 3165 3157
f 3165 3338 3158 3157
f 2989 2988 3159 3166
f 2992 2989 3166 3167
f 2990 2999 3168 3169
f 3160 2991 2990 3169
f 3161 3341 3170 3162
f 3170 3343 3163 3162
f 2993 2992 3167 3171
f 2994 2993 3171 3172
f 2995 2994 3172 3173
f 3000 2995 3173 3174
f 2996 3003 3175 3176
f 2997 2996 3176 3177
f 2998 2997 3177 3178
f 3168 2999 2998 3178
f 3001 3000 3174 3179
f 3004 3001 3179 3180
f 3002 3013 3181 3182
f 3175 3003 3002 3182
f 3005 3004 3180 3183
f 3006 3005 3183 3184
f 3007 3006 3184 3185
f 3008 3007 3185 3186
f 3014 3008 3186 3187
f 3009 3017 3190 3191
f 3010 3009 3191 3192
f 3011 3010 3192 3193
f 3012 3011 3193 3194
f 3181 3013 3012 3194
f 3187 3188 3015 3014
f 3188 3189 3016 3015
f 3189 3190 3017 3016
f 3199 3198 3018 3019
f 3200 3199 3019 3020
f 3201 3200 3020 3021
f 3202 3201 3021 3022
f 3023 3195 3374 3204
f 3023 3024 3196 3195
f 3024 3025 3197 3196
f 3025 3205 3378 3197
f 3018 3198 3206 3026
f 3027 3207 3202 3022
f 3028 3203 3208 3041
f 3028 3029 3204 3203
f 3031 3032 3209 3205
f 3032 3042 3210 3209
f 3215 3047 3033 3216
f 3216 3033 3026 3206
f 3207 3027 3034 3217
f 3219 3218 3035 3036
f 3220 3219 3036 3037
f 3221 3220 3037 3038
f 3222 3221 3038 3039
f 3223 3222 3039 3040
f 3040 3056 3224 3223
f 3041 3208 3225 3057
f 3042 3043 3211 3210
f 3043 3044 3212 3211
f 3044 3045 3213 3212
f 3045 3046 3214 3213
f 3046 3047 3215 3214
f 3034 3048 3226 3217
f 3227 3059 3049 3228
f 3229 3228 3049 3050
f 3230 3229 3050 3051
f 3231 3230 3051 3052
f 3232 3231 3052 3053
f 3233 3232 3053 3054
f 3234 3055 3035 3218
f 3056 3057 3225 3224
f 3048 3058 3226
f 3058 3059 3227 3226
f 3060 3235 3233 3054
f 3055 3234 3236 3061
f 3235 3060 3062 3237
f 3238 3063 3061 3236
f 3064 3239 3237 3062
f 3240 3065 3063 3238
f 3066 3241 3239 3064
f 3242 3067 3065 3240
f 3068 3243 3241 3066
f 3244 3071 3069 3245
f 3245 3069 3067 3242
f 3070 3246 3243 3068
f 3070 3072 3247 3246
f 3071 3244 3248 3073
f 3072 3074 3249 3247
f 3073 3248 3250 3075
f 3074 3076 3251 3249
f 3075 3250 3252
f 3251 3076 3253
f 3254 3077 3075 3252
f 3078 3255 3253 3076
f 3079 3077 3254 3256
f 3255 3078 3080 3257
f 3081 3079 3256 3258
f 3080 3082 3259 3257
f 3083 3081 3258 3260
f 3082 3084 3261 3259
f 3085 3083 3260 3262
f 3261 3084 3086 3263
f 3087 3085 3262 3264
f 3086 3088 3265 3263
f 3089 3087 3264 3266
f 3088 3090 3267 3265
f 3091 3089 3266 3268
f 3090 3092 3269 3267
f 3093 3091 3268 3270
f 3092 3094 3271 3269
f 3095 3093 3270 3272
f 3271 3094 3096 3273
f 3097 3095 3272 3274
f 3273 3096 3098 3275
f 3097 3274 3276 3099
f 3098 3100 3277 3275
f 3101 3099 3276 3278
f 3100 3102 3279 3277
f 3103 3101 3278 3280
f 3279 3102 3104 3281
f 3103 3280 3282 3105
f 3281 3104 3106 3283
f 3105 3282 3284 3107
f 3106 3108 3285 3283
f 3109 3107 3284 3286
f 3108 3110 3287 3285
f 3111 3109 3286 3288
f 3110 3112 3289 3287
f 3113 3111 3288 3290
f 3112 3114 3291 3289
f 3115 3113 3290 3292
f 3291 3114 3116 3293
f 3117 3115 3292 3294
f 3293 3116 3118 3295
f 3119 3117 3294 3296
f 3118 3120 3297 3295
f 3121 3119 3296 3298
f 3120 3122 3299 3297
f 3123 3121 3298 3300
f 3122 3124 3301 3299
f 3302 3125 3123 3300
f 3124 3126 3303 3301
f 3304 3127 3125 3302
f 3126 3130 3307 3303
f 3127 3304 3305
f 3128 3127 3305 3308
f 3131 3128 3308 3309
f 3129 3134 3310 3311
f 3306 3130 3129 3311
f 3307 3130 3306
f 3132 3131 3309 3312
f 3135 3132 3312 3313
f 3133 3142 3318 3319
f 3310 3134 3133 3319
f 3313 3314 3136 3135
f 3314 3315 3137 3136
f 3138 3137 3315 3320
f 3143 3138 3320 3321
f 3139 3148 3324 3325
f 3316 3140 3139 3325
f 3316 3317 3141 3140
f 3317 3318 3142 3141
f 3321 3322 3144 3143
f 3145 3144 3322 3326
f 3149 3145 3326 3327
f 3146 3154 3328 3329
f 3323 3147 3146 3329
f 3323 3324 3148 3147
f 3150 3149 3327 3330
f 3151 3150 3330 3331
f 3155 3151 3331 3332
f 3152 3164 3333 3334
f 3153 3152 3334 3335
f 3328 3154 3153 3335
f 3156 3155 3332 3336
f 3165 3156 3336 3337
f 3159 3158 3338 3339
f 3166 3159 3339
f 3160 3169 3340
f 3161 3160 3340 3341
f 3333 3164 3163 3343
f 3338 3165 3337
f 3338 3517 3344 3339
f 3339 3344 3345 3166
f 3167 3166 3345 3346
f 3171 3167 3346 3347
f 3168 3178 3348 3349
f 3169 3168 3349 3350
f 3350 3351 3340 3169
f 3351 3524 3341 3340
f 3170 3341 3342 3343
f 3172 3171 3347 3352
f 3173 3172 3352 3353
f 3174 3173 3353 3354
f 3179 3174 3354 3355
f 3175 3182 3356 3357
f 3176 3175 3357 3358
f 3177 3176 3358 3359
f 3348 3178 3177 3359
f 3180 3179 3355 3360
f 3183 3180 3360 3361
f 3181 3194 3362 3363
f 3356 3182 3181 3363
f 3184 3183 3361 3364
f 3185 3184 3364 3365
f 3186 3185 3365 3366
f 3187 3186 3366 3367
f 3188 3187 3367 3368
f 3189 3188 3368 3369
f 3190 3189 3369 3370
f 3191 3190 3370 3371
f 3192 3191 3371 3372
f 3193 3192 3372 3373
f 3362 3194 3193 3373
f 3374 3195 3375
f 3376 3375 3195 3196
f 3377 3376 3196 3197
f 3197 3378 3377
f 3380 3379 3198 3199
f 3381 3380 3199 3200
f 3382 3381 3200 3201
f 3383 3382 3201 3202
f 3384 3203 3204 3374
f 3378 3205 3385
f 3206 3198 3379 3386
f 3207 3387 3383 3202
f 3388 3208 3203 3384
f 3209 3389 3385 3205
f 3390 3389 3209 3210
f 3391 3390 3210 3211
f 3392 3391 3211 3212
f 3393 3392 3212 3213
f 3394 3393 3213 3214
f 3395 3394 3214 3215
f 3395 3215 3216 3386
f 3216 3206 3386
f 3217 3396 3387 3207
f 3397 3411 3218 3219
f 3398 3397 3219 3220
f 3399 3398 3220 3221
f 3400 3399 3221 3222
f 3401 3400 3222 3223
f 3402 3401 3223 3224
f 3403 3402 3224 3225
f 3403 3225 3208 3388
f 3226 3404 3396 3217
f 3405 3404 3226 3227
f 3406 3405 3227 3228
f 3407 3406 3228 3229
f 3408 3407 3229 3230
f 3409 3408 3230 3231
f 3410 3409 3231 3232
f 3233 3412 3410 3232
f 3218 3411 3414 3234
f 3235 3413 3412 3233
f 3234 3414 3236
f 3413 3235 3237 3415
f 3416 3240 3238 3417
f 3417 3238 3236 3414
f 3239 3418 3415 3237
f 3239 3241 3419 3418
f 3240 3416 3420 3242
f 3241 3243 3421 3419
f 3242 3420 3422 3245
f 3243 3246 3423 3421
f 3424 3244 3245 3422
f 3246 3247 3425 3423
f 3426 3248 3244 3424
f 3249 3427 3425 3247
f 3428 3250 3248 3426
f 3251 3429 3427 3249
f 3252 3250 3428 3430
f 3429 3251 3253 3431
f 3254 3252 3430 3432
f 3253 3255 3433 3431
f 3256 3254 3432 3434
f 3255 3257 3435 3433
f 3258 3256 3434 3436
f 3259 3437 3435 3257
f 3260 3258 3436 3438
f 3437 3259 3261 3439
f 3262 3260 3438 3440
f 3261 3263 3441 3439
f 3264 3262 3440 3442
f 3441 3263 3265 3443
f 3266 3264 3442 3444
f 3265 3267 3445 3443
f 3268 3266 3444 3446
f 3445 3267 3269 3447
f 3270 3268 3446 3448
f 3447 3269 3271 3449
f 3272 3270 3448 3450
f 3271 3273 3451 3449
f 3274 3272 3450 3452
f 3273 3275 3453 3451
f 3276 3274 3452 3454
f 3453 3275 3277 3455
f 3278 3276 3454 3456
f 3455 3277 3279 3457
f 3280 3278 3456 3458
f 3279 3281 3459 3457
f 3282 3280 3458 3460
f 3281 3283 3461 3459
f 3284 3282 3460 3462
f 3461 3283 3285 3463
f 3286 3284 3462 3464
f 3285 3287 3465 3463
f 3286 3464 3466 3288
f 3287 3289 3467 3465
f 3288 3466 3468 3290
f 3289 3291 3469 3467
f 3290 3468 3470 3292
f 3291 3293 3471 3469
f 3292 3470 3472 3294
f 3293 3295 3473 3471
f 3294 3472 3474 3296
f 3473 3295 3297 3475
f 3296 3474 3476 3298
f 3475 3297 3299 3477
f 3298 3476 3478 3300
f 3477 3299 3301 3479
f 3480 3302 3300 3478
f 3301 3303 3481 3479
f 3482 3304 3302 3480
f 3303 3307 3484 3481
f 3482 3483 3305 3304
f 3305 3483 3485 3308
f 3306 3311 3488 3489
f 3484 3307 3306 3489
f 3485 3486 3309 3308
f 3309 3486 3490 3312
f 3319 3495 3487 3310
f 3487 3488 3311 3310
f 3490 3491 3313 3312
f 3491 3492 3314 3313
f 3315 3314 3492 3496
f 3320 3315 3496 3497
f 3316 3325 3500 3501
f 3493 3317 3316 3501
f 3493 3494 3318 3317
f 3494 3495 3319 3318
f 3497 3498 3321 3320
f 3322 3321 3498 3502
f 3326 3322 3502 3503
f 3323 3329 3507 3504
f 3499 3324 3323 3504
f 3499 3500 3325 3324
f 3327 3326 3503 3505
f 3330 3327 3505 3508
f 3328 3335 3515 3506
f 3329 3328 3506 3507
f 3331 3330 3508 3509
f 3332 3331 3509 3510
f 3336 3332 3510 3511
f 3333 3343 3512 3513
f 3334 3333 3513 3514
f 3335 3334 3514 3515
f 3337 3336 3511 3516
f 3338 3337 3516 3517
f 3342 3341 3524 3525
f 3512 3343 3342 3525
f 3344 3517 3518
f 3518 3519 3345 3344
f 3519 3520 3346 3345
f 3347 3346 3520 3526
f 3352 3347 3526 3527
f 3348 3359 3528 3529
f 3521 3349 3348 3529
f 3521 3522 3350 3349
f 3522 3523 3351 3350
f 3524 3351 3523
f 3353 3352 3527 3530
f 3354 3353 3530 3531
f 3355 3354 3531 3532
f 3360 3355 3532 3533
f 3356 3363 3534 3535
f 3357 3356 3535 3536
f 3358 3357 3536 3537
f 3528 3359 3358 3537
f 3361 3360 3533 3538
f 3364 3361 3538 3539
f 3362 3373 3540 3541
f 3534 3363 3362 3541
f 3365 3364 3539 3542
f 3366 3365 3542 3543
f 3367 3366 3543 3544
f 3368 3367 3544 3545
f 3369 3368 3545 3546
f 3370 3369 3546 3547
f 3371 3370 3547 3548
f 3372 3371 3548 3549
f 3540 3373 3372 3549
f 3551 3550 3374 3375
f 3552 3551 3375 3376
f 3553 3552 3376 3377
f 3554 3553 3377 3378
f 3555 3562 3379 3380
f 3556 3555 3380 3381
f 3557 3556 3381 3382
f 3558 3557 3382 3383
f 3559 3384 3374 3550
f 3554 3378 3385 3560
f 3562 3561 3386 3379
f 3387 3563 3558 3383
f 3565 3403 3388 3566
f 3566 3388 3384 3559
f 3385 3389 3560
f 3389 3390 3567 3560
f 3568 3567 3390 3391
f 3569 3568 3391 3392
f 3570 3569 3392 3393
f 3571 3570 3393 3394
f 3572 3571 3394 3395
f 3572 3395 3386 3561
f 3396 3573 3563 3387
f 3396 3404 3574 3573
f 3576 3585 3397 3398
f 3577 3576 3398 3399
f 3578 3577 3399 3400
f 3579 3578 3400 3401
f 3579 3401 3402 3564
f 3402 3403 3565 3564
f 3404 3405 3575 3574
f 3405 3406 3580 3575
f 3581 3580 3406 3407
f 3582 3581 3407 3408
f 3583 3582 3408 3409
f 3410 3586 3583 3409
f 3585 3584 3411 3397
f 3412 3587 3586 3410
f 3413 3590 3587 3412
f 3588 3417 3414 3589
f 3589 3414 3411 3584
f 3413 3415 3591 3590
f 3592 3416 3417 3588
f 3415 3418 3591
f 3418 3419 3593 3591
f 3594 3422 3420 3595
f 3595 3420 3416 3592
f 3421 3596 3593 3419
f 3421 3423 3597 3596
f 3422 3594 3598 3424
f 3423 3425 3599 3597
f 3424 3598 3600 3426
f 3425 3427 3601 3599
f 3426 3600 3602 3428
f 3427 3429 3603 3601
f 3428 3602 3604 3430
f 3429 3431 3605 3603
f 3430 3604 3606 3432
f 3431 3433 3607 3605
f 3432 3606 3608
f 3607 3433 3609
f 3610 3434 3432 3608
f 3609 3433 3435 3611
f 3436 3434 3610 3612
f 3435 3437 3613 3611
f 3438 3436 3612 3614
f 3437 3439 3615 3613
f 3440 3438 3614 3616
f 3615 3439 3441 3617
f 3442 3440 3616 3618
f 3441 3443 3619 3617
f 3444 3442 3618 3620
f 3619 3443 3445 3621
f 3446 3444 3620 3622
f 3621 3445 3447 3623
f 3446 3622 3624 3448
f 3447 3449 3625 3623
f 3450 3448 3624 3626
f 3625 3449 3451 3627
f 3452 3450 3626 3628
f 3451 3453 3629 3627
f 3454 3452 3628 3630
f 3453 3455 3631 3629
f 3456 3454 3630 3632
f 3455 3457 3633 3631
f 3458 3456 3632 3634
f 3633 3457 3459 3635
f 3458 3634 3636 3460
f 3459 3461 3637 3635
f 3460 3636 3638 3462
f 3461 3463 3639 3637
f 3464 3462 3638 3640
f 3639 3463 3465 3641
f 3466 3464 3640 3642
f 3641 3465 3467 3643
f 3468 3466 3642 3644
f 3643 3467 3469 3645
f 3470 3468 3644 3646
f 3469 3471 3647 3645
f 3472 3470 3646 3648
f 3471 3473 3649 3647
f 3474 3472 3648 3650
f 3473 3475 3651 3649
f 3476 3474 3650 3652
f 3475 3477 3653 3651
f 3478 3476 3652 3654
f 3477 3479 3655 3653
f 3656 3480 3478 3654
f 3479 3481 3657 3655
f 3658 3482 3480 3656
f 3484 3660 3657 3481
f 3482 3658 3659
f 3483 3482 3659 3661
f 3485 3483 3661 3662
f 3489 3664 3660 3484
f 3486 3485 3662 3665
f 3490 3486 3665 3666
f 3487 3495 3669 3670
f 3663 3488 3487 3670
f 3663 3664 3489 3488
f 3666 3667 3491 3490
f 3492 3491 3667 3671
f 3496 3492 3671 3672
f 3493 3501 3675 3676
f 3668 3494 3493 3676
f 3668 3669 3495 3494
f 3672 3673 3497 3496
f 3498 3497 3673 3677
f 3502 3498 3677 3678
f 3499 3504 3679 3680
f 3674 3500 3499 3680
f 3674 3675 3501 3500
f 3503 3502 3678 3681
f 3505 3503 3681 3683
f 3507 3682 3679 3504
f 3508 3505 3683 3685
f 3506 3515 3694 3684
f 3682 3507 3506 3684
f 3509 3508 3685 3686
f 3510 3509 3686 3687
f 3511 3510 3687 3688
f 3516 3511 3688 3689
f 3512 3525 3690 3691
f 3513 3512 3691 3692
f 3514 3513 3692 3693
f 3515 3514 3693 3694
f 3517 3516 3689 3695
f 3518 3517 3695 3696
f 3519 3518 3696 3697
f 3520 3519 3697 3698
f 3526 3520 3698 3703
f 3521 3529 3708 3699
f 3522 3521 3699 3700
f 3523 3522 3700 3701
f 3524 3523 3701 3702
f 3690 3525 3524 3702
f 3527 3526 3703 3704
f 3530 3527 3704 3705
f 3528 3537 3706 3707
f 3529 3528 3707 3708
f 3531 3530 3705 3709
f 3532 3531 3709 3710
f 3533 3532 3710 3711
f 3538 3533 3711 3712
f 3534 3541 3713 3714
f 3535 3534 3714 3715
f 3536 3535 3715 3716
f 3706 3537 3536 3716
f 3539 3538 3712 3717
f 3542 3539 3717 3718
f 3540 3549 3723 3724
f 3713 3541 3540 3724
f 3543 3542 3718 3725
f 3719 3544 3543 3725
f 3719 3720 3545 3544
f 3720 3721 3546 3545
f 3721 3722 3547 3546
f 3548 3547 3722 3726
f 3723 3549 3548 3726
f 3727 3736 3550 3551
f 3728 3727 3551 3552
f 3729 3728 3552 3553
f 3554 3737 3729 3553
f 3730 3562 3555 3731
f 3732 3731 3555 3556
f 3733 3732 3556 3557
f 3558 3746 3733 3557
f 3734 3566 3559 3735
f 3736 3735 3559 3550
f 3560 3738 3737 3554
f 3560 3567 3739 3738
f 3744 3572 3561 3745
f 3745 3561 3562 3730
f 3563 3747 3746 3558
f 3563 3573 3748 3747
f 3750 3579 3564 3751
f 3752 3751 3564 3565
f 3752 3565 3566 3734
f 3567 3568 3740 3739
f 3568 3569 3741 3740
f 3569 3570 3742 3741
f 3570 3571 3743 3742
f 3571 3572 3744 3743
f 3573 3574 3753 3748
f 3754 3753 3574 3575
f 3575 3580 3755 3754
f 3757 3585 3576 3758
f 3759 3758 3576 3577
f 3759 3577 3578 3749
f 3578 3579 3750 3749
f 3580 3581 3756 3755
f 3581 3582 3760 3756
f 3761 3760 3582 3583
f 3583 3586 3762 3761
f 3763 3589 3584 3764
f 3764 3584 3585 3757
f 3586 3587 3765 3762
f 3587 3590 3766 3765
f 3767 3588 3589 3763
f 3590 3591 3768 3766
f 3769 3595 3592 3770
f 3770 3592 3588 3767
f 3593 3771 3768 3591
f 3593 3596 3772 3771
f 3773 3594 3595 3769
f 3596 3597 3774 3772
f 3775 3598 3594 3773
f 3599 3776 3774 3597
f 3777 3600 3598 3775
f 3601 3778 3776 3599
f 3779 3602 3600 3777
f 3603 3780 3778 3601
f 3781 3606 3604 3782
f 3782 3604 3602 3779
f 3605 3783 3780 3603
f 3605 3607 3784 3783
f 3606 3781 3976 3785
f 3607 3786 3977 3784
f 3785 3981 3787 3788
f 3608 3606 3785 3788
f 3607 3609 3789 3786
f 3790 3982 3786 3789
f 3788 3787 3791 3610
f 3610 3608 3788
f 3609 3611 3789
f 3792 3790 3789 3611
f 3612 3610 3791 3793
f 3611 3613 3794 3792
f 3614 3612 3793 3795
f 3794 3613 3615 3796
f 3616 3614 3795 3797
f 3615 3617 3798 3796
f 3618 3616 3797 3799
f 3798 3617 3619 3800
f 3620 3618 3799 3801
f 3619 3621 3802 3800
f 3622 3620 3801 3803
f 3621 3623 3804 3802
f 3624 3622 3803 3805
f 3804 3623 3625 3806
f 3626 3624 3805 3807
f 3625 3627 3808 3806
f 3628 3626 3807 3809
f 3808 3627 3629 3810
f 3630 3628 3809 3811
f 3810 3629 3631 3812
f 3630 3811 3813 3632
f 3631 3633 3814 3812
f 3634 3632 3813 3815
f 3633 3635 3816 3814
f 3636 3634 3815 3817
f 3816 3635 3637 3818
f 3638 3636 3817 3819
f 3637 3639 3820 3818
f 3640 3638 3819 3821
f 3639 3641 3822 3820
f 3640 3821 3823 3642
f 3641 3643 3824 3822
f 3642 3823 3825 3644
f 3643 3645 3826 3824
f 3644 3825 3827 3646
f 3826 3645 3647 3828
f 3646 3827 3829 3648
f 3828 3647 3649 3830
f 3648 3829 3831 3650
f 3830 3649 3651 3832
f 3650 3831 3833 3652
f 3832 3651 3653 3834
f 3652 3833 3835 3654
f 3834 3653 3655 3836
f 3837 3656 3654 3835
f 3655 3657 3838 3836
f 3839 3658 3656 3837
f 3657 3660 3840 3838
f 3659 3658 3839 3841
f 3661 3659 3841 3842
f 3660 3664 3844 3840
f 3662 3661 3842 3845
f 3665 3662 3845 3846
f 3663 3670 3849 3850
f 3843 3664 3663 3850
f 3844 3664 3843
f 3846 3847 3666 3665
f 3667 3666 3847 3851
f 3671 3667 3851 3852
f 3668 3676 3855 3856
f 3848 3669 3668 3856
f 3848 3849 3670 3669
f 3852 3853 3672 3671
f 3673 3672 3853 3857
f 3677 3673 3857 3858
f 3674 3680 3859 3860
f 3854 3675 3674 3860
f 3854 3855 3676 3675
f 3678 3677 3858 3861
f 3681 3678 3861 3863
f 3679 3682 3866 3862
f 3859 3680 3679 3862
f 3683 3681 3863 3864
f 3682 3684 3865 3866
f 3683 3864 3867 3685
f 3694 3868 3865 3684
f 3869 3685 3867
f 3686 3685 3869 3870
f 3687 3686 3870 3871
f 3688 3687 3871 3872
f 3689 3688 3872 3873
f 3695 3689 3873 3874
f 3690 3702 3877 3878
f 3691 3690 3878 3879
f 3692 3691 3879 3880
f 3693 3692 3880 3881
f 3694 3693 3881 3882
f 3694 3882 3868
f 3874 3875 3696 3695
f 3697 3696 3875 3883
f 3698 3697 3883 3884
f 3703 3698 3884 3885
f 3699 3708 3886 3887
f 3700 3699 3887 3888
f 3876 3701 3700 3888
f 3876 3877 3702 3701
f 3704 3703 3885 3889
f 3705 3704 3889 3890
f 3709 3705 3890 3891
f 3706 3716 3892 3893
f 3707 3706 3893 3894
f 3886 3708 3707 3894
f 3710 3709 3891 3895
f 3711 3710 3895 3896
f 3712 3711 3896 3897
f 3717 3712 3897 3901
f 3713 3724 3908 3898
f 3714 3713 3898 3899
f 3715 3714 3899 3900
f 3892 3716 3715 3900
f 3718 3717 3901 3902
f 3725 3718 3902 3909
f 3719 3725 3903
f 3720 3719 3903 3904
f 3721 3720 3904 3905
f 3722 3721 3905 3906
f 3726 3722 3906
f 3723 3726 3912 3907
f 3724 3723 3907 3908
f 3909 3910 3903 3725
f 3910 4099 3904 3903
f 3905 4100 3911 3906
f 3906 3911 3912 3726
f 3914 3913 3734 3735
f 3915 3914 3735 3736
f 3916 3915 3736 3727
f 3917 3916 3727 3728
f 3918 3917 3728 3729
f 3737 3919 3918 3729
f 3920 3919 3737 3738
f 3921 3920 3738 3739
f 3922 3921 3739 3740
f 3923 3922 3740 3741
f 3924 3923 3741 3742
f 3925 3924 3742 3743
f 3926 3925 3743 3744
f 3927 3926 3744 3745
f 3928 3927 3745 3730
f 3929 3928 3730 3731
f 3930 3929 3731 3732
f 3931 3930 3732 3733
f 3746 3932 3931 3733
f 3933 3932 3746 3747
f 3934 3933 3747 3748
f 3935 3759 3749 3936
f 3937 3936 3749 3750
f 3938 3937 3750 3751
f 3939 3938 3751 3752
f 3939 3752 3734 3913
f 3753 3940 3934 3748
f 3941 3940 3753 3754
f 3942 3941 3754 3755
f 3943 3942 3755 3756
f 3756 3760 3944 3943
f 3945 3764 3757 3946
f 3947 3946 3757 3758
f 3947 3758 3759 3935
f 3760 3761 3948 3944
f 3949 3948 3761 3762
f 3762 3765 3950 3949
f 3951 3767 3763 3952
f 3952 3763 3764 3945
f 3765 3766 3953 3950
f 3766 3768 3954 3953
f 3767 3951 3955 3770
f 3768 3771 3956 3954
f 3957 3773 3769 3958
f 3958 3769 3770 3955
f 3771 3772 3959 3956
f 3773 3957 3960 3775
f 3774 3961 3959 3772
f 3774 3776 3962 3961
f 3775 3960 3963 3777
f 3776 3778 3964 3962
f 3777 3963 3965 3779
f 3778 3780 3966 3964
f 3779 3965 3969 3782
f 3780 3783 3970 3966
f 3967 4165 3975 3976
f 3968 3967 3976 3781
f 3781 3782 3969 3968
f 3783 3784 3971 3970
f 3977 3972 3971 3784
f 3973 3972 3977 3978
f 3979 4169 3973 3978
f 3975 3974 3980 3981
f 3976 3975 3981 3785
f 3982 3978 3977 3786
f 3979 3978 3982 3983
f 3981 3980 3984 3787
f 3985 3983 3982 3790
f 3791 3787 3984 3986
f 3790 3792 3987 3985
f 3793 3791 3986 3988
f 3792 3794 3989 3987
f 3795 3793 3988 3990
f 3794 3796 3991 3989
f 3797 3795 3990 3992
f 3991 3796 3798 3993
f 3799 3797 3992 3994
f 3798 3800 3995 3993
f 3799 3994 3996 3801
f 3995 3800 3802 3997
f 3998 3803 3801 3996
f 3997 3802 3804 3999
f 3803 3998 4000 3805
f 3804 3806 4001 3999
f 3807 3805 4000 4002
f 4001 3806 3808 4003
f 3809 3807 4002 4004
f 4003 3808 3810 4005
f 3809 4004 4006 3811
f 3810 3812 4007 4005
f 3813 3811 4006 4008
f 4007 3812 3814 4009
f 3815 3813 4008 4010
f 3814 3816 4011 4009
f 3815 4010 4012 3817
f 3816 3818 4013 4011
f 3817 4012 4014 3819
f 4013 3818 3820 4015
f 3819 4014 4016 3821
f 4015 3820 3822 4017
f 3821 4016 4018 3823
f 4017 3822 3824 4019
f 3823 4018 4020 3825
f 4019 3824 3826 4021
f 3827 3825 4020 4022
f 4021 3826 3828 4023
f 3829 3827 4022 4024
f 4023 3828 3830 4025
f 4026 3831 3829 4024
f 4025 3830 3832 4027
f 3831 4026 4028 3833
f 4027 3832 3834 4029
f 3833 4028 4030 3835
f 4029 3834 3836 4031
f 3835 4030 4032 3837
f 4031 3836 3838 4033
f 3837 4032 4034 3839
f 3838 3840 4036 4033
f 3839 4034 4037 3841
f 3844 4040 4035 3840
f 4036 3840 4035
f 4037 4038 3842 3841
f 3842 4038 4041 3845
f 3850 4046 4039 3843
f 4039 4040 3844 3843
f 4041 4042 3846 3845
f 4042 4043 3847 3846
f 3847 4043 4047 3851
f 3856 4052 4044 3848
f 4044 4045 3849 3848
f 4045 4046 3850 3849
f 4047 4048 3852 3851
f 4048 4049 3853 3852
f 3853 4049 4053 3857
f 3860 4054 4050 3854
f 4050 4051 3855 3854
f 4051 4052 3856 3855
f 3858 3857 4053 4055
f 3861 3858 4055 4057
f 3859 3862 4060 4056
f 4054 3860 3859 4056
f 3863 3861 4057 4058
f 3862 3866 4059 4060
f 3864 3863 4058 4061
f 3867 3864 4061
f 3865 3868 4062
f 4059 3866 3865 4062
f 4063 3869 3867 4061
f 3868 3882 4066 4062
f 4063 4064 3870 3869
f 3871 3870 4064 4067
f 3872 3871 4067 4068
f 3873 3872 4068 4069
f 3874 3873 4069 4070
f 3875 3874 4070 4071
f 3883 3875 4071 4072
f 3876 3888 4073 4074
f 3877 3876 4074 4075
f 3878 3877 4075 4076
f 3879 3878 4076 4077
f 3880 3879 4077 4078
f 4065 3881 3880 4078
f 4065 4066 3882 3881
f 3884 3883 4072 4079
f 3885 3884 4079 4080
f 3889 3885 4080 4081
f 3886 3894 4082 4083
f 3887 3886 4083 4084
f 4073 3888 3887 4084
f 3890 3889 4081 4085
f 3891 3890 4085 4086
f 3895 3891 4086 4089
f 3892 3900 4094 4087
f 3893 3892 4087 4088
f 4082 3894 3893 4088
f 3896 3895 4089 4090
f 3897 3896 4090 4091
f 3901 3897 4091 4095
f 3898 3908 4104 4092
f 3899 3898 4092 4093
f 3900 3899 4093 4094
f 3902 3901 4095 4096
f 3909 3902 4096 4097
f 3905 3904 4099 4100
f 3907 3912 4102 4103
f 3908 3907 4103 4104
f 4097 4098 3910 3909
f 4099 3910 4098
f 3911 4100 4101
f 4101 4102 3912 3911
f 4107 3939 3913 4108
f 4109 4108 3913 3914
f 4110 4109 3914 3915
f 4111 4110 3915 3916
f 4112 4111 3916 3917
f 4113 4112 3917 3918
f 4114 4113 3918 3919
f 4115 4114 3919 3920
f 4116 4115 3920 3921
f 4117 4116 3921 3922
f 4118 4117 3922 3923
f 4119 4118 3923 3924
f 4120 4119 3924 3925
f 4121 4120 3925 3926
f 4122 4121 3926 3927
f 4123 4122 3927 3928
f 4124 4123 3928 3929
f 4125 4124 3929 3930
f 4126 4125 3930 3931
f 4127 4126 3931 3932
f 4128 4127 3932 3933
f 4129 4128 3933 3934
f 3934 3940 4130 4129
f 4133 3947 3935 4134
f 4135 4134 3935 3936
f 4135 3936 3937 4105
f 3937 3938 4106 4105
f 3938 3939 4107 4106
f 3940 3941 4131 4130
f 3941 3942 4132 4131
f 3942 3943 4136 4132
f 4137 4136 3943 3944
f 3944 3948 4138 4137
f 4139 3952 3945 4140
f 4141 4140 3945 3946
f 4141 3946 3947 4133
f 3948 3949 4142 4138
f 4143 4142 3949 3950
f 3950 3953 4144 4143
f 4145 3951 3952 4139
f 3953 3954 4146 4144
f 4147 3958 3955 4148
f 4148 3955 3951 4145
f 3956 4149 4146 3954
f 3956 3959 4150 4149
f 4151 3957 3958 4147
f 3959 3961 4152 4150
f 4153 3960 3957 4151
f 3961 3962 4154 4152
f 4155 3965 3963 4156
f 4156 3963 3960 4153
f 3964 4157 4154 3962
f 3965 4155 4159 3969
f 3966 4160 4157 3964
f 3966 3970 4161 4160
f 3967 4158 4364 4165
f 3967 3968 4166 4158
f 4166 3968 3969 4159
f 3970 3971 4167 4161
f 4167 3971 3972 4162
f 3972 3973 4168 4162
f 3973 4169 4168
f 4163 4375 4172 4173
f 4164 4163 4173 3974
f 3974 3975 4165 4164
f 4174 4170 4169 3979
f 4175 4376 4170 4174
f 4172 4171 4176 4177
f 4173 4172 4177 4178
f 3980 3974 4173 4178
f 3979 3983 4179 4174
f 4175 4174 4179 4180
f 4181 4380 4175 4180
f 4176 4396 4182 4177
f 4178 4177 4182 4183
f 3984 3980 4178 4183
f 3983 3985 4184 4179
f 4180 4179 4184 4185
f 4185 4397 4181 4180
f 4183 4182 4186 4187
f 3986 3984 4183 4187
f 3985 3987 4188 4184
f 4185 4184 4188 4189
f 4186 4408 4190 4187
f 3988 3986 4187 4190
f 3987 3989 4191 4188
f 4191 4409 4189 4188
f 3990 3988 4190 4192
f 3989 3991 4193 4191
f 3992 3990 4192 4194
f 3991 3993 4195 4193
f 3992 4194 4196 3994
f 4195 3993 3995 4197
f 3996 3994 4196 4198
f 4197 3995 3997 4199
f 3998 3996 4198 4200
f 3997 3999 4201 4199
f 4000 3998 4200 4202
f 4201 3999 4001 4203
f 4002 4000 4202 4204
f 4001 4003 4205 4203
f 4002 4204 4206 4004
f 4003 4005 4207 4205
f 4006 4004 4206 4208
f 4207 4005 4007 4209
f 4008 4006 4208 4210
f 4007 4009 4211 4209
f 4008 4210 4212 4010
f 4211 4009 4011 4213
f 4012 4010 4212 4214
f 4213 4011 4013 4215
f 4014 4012 4214 4216
f 4215 4013 4015 4217
f 4016 4014 4216 4218
f 4015 4017 4219 4217
f 4018 4016 4218 4220
f 4017 4019 4221 4219
f 4020 4018 4220 4222
f 4019 4021 4223 4221
f 4022 4020 4222 4224
f 4021 4023 4225 4223
f 4022 4224 4226 4024
f 4023 4025 4227 4225
f 4228 4026 4024 4226
f 4025 4027 4229 4227
f 4028 4026 4228 4230
f 4027 4029 4231 4229
f 4030 4028 4230 4232
f 4029 4031 4233 4231
f 4234 4032 4030 4232
f 4031 4033 4235 4233
f 4236 4034 4032 4234
f 4235 4033 4036 4239
f 4034 4236 4237
f 4034 4237 4240 4037
f 4040 4241 4238 4035
f 4238 4239 4036 4035
f 4038 4037 4240 4242
f 4041 4038 4242 4243
f 4039 4046 4246 4247
f 4241 4040 4039 4247
f 4243 4244 4042 4041
f 4043 4042 4244 4248
f 4047 4043 4248 4249
f 4044 4052 4251 4252
f 4245 4045 4044 4252
f 4245 4246 4046 4045
f 4048 4047 4249 4253
f 4049 4048 4253 4254
f 4053 4049 4254 4255
f 4050 4054 4256 4257
f 4250 4051 4050 4257
f 4250 4251 4052 4051
f 4053 4255 4258 4055
f 4056 4259 4256 4054
f 4055 4258 4260 4057
f 4060 4261 4259 4056
f 4058 4057 4260 4262
f 4061 4058 4262 4263
f 4059 4062 4264 4265
f 4261 4060 4059 4265
f 4061 4263 4266 4063
f 4066 4267 4264 4062
f 4064 4063 4266 4268
f 4067 4064 4268 4269
f 4065 4078 4270 4271
f 4267 4066 4065 4271
f 4068 4067 4269 4272
f 4069 4068 4272 4273
f 4070 4069 4273 4274
f 4071 4070 4274 4275
f 4072 4071 4275 4276
f 4079 4072 4276 4282
f 4073 4084 4289 4277
f 4074 4073 4277 4278
f 4075 4074 4278 4279
f 4076 4075 4279 4280
f 4077 4076 4280 4281
f 4270 4078 4077 4281
f 4080 4079 4282 4283
f 4081 4080 4283 4284
f 4085 4081 4284 4285
f 4082 4088 4286 4287
f 4083 4082 4287 4288
f 4084 4083 4288 4289
f 4086 4085 4285 4290
f 4089 4086 4290 4291
f 4087 4094 4292 4293
f 4286 4088 4087 4293
f 4090 4089 4291 4294
f 4091 4090 4294 4295
f 4095 4091 4295 4298
f 4092 4104 4307 4296
f 4093 4092 4296 4297
f 4292 4094 4093 4297
f 4096 4095 4298 4299
f 4097 4096 4299 4300
f 4098 4097 4300 4301
f 4099 4098 4301 4302
f 4100 4099 4302 4303
f 4101 4100 4303 4304
f 4102 4101 4304 4305
f 4103 4102 4305 4306
f 4104 4103 4306 4307
f 4311 4135 4105 4312
f 4313 4312 4105 4106
f 4314 4313 4106 4107
f 4315 4314 4107 4108
f 4316 4315 4108 4109
f 4317 4316 4109 4110
f 4318 4317 4110 4111
f 4319 4318 4111 4112
f 4320 4319 4112 4113
f 4321 4320 4113 4114
f 4322 4321 4114 4115
f 4323 4322 4115 4116
f 4324 4323 4116 4117
f 4325 4324 4117 4118
f 4326 4325 4118 4119
f 4327 4326 4119 4120
f 4328 4327 4120 4121
f 4329 4328 4121 4122
f 4330 4329 4122 4123
f 4330 4123 4124 4308
f 4124 4125 4309 4308
f 4125 4126 4310 4309
f 4126 4127 4331 4310
f 4332 4331 4127 4128
f 4333 4332 4128 4129
f 4334 4333 4129 4130
f 4335 4334 4130 4131
f 4336 4335 4131 4132
f 4132 4136 4337 4336
f 4338 4141 4133 4339
f 4340 4339 4133 4134
f 4340 4134 4135 4311
f 4136 4137 4341 4337
f 4342 4341 4137 4138
f 4138 4142 4343 4342
f 4345 4344 4139 4140
f 4345 4140 4141 4338
f 4142 4143 4346 4343
f 4347 4346 4143 4144
f 4348 4148 4145 4349
f 4349 4145 4139 4344
f 4146 4350 4347 4144
f 4146 4149 4351 4350
f 4352 4147 4148 4348
f 4149 4150 4353 4351
f 4354 4153 4151 4355
f 4355 4151 4147 4352
f 4152 4356 4353 4150
f 4152 4154 4357 4356
f 4153 4354 4358 4156
f 4154 4157 4359 4357
f 4360 4155 4156 4358
f 4157 4160 4361 4359
f 4364 4158 4366 4365
f 4366 4166 4159 4367
f 4367 4159 4155 4360
f 4160 4161 4368 4361
f 4161 4167 4369 4368
f 4369 4167 4162 4370
f 4162 4168 4371 4370
f 4163 4362 4375
f 4163 4164 4363 4362
f 4164 4165 4364 4363
f 4158 4166 4366
f 4168 4169 4372 4371
f 4169 4170 4373 4372
f 4170 4376 4373
f 4171 4374 4379
f 4171 4172 4375 4374
f 4380 4377 4376 4175
f 4381 4608 4377 4380
f 4378 4610 4384 4385
f 4379 4378 4385 4386
f 4176 4171 4379 4386
f 4387 4381 4380 4181
f 4382 4381 4387 4388
f 4389 4614 4382 4388
f 4383 4618 4391 4392
f 4384 4383 4392 4393
f 4385 4384 4393 4394
f 4386 4385 4394 4395
f 4386 4395 4396 4176
f 4397 4398 4387 4181
f 4388 4387 4398 4399
f 4389 4388 4399 4400
f 4390 4389 4400 4401
f 4402 4619 4390 4401
f 4391 4634 4403 4392
f 4403 4636 4393 4392
f 4404 4186 4182 4396
f 4185 4189 4405 4397
f 4405 4641 4398 4397
f 4400 4643 4406 4401
f 4402 4401 4406 4407
f 4408 4186 4404
f 4189 4409 4405
f 4410 4192 4190 4408
f 4191 4193 4411 4409
f 4192 4410 4412 4194
f 4411 4193 4195 4413
f 4196 4194 4412 4414
f 4413 4195 4197 4415
f 4198 4196 4414 4416
f 4197 4199 4417 4415
f 4200 4198 4416 4418
f 4417 4199 4201 4419
f 4202 4200 4418 4420
f 4201 4203 4421 4419
f 4202 4420 4422 4204
f 4421 4203 4205 4423
f 4206 4204 4422 4424
f 4423 4205 4207 4425
f 4208 4206 4424 4426
f 4207 4209 4427 4425
f 4208 4426 4428 4210
f 4427 4209 4211 4429
f 4212 4210 4428 4430
f 4429 4211 4213 4431
f 4214 4212 4430 4432
f 4213 4215 4433 4431
f 4214 4432 4434 4216
f 4215 4217 4435 4433
f 4216 4434 4436 4218
f 4435 4217 4219 4437
f 4218 4436 4438 4220
f 4437 4219 4221 4439
f 4220 4438 4440 4222
f 4439 4221 4223 4441
f 4222 4440 4442 4224
f 4441 4223 4225 4443
f 4224 4442 4444 4226
f 4443 4225 4227 4445
f 4226 4444 4446 4228
f 4445 4227 4229 4447
f 4228 4446 4448 4230
f 4447 4229 4231 4449
f 4230 4448 4450 4232
f 4449 4231 4233 4451
f 4452 4234 4232 4450
f 4233 4235 4453 4451
f 4454 4236 4234 4452
f 4235 4239 4455 4453
f 4237 4236 4454 4456
f 4240 4237 4456 4457
f 4238 4241 4458 4459
f 4455 4239 4238 4459
f 4240 4457 4460 4242
f 4247 4463 4458 4241
f 4460 4461 4243 4242
f 4244 4243 4461 4464
f 4248 4244 4464 4465
f 4245 4252 4468 4469
f 4462 4246 4245 4469
f 4462 4463 4247 4246
f 4465 4466 4249 4248
f 4249 4466 4470 4253
f 4250 4257 4472 4473
f 4467 4251 4250 4473
f 4467 4468 4252 4251
f 4470 4471 4254 4253
f 4255 4254 4471 4474
f 4258 4255 4474 4476
f 4256 4259 4477 4475
f 4472 4257 4256 4475
f 4260 4258 4476 4478
f 4259 4261 4481 4477
f 4262 4260 4478 4479
f 4261 4265 4480 4481
f 4263 4262 4479 4482
f 4266 4263 4482 4484
f 4264 4267 4487 4483
f 4480 4265 4264 4483
f 4268 4266 4484 4485
f 4267 4271 4486 4487
f 4269 4268 4485 4488
f 4272 4269 4488 4489
f 4270 4281 4492 4493
f 4486 4271 4270 4493
f 4489 4490 4273 4272
f 4274 4273 4490 4494
f 4275 4274 4494 4495
f 4276 4275 4495 4496
f 4282 4276 4496 4497
f 4277 4289 4498 4499
f 4278 4277 4499 4500
f 4279 4278 4500 4501
f 4491 4280 4279 4501
f 4491 4492 4281 4280
f 4283 4282 4497 4502
f 4284 4283 4502 4503
f 4285 4284 4503 4504
f 4290 4285 4504
f 4286 4293 4505
f 4287 4286 4505 4506
f 4288 4287 4506 4507
f 4498 4289 4288 4507
f 4502 4765 4508 4503
f 4504 4503 4508 4509
f 4504 4509 4510 4290
f 4291 4290 4510 4511
f 4294 4291 4511
f 4292 4297 4512
f 4293 4292 4512 4513
f 4513 4514 4505 4293
f 4506 4505 4514 4515
f 4515 4768 4507 4506
f 4510 4771 4516 4511
f 4511 4516 4517 4294
f 4295 4294 4517 4518
f 4298 4295 4518 4522
f 4296 4307 4531 4519
f 4297 4296 4519 4520
f 4520 4521 4512 4297
f 4521 4772 4513 4512
f 4299 4298 4522 4523
f 4300 4299 4523 4524
f 4301 4300 4524 4525
f 4302 4301 4525 4526
f 4303 4302 4526 4527
f 4304 4303 4527 4528
f 4305 4304 4528 4529
f 4306 4305 4529 4530
f 4307 4306 4530 4531
f 4523 4783 4532 4524
f 4525 4524 4532 4533
f 4526 4525 4533 4534
f 4527 4526 4534 4535
f 4528 4527 4535 4536
f 4529 4528 4536 4537
f 4537 4784 4530 4529
f 4552 4330 4308 4553
f 4554 4553 4308 4309
f 4555 4554 4309 4310
f 4310 4331 4556 4555
f 4558 4340 4311 4559
f 4560 4559 4311 4312
f 4561 4560 4312 4313
f 4562 4561 4313 4314
f 4563 4562 4314 4315
f 4563 4315 4316 4538
f 4316 4317 4539 4538
f 4317 4318 4540 4539
f 4318 4319 4541 4540
f 4319 4320 4542 4541
f 4320 4321 4543 4542
f 4321 4322 4544 4543
f 4322 4323 4545 4544
f 4323 4324 4546 4545
f 4324 4325 4547 4546
f 4325 4326 4548 4547
f 4326 4327 4549 4548
f 4327 4328 4550 4549
f 4328 4329 4551 4550
f 4329 4330 4552 4551
f 4331 4332 4557 4556
f 4332 4333 4564 4557
f 4565 4564 4333 4334
f 4566 4565 4334 4335
f 4567 4566 4335 4336
f 4568 4567 4336 4337
f 4337 4341 4569 4568
f 4571 4570 4338 4339
f 4571 4339 4340 4558
f 4341 4342 4572 4569
f 4573 4572 4342 4343
f 4574 4349 4344 4575
f 4576 4575 4344 4345
f 4576 4345 4338 4570
f 4346 4577 4573 4343
f 4578 4577 4346 4347
f 4347 4350 4579 4578
f 4580 4352 4348 4581
f 4581 4348 4349 4574
f 4350 4351 4582 4579
f 4351 4353 4583 4582
f 4352 4580 4584 4355
f 4353 4356 4585 4583
f 4586 4354 4355 4584
f 4356 4357 4587 4585
f 4588 4358 4354 4586
f 4359 4589 4587 4357
f 4590 4367 4360 4591
f 4591 4360 4358 4588
f 4361 4592 4589 4359
f 4361 4368 4593 4592
f 4595 4594 4362 4363
f 4596 4595 4363 4364
f 4597 4596 4364 4365
f 4598 4597 4365 4366
f 4598 4366 4367 4590
f 4368 4369 4599 4593
f 4600 4599 4369 4370
f 4601 4600 4370 4371
f 4602 4601 4371 4372
f 4603 4602 4372 4373
f 4605 4604 4374 4375
f 4605 4375 4362 4594
f 4376 4606 4603 4373
f 4607 4606 4376 4377
f 4377 4608 4607
f 4610 4378 4611
f 4612 4611 4378 4379
f 4612 4379 4374 4604
f 4381 4382 4613 4608
f 4382 4614 4613
f 4383 4609 4618
f 4383 4384 4610 4609
f 4389 4390 4615 4614
f 4390 4619 4615
f 4616 4930 4623 4624
f 4617 4616 4624 4625
f 4618 4617 4625 4391
f 4626 4620 4619 4402
f 4621 4620 4626 4627
f 4628 4938 4621 4627
f 4622 4629 4630
f 4623 4622 4630 4631
f 4624 4623 4631 4632
f 4625 4624 4632 4633
f 4625 4633 4634 4391
f 4394 4393 4636 4637
f 4395 4394 4637 4638
f 4396 4395 4638 4639
f 4404 4396 4639
f 4399 4398 4641 4642
f 4400 4399 4642 4643
f 4402 4407 4646 4626
f 4627 4626 4646 4647
f 4628 4627 4647 4648
f 4649 4940 4628 4648
f 4629 4650 4651
f 4630 4629 4651 4652
f 4631 4630 4652 4653
f 4653 4961 4632 4631
f 4403 4634 4635 4636
f 4654 4408 4404 4639
f 4409 4655 4640 4405
f 4641 4405 4640
f 4406 4643 4644
f 4644 4645 4407 4406
f 4646 4407 4645
f 4647 4656 4648
f 4649 4648 4656 4657
f 4658 4957 4649 4657
f 4650 4659 4660
f 4651 4650 4660 4661
f 4661 4652 4651
f 4662 4410 4408 4654
f 4409 4411 4663 4655
f 4660 4659 4665 4666
f 4666 4661 4660
f 4412 4410 4662 4667
f 4411 4413 4668 4663
f 4670 4972 4664 4669
f 4665 4671 4672 4666
f 4414 4412 4667 4673
f 4413 4415 4674 4668
f 4669 4675 4670
f 4416 4414 4673 4676
f 4674 4415 4417 4677
f 4418 4416 4676 4678
f 4417 4419 4679 4677
f 4420 4418 4678 4680
f 4679 4419 4421 4681
f 4422 4420 4680 4682
f 4421 4423 4683 4681
f 4424 4422 4682 4684
f 4423 4425 4685 4683
f 4426 4424 4684 4686
f 4685 4425 4427 4687
f 4428 4426 4686 4688
f 4427 4429 4689 4687
f 4430 4428 4688 4690
f 4429 4431 4691 4689
f 4430 4690 4692 4432
f 4691 4431 4433 4693
f 4432 4692 4694 4434
f 4693 4433 4435 4695
f 4434 4694 4696 4436
f 4695 4435 4437 4697
f 4436 4696 4698 4438
f 4697 4437 4439 4699
f 4438 4698 4700 4440
f 4699 4439 4441 4701
f 4440 4700 4702 4442
f 4701 4441 4443 4703
f 4442 4702 4704 4444
f 4703 4443 4445 4705
f 4444 4704 4706 4446
f 4705 4445 4447 4707
f 4446 4706 4708 4448
f 4707 4447 4449 4709
f 4448 4708 4710 4450
f 4709 4449 4451 4711
f 4450 4710 4712 4452
f 4711 4451 4453 4713
f 4714 4454 4452 4712
f 4453 4455 4715 4713
f 4454 4714 4716 4456
f 4455 4459 4719 4715
f 4456 4716 4717
f 4457 4456 4717 4720
f 4460 4457 4720 4721
f 4458 4463 4724 4725
f 4718 4459 4458 4725
f 4719 4459 4718
f 4721 4722 4461 4460
f 4461 4722 4726 4464
f 4469 4731 4723 4462
f 4723 4724 4463 4462
f 4726 4727 4465 4464
f 4727 4728 4466 4465
f 4466 4728 4732 4470
f 4473 4733 4729 4467
f 4729 4730 4468 4467
f 4730 4731 4469 4468
f 4471 4470 4732 4734
f 4474 4471 4734 4735
f 4472 4475 4736 4737
f 4733 4473 4472 4737
f 4474 4735 4738 4476
f 4477 4739 4736 4475
f 4476 4738 4740 4478
f 4481 4741 4739 4477
f 4479 4478 4740 4742
f 4482 4479 4742 4743
f 4480 4483 4744 4745
f 4741 4481 4480 4745
f 4482 4743 4746 4484
f 4487 4749 4744 4483
f 4746 4747 4485 4484
f 4485 4747 4750 4488
f 4493 4751 4748 4486
f 4748 4749 4487 4486
f 4489 4488 4750 4752
f 4490 4489 4752 4753
f 4494 4490 4753 4756
f 4491 4501 4763 4754
f 4492 4491 4754 4755
f 4751 4493 4492 4755
f 4495 4494 4756 4757
f 4496 4495 4757 4758
f 4497 4496 4758 4759
f 4502 4497 4759
f 4498 4507 4760
f 4499 4498 4760 4761
f 4500 4499 4761 4762
f 4501 4500 4762 4763
f 4758 5082 4764 4759
f 4759 4764 4765 4502
f 4768 4769 4760 4507
f 4769 5084 4761 4760
f 4508 4765 4766
f 4509 4508 4766 4770
f 4510 4509 4770 4771
f 4514 4513 4772 4773
f 4767 4515 4514 4773
f 4768 4515 4767
f 4516 4771 5093 4774
f 4517 4516 4774 4775
f 4518 4517 4775 4776
f 4522 4518 4776
f 4519 4531 4777
f 4520 4519 4777 4778
f 4521 4520 4778 4779
f 4521 4779 5094 4772
f 4774 5099 4780 4775
f 4776 4775 4780 4781
f 4776 4781 4782 4522
f 4523 4522 4782 4783
f 4531 4530 4784 4785
f 4785 4786 4777 4531
f 4778 4777 4786 4787
f 4787 5100 4779 4778
f 4781 5105 4788 4782
f 4783 4782 4788 4789
f 4783 4789 4790 4532
f 4533 4532 4790 4791
f 4534 4533 4791 4792
f 4535 4534 4792 4793
f 4536 4535 4793 4794
f 4537 4536 4794 4795
f 4795 4796 4784 4537
f 4785 4784 4796 4797
f 4797 5106 4786 4785
f 4788 5111 4798 4789
f 4790 4789 4798 4799
f 4791 4790 4799 4800
f 4792 4791 4800 4801
f 4793 4792 4801 4802
f 4794 4793 4802 4803
f 4795 4794 4803 4804
f 4796 4795 4804 4805
f 4805 5112 4797 4796
f 4798 5118 4806 4799
f 4800 4799 4806 4807
f 4801 4800 4807 4808
f 4802 4801 4808 4809
f 4803 4802 4809 4810
f 4804 4803 4810 4811
f 4811 5119 4805 4804
f 4807 5127 4812 4808
f 4812 5128 4809 4808
f 4813 5161 4817 4818
f 4814 4813 4818 4819
f 4815 4814 4819 4820
f 4816 4815 4820 4821
f 4822 5162 4816 4821
f 4818 4817 4823 4824
f 4819 4818 4824 4825
f 4820 4819 4825 4826
f 4821 4820 4826 4827
f 4822 4821 4827 4828
f 4823 5174 4829 4830
f 4824 4823 4830 4831
f 4825 4824 4831 4832
f 4826 4825 4832 4833
f 4827 4826 4833 4834
f 4828 4827 4834 4835
f 4836 5175 4828 4835
f 4830 4829 4837 4838
f 4831 4830 4838 4839
f 4832 4831 4839 4840
f 4833 4832 4840 4841
f 4834 4833 4841 4842
f 4835 4834 4842 4843
f 4836 4835 4843 4844
f 4837 5188 4845 4838
f 4839 4838 4845 4846
f 4840 4839 4846 4847
f 4841 4840 4847 4848
f 4842 4841 4848 4849
f 4843 4842 4849 4850
f 4850 5189 4844 4843
f 4846 5195 4851 4847
f 4848 4847 4851 4852
f 4852 5196 4849 4848
f 4853 4563 4538 4854
f 4855 4854 4538 4539
f 4856 4855 4539 4540
f 4857 4856 4540 4541
f 4858 4857 4541 4542
f 4859 4858 4542 4543
f 4860 4859 4543 4544
f 4861 4860 4544 4545
f 4862 4861 4545 4546
f 4863 4862 4546 4547
f 4864 4863 4547 4548
f 4865 4864 4548 4549
f 4866 4865 4549 4550
f 4867 4866 4550 4551
f 4868 4867 4551 4552
f 4869 4868 4552 4553
f 4870 4869 4553 4554
f 4871 4870 4554 4555
f 4872 4871 4555 4556
f 4873 4872 4556 4557
f 4557 4564 4874 4873
f 4876 4875 4558 4559
f 4877 4876 4559 4560
f 4878 4877 4560 4561
f 4879 4878 4561 4562
f 4879 4562 4563 4853
f 4564 4565 4880 4874
f 4881 4880 4565 4566
f 4882 4881 4566 4567
f 4883 4882 4567 4568
f 4884 4883 4568 4569
f 4569 4572 4885 4884
f 4886 4576 4570 4887
f 4888 4887 4570 4571
f 4888 4571 4558 4875
f 4572 4573 4889 4885
f 4573 4577 4890 4889
f 4892 4891 4574 4575
f 4892 4575 4576 4886
f 4577 4578 4893 4890
f 4894 4893 4578 4579
f 4896 4895 4580 4581
f 4896 4581 4574 4891
f 4582 4897 4894 4579
f 4898 4897 4582 4583
f 4899 4586 4584 4900
f 4900 4584 4580 4895
f 4585 4901 4898 4583
f 4585 4587 4902 4901
f 4586 4899 4903 4588
f 4587 4589 4904 4902
f 4588 4903 4905 4591
f 4589 4592 4906 4904
f 4907 4590 4591 4905
f 4592 4593 4908 4906
f 4910 4909 4594 4595
f 4911 4910 4595 4596
f 4912 4911 4596 4597
f 4913 4912 4597 4598
f 4913 4598 4590 4907
f 4599 4914 4908 4593
f 4915 4914 4599 4600
f 4916 4915 4600 4601
f 4917 4916 4601 4602
f 4918 4917 4602 4603
f 4919 4612 4604 4920
f 4921 4920 4604 4605
f 4921 4605 4594 4909
f 4606 4922 4918 4603
f 4923 4922 4606 4607
f 4924 4923 4607 4608
f 4925 4934 4609 4610
f 4926 4925 4610 4611
f 4926 4611 4612 4919
f 4613 4927 4924 4608
f 4928 4927 4613 4614
f 4929 4928 4614 4615
f 4930 4616 4931 5282
f 4932 4931 4616 4617
f 4933 4932 4617 4618
f 4934 4933 4618 4609
f 4619 4935 4929 4615
f 4936 4935 4619 4620
f 4937 4936 4620 4621
f 4621 4938 5297 4937
f 4939 4622 4623 4930
f 4628 4940 4938
f 4941 4629 4622 4939
f 4649 4957 4940
f 4958 4650 4629 4941
f 4942 4633 4632 4961
f 4942 4943 4634 4633
f 4943 4944 4635 4634
f 4944 4945 4636 4635
f 4945 4946 4637 4636
f 4946 4947 4638 4637
f 4947 4948 4639 4638
f 4639 4948 4962 4654
f 4655 4963 4949 4640
f 4949 4950 4641 4640
f 4950 4951 4642 4641
f 4951 4952 4643 4642
f 4952 4953 4644 4643
f 4953 4954 4645 4644
f 4954 4955 4646 4645
f 4955 4956 4647 4646
f 4647 4956 4964 4656
f 4658 4966 4957
f 4967 4659 4650 4958
f 4661 4968 4959 4652
f 4959 4960 4653 4652
f 4961 4653 4960 5341
f 4654 4962 4969 4662
f 4963 4655 4663 4970
f 4964 4965 4657 4656
f 4658 4657 4965 4971
f 4971 4664 4966 4658
f 4664 4972 4966
f 4659 4967 4973 4665
f 4666 4974 4968 4661
f 4662 4969 4975 4667
f 4970 4663 4668 4976
f 4977 4669 4664 4971
f 4670 4978 4972
f 4979 4671 4665 4973
f 4666 4672 4980 4974
f 4673 4667 4975 4981
f 4976 4668 4674 4982
f 4669 4977 4983 4675
f 4670 4675 4984 4978
f 4985 4671 4979
f 4672 4671 4985 4986
f 4672 4986 4980
f 4676 4673 4981 4987
f 4674 4677 4988 4982
f 4989 4675 4983
f 4989 4990 4984 4675
f 4991 4984 4990
f 4985 5369 4992 4993
f 4993 4986 4985
f 4678 4676 4987 4994
f 4988 4677 4679 4995
f 4989 4996 4990
f 4991 4990 4996 4997
f 4998 4993 4992
f 4680 4678 4994 4999
f 4679 4681 5000 4995
f 4997 4996 5001 5002
f 4682 4680 4999 5003
f 4681 4683 5004 5000
f 5003 5394 5005 5006
f 4684 4682 5003 5006
f 4683 4685 5007 5004
f 5008 5395 5004 5007
f 5006 5005 5009 4686
f 4686 4684 5006
f 4685 4687 5007
f 5010 5008 5007 4687
f 5011 4688 4686 5009
f 4687 4689 5012 5010
f 4688 5011 5013 4690
f 5012 4689 4691 5014
f 4690 5013 5015 4692
f 5014 4691 4693 5016
f 4692 5015 5017 4694
f 5016 4693 4695 5018
f 4696 4694 5017 5019
f 5018 4695 4697 5020
f 4698 4696 5019 5021
f 4697 4699 5022 5020
f 4700 4698 5021 5023
f 4699 4701 5024 5022
f 4702 4700 5023 5025
f 4701 4703 5026 5024
f 4704 4702 5025 5027
f 4703 4705 5028 5026
f 4706 4704 5027 5029
f 4705 4707 5030 5028
f 4708 4706 5029 5031
f 4707 4709 5032 5030
f 5033 4710 4708 5031
f 5032 4709 4711 5034
f 4710 5033 5035 4712
f 5034 4711 4713 5036
f 4712 5035 5037 4714
f 5036 4713 4715 5038
f 4714 5037 5039 4716
f 4719 5041 5038 4715
f 4717 4716 5039 5042
f 4720 4717 5042 5043
f 4725 5046 5040 4718
f 5040 5041 4719 4718
f 5043 5044 4721 4720
f 4722 4721 5044 5047
f 4726 4722 5047 5048
f 4723 4731 5051 5052
f 5045 4724 4723 5052
f 5045 5046 4725 4724
f 5048 5049 4727 4726
f 4728 4727 5049 5053
f 4732 4728 5053 5054
f 4729 4733 5055 5056
f 5050 4730 4729 5056
f 5050 5051 4731 4730
f 4732 5054 5057 4734
f 4737 5058 5055 4733
f 4735 4734 5057 5059
f 4738 4735 5059 5061
f 4736 4739 5064 5060
f 5058 4737 4736 5060
f 4740 4738 5061 5062
f 4739 4741 5063 5064
f 4740 5062 5065 4742
f 4745 5068 5063 4741
f 5065 5066 4743 4742
f 4743 5066 5069 4746
f 4749 5070 5067 4744
f 5067 5068 4745 4744
f 4747 4746 5069 5071
f 4750 4747 5071 5072
f 4748 4751 5073 5074
f 5070 4749 4748 5074
f 4750 5072 5075 4752
f 4755 5076 5073 4751
f 4753 4752 5075 5077
f 4756 4753 5077 5078
f 4754 4763 5079 5080
f 5076 4755 4754 5080
f 4757 4756 5078 5081
f 4758 4757 5081 5082
f 4762 4761 5084 5085
f 5079 4763 4762 5085
f 4764 5082 5485 5086
f 4765 4764 5086 5087
f 4766 4765 5087 5088
f 4770 4766 5088
f 4767 4773 5089
f 4768 4767 5089 5090
f 5083 4769 4768 5090
f 5084 4769 5083
f 5087 5489 5091 5088
f 5088 5091 5092 4770
f 4771 4770 5092 5093
f 4773 4772 5094 5095
f 5095 5096 5089 4773
f 5096 5490 5090 5089
f 5091 5491 5097 5092
f 5093 5092 5097 5098
f 5093 5098 5099 4774
f 5100 5101 5094 4779
f 5095 5094 5101 5102
f 5102 5492 5096 5095
f 5098 5494 5103 5099
f 5099 5103 5104 4780
f 4781 4780 5104 5105
f 4787 4786 5106 5107
f 5107 5108 5100 4787
f 5108 5495 5101 5100
f 5103 5498 5109 5104
f 5105 5104 5109 5110
f 5105 5110 5111 4788
f 5112 5113 5106 4797
f 5107 5106 5113 5114
f 5114 5499 5108 5107
f 5110 5109 5115 5116
f 5111 5110 5116 5117
f 5111 5117 5118 4798
f 5119 5120 5112 4805
f 5113 5112 5120 5121
f 5114 5113 5121 5122
f 5115 5507 5123 5116
f 5117 5116 5123 5124
f 5118 5117 5124 5125
f 5118 5125 5126 4806
f 4807 4806 5126 5127
f 4810 4809 5128 5129
f 4811 4810 5129 5130
f 5130 5131 5119 4811
f 5120 5119 5131 5132
f 5121 5120 5132 5133
f 5133 5508 5122 5121
f 5124 5123 5134 5135
f 5125 5124 5135 5136
f 5126 5125 5136 5137
f 5127 5126 5137 5138
f 5127 5138 5139 4812
f 5139 5140 5128 4812
f 5129 5128 5140 5141
f 5130 5129 5141 5142
f 5131 5130 5142 5143
f 5132 5131 5143 5144
f 5133 5132 5144 5145
f 5135 5134 5146 5147
f 5136 5135 5147 5148
f 5137 5136 5148 5149
f 5138 5137 5149 5150
f 5139 5138 5150 5151
f 5140 5139 5151 5152
f 5141 5140 5152 5153
f 5142 5141 5153 5154
f 5143 5142 5154 5155
f 5144 5143 5155 5156
f 5145 5144 5156 5157
f 5147 5146 5158 5159
f 5148 5147 5159 5160
f 5149 5148 5160 5161
f 5150 5149 5161 4813
f 4813 4814 5151 5150
f 4814 4815 5152 5151
f 4815 4816 5153 5152
f 5162 5154 5153 4816
f 5155 5154 5162 5163
f 5156 5155 5163 5164
f 5157 5156 5164 5165
f 5159 5158 5166 5167
f 5160 5159 5167 5168
f 5161 5160 5168 4817
f 5169 5163 5162 4822
f 5164 5163 5169 5170
f 5165 5164 5170 5171
f 5167 5166 5172 5173
f 5168 5167 5173 5174
f 4823 4817 5168 5174
f 4822 4828 5175 5169
f 5170 5169 5175 5176
f 5171 5170 5176 5177
f 5173 5172 5178 5179
f 5174 5173 5179 4829
f 5180 5176 5175 4836
f 5177 5176 5180 5181
f 5179 5178 5182 5183
f 4837 4829 5179 5183
f 4836 4844 5184 5180
f 5181 5180 5184 5185
f 5183 5182 5186 5187
f 5183 5187 5188 4837
f 5189 5190 5184 4844
f 5185 5184 5190 5191
f 5186 5544 5192 5187
f 5188 5187 5192 5193
f 5188 5193 5194 4845
f 4846 4845 5194 5195
f 4850 4849 5196 5197
f 5197 5198 5189 4850
f 5190 5189 5198 5199
f 5199 5545 5191 5190
f 5193 5548 5200 5194
f 5195 5194 5200 5201
f 5195 5201 5202 4851
f 4852 4851 5202 5203
f 5203 5204 5196 4852
f 5197 5196 5204 5205
f 5205 5551 5198 5197
f 5207 4879 4853 5208
f 5209 5208 4853 4854
f 5210 5209 4854 4855
f 5211 5210 4855 4856
f 5212 5211 4856 4857
f 5213 5212 4857 4858
f 5214 5213 4858 4859
f 5215 5214 4859 4860
f 5216 5215 4860 4861
f 5217 5216 4861 4862
f 5218 5217 4862 4863
f 5219 5218 4863 4864
f 5220 5219 4864 4865
f 5221 5220 4865 4866
f 5222 5221 4866 4867
f 5223 5222 4867 4868
f 5224 5223 4868 4869
f 5225 5224 4869 4870
f 5226 5225 4870 4871
f 5227 5226 4871 4872
f 5228 5227 4872 4873
f 5229 5228 4873 4874
f 4874 4880 5230 5229
f 5232 4888 4875 5233
f 5234 5233 4875 4876
f 5235 5234 4876 4877
f 5235 4877 4878 5206
f 4878 4879 5207 5206
f 4880 4881 5231 5230
f 4881 4882 5236 5231
f 5237 5236 4882 4883
f 5238 5237 4883 4884
f 5239 5238 4884 4885
f 5240 4892 4886 5241
f 5242 5241 4886 4887
f 5242 4887 4888 5232
f 4889 5243 5239 4885
f 5244 5243 4889 4890
f 5245 4891 4892 5240
f 4893 5246 5244 4890
f 5247 5246 4893 4894
f 5248 4900 4895 5249
f 5250 5249 4895 4896
f 5250 4896 4891 5245
f 4897 5251 5247 4894
f 5252 5251 4897 4898
f 4898 4901 5253 5252
f 5254 4899 4900 5248
f 4901 4902 5255 5253
f 5256 4903 4899 5254
f 4904 5257 5255 4902
f 5258 4905 4903 5256
f 4906 5259 5257 4904
f 5260 4907 4905 5258
f 4908 5261 5259 4906
f 5263 5262 4909 4910
f 5264 5263 4910 4911
f 5265 5264 4911 4912
f 5266 5265 4912 4913
f 5266 4913 4907 5260
f 4914 5267 5261 4908
f 5268 5267 4914 4915
f 5269 5268 4915 4916
f 5270 5269 4916 4917
f 4918 5272 5270 4917
f 5271 5276 4920 4921
f 5271 4921 4909 5262
f 4922 5273 5272 4918
f 4923 5278 5273 4922
f 5274 5286 4925 4926
f 5275 5274 4926 4919
f 5276 5275 4919 4920
f 5279 5278 4923 4924
f 4927 5280 5279 4924
f 5281 5280 4927 4928
f 4929 5294 5281 4928
f 5283 5282 4931 4932
f 5284 5283 4932 4933
f 5285 5284 4933 4934
f 5286 5285 4934 4925
f 4935 5295 5294 4929
f 5296 5295 4935 4936
f 5297 5296 4936 4937
f 5299 5298 4939 4930
f 5299 4930 5282 5300
f 5316 5315 5297 4938
f 4940 5317 5316 4938
f 4939 5298 5318 4941
f 4957 5338 5317 4940
f 4941 5318 5339 4958
f 5341 5319 5320 4961
f 5320 5321 4942 4961
f 5321 5322 4943 4942
f 5322 5323 4944 4943
f 5323 5324 4945 4944
f 5324 5325 4946 4945
f 5325 5326 4947 4946
f 5326 5327 4948 4947
f 4948 5327 5342 4962
f 4963 5343 5328 4949
f 5328 5329 4950 4949
f 5329 5330 4951 4950
f 5330 5331 4952 4951
f 5331 5332 4953 4952
f 5332 5333 4954 4953
f 5333 5334 4955 4954
f 5334 5335 4956 4955
f 4956 5335 5344 4964
f 4966 5347 5338 4957
f 5349 5348 4967 4958
f 5349 4958 5339 5350
f 4968 5350 5340 4959
f 5340 5341 4960 4959
f 4962 5342 5351 4969
f 5343 4963 4970 5352
f 5344 5345 4965 4964
f 4965 5345 5353 4971
f 4972 5355 5347 4966
f 4967 5348 5356 4973
f 4974 5357 5350 4968
f 4969 5351 5358 4975
f 5352 4970 4976 5359
f 4971 5353 5360 4977
f 4978 5362 5355 4972
f 5363 4979 4973 5356
f 5364 5357 4974 4980
f 5365 4981 4975 5358
f 4982 5366 5359 4976
f 4977 5360 5367 4983
f 5362 4978 4984 5368
f 4985 4979 5363 5369
f 4986 5371 5364 4980
f 4987 4981 5365 5372
f 5366 4982 4988 5373
f 4983 5367 5374 4989
f 4991 5375 5368 4984
f 4992 5369 5648 5376
f 4993 5377 5371 4986
f 4994 4987 5372 5379
f 4988 4995 5380 5373
f 4989 5374 5382 4996
f 5375 4991 4997 5383
f 4998 4992 5376 5384
f 4998 5385 5377 4993
f 5379 5378 5386 4999
f 4999 4994 5379
f 4995 5000 5380
f 5387 5381 5380 5000
f 5382 5388 5001 4996
f 5383 4997 5002 5389
f 5384 5390 5391
f 5384 5391 5392 4998
f 4998 5392 5655 5385
f 5386 5656 5393 5394
f 5003 4999 5386 5394
f 5000 5004 5395 5387
f 5396 5657 5387 5395
f 5001 5388 5397 5002
f 5397 5398 5389 5002
f 5390 5399 5400
f 5391 5390 5400 5401
f 5401 5392 5391
f 5394 5393 5402 5005
f 5403 5396 5395 5008
f 5397 5404 5405 5398
f 5400 5399 5406 5407
f 5407 5401 5400
f 5009 5005 5402 5408
f 5008 5010 5409 5403
f 5404 5675 5410 5405
f 5009 5408 5411 5011
f 5010 5012 5412 5409
f 5414 5676 5410 5413
f 5415 5013 5011 5411
f 5012 5014 5416 5412
f 5015 5013 5415 5417
f 5416 5014 5016 5418
f 5017 5015 5417 5419
f 5016 5018 5420 5418
f 5019 5017 5419 5421
f 5018 5020 5422 5420
f 5019 5421 5423 5021
f 5422 5020 5022 5424
f 5021 5423 5425 5023
f 5424 5022 5024 5426
f 5023 5425 5427 5025
f 5426 5024 5026 5428
f 5025 5427 5429 5027
f 5428 5026 5028 5430
f 5027 5429 5431 5029
f 5430 5028 5030 5432
f 5029 5431 5433 5031
f 5030 5032 5434 5432
f 5435 5033 5031 5433
f 5032 5034 5436 5434
f 5035 5033 5435 5437
f 5034 5036 5438 5436
f 5439 5037 5035 5437
f 5036 5038 5440 5438
f 5037 5439 5441 5039
f 5041 5442 5440 5038
f 5039 5441 5443 5042
f 5040 5046 5445 5446
f 5442 5041 5040 5446
f 5443 5444 5043 5042
f 5044 5043 5444 5447
f 5047 5044 5447 5448
f 5045 5052 5451 5452
f 5445 5046 5045 5452
f 5448 5449 5048 5047
f 5049 5048 5449 5453
f 5053 5049 5453 5454
f 5050 5056 5455 5456
f 5450 5051 5050 5456
f 5450 5451 5052 5051
f 5054 5053 5454 5457
f 5057 5054 5457 5458
f 5055 5058 5459 5460
f 5455 5056 5055 5460
f 5057 5458 5461 5059
f 5060 5462 5459 5058
f 5059 5461 5463 5061
f 5064 5464 5462 5060
f 5062 5061 5463 5465
f 5065 5062 5465 5466
f 5063 5068 5467 5468
f 5464 5064 5063 5468
f 5066 5065 5466 5469
f 5069 5066 5469 5470
f 5067 5070 5471 5472
f 5467 5068 5067 5472
f 5069 5470 5473 5071
f 5074 5476 5471 5070
f 5473 5474 5072 5071
f 5072 5474 5477 5075
f 5076 5478 5475 5073
f 5475 5476 5074 5073
f 5075 5477 5479 5077
f 5080 5482 5478 5076
f 5479 5480 5078 5077
f 5078 5480 5483 5081
f 5085 5484 5481 5079
f 5481 5482 5080 5079
f 5082 5081 5483 5485
f 5083 5090 5490 5486
f 5084 5083 5486 5487
f 5484 5085 5084 5487
f 5086 5485 5488
f 5087 5086 5488 5489
f 5091 5489 5773 5491
f 5096 5492 5774 5490
f 5097 5491 5775 5493
f 5098 5097 5493 5494
f 5102 5101 5495 5496
f 5102 5496 5776 5492
f 5493 5777 5497 5494
f 5494 5497 5498 5103
f 5499 5500 5495 5108
f 5500 5778 5496 5495
f 5498 5497 5501 5502
f 5115 5109 5498 5502
f 5114 5122 5503 5499
f 5500 5499 5503 5504
f 5502 5501 5505 5506
f 5502 5506 5507 5115
f 5508 5509 5503 5122
f 5504 5503 5509 5510
f 5505 5784 5511 5506
f 5507 5506 5511 5512
f 5134 5123 5507 5512
f 5133 5145 5513 5508
f 5509 5508 5513 5514
f 5514 5785 5510 5509
f 5512 5511 5515 5516
f 5146 5134 5512 5516
f 5145 5157 5517 5513
f 5514 5513 5517 5518
f 5516 5515 5519 5520
f 5158 5146 5516 5520
f 5157 5165 5521 5517
f 5518 5517 5521 5522
f 5520 5519 5523 5524
f 5166 5158 5520 5524
f 5165 5171 5525 5521
f 5522 5521 5525 5526
f 5524 5523 5527 5528
f 5172 5166 5524 5528
f 5171 5177 5529 5525
f 5526 5525 5529 5530
f 5528 5527 5531 5532
f 5178 5172 5528 5532
f 5177 5181 5533 5529
f 5530 5529 5533 5534
f 5532 5531 5535 5536
f 5182 5178 5532 5536
f 5181 5185 5537 5533
f 5534 5533 5537 5538
f 5536 5535 5539 5540
f 5186 5182 5536 5540
f 5185 5191 5541 5537
f 5538 5537 5541 5542
f 5539 5808 5543 5540
f 5540 5543 5544 5186
f 5545 5546 5541 5191
f 5546 5809 5542 5541
f 5192 5544 5811 5547
f 5193 5192 5547 5548
f 5199 5198 5551 5552
f 5199 5552 5814 5545
f 5200 5548 5549
f 5201 5200 5549 5553
f 5202 5201 5553 5554
f 5203 5202 5554 5555
f 5204 5203 5555 5556
f 5550 5205 5204 5556
f 5551 5205 5550
f 5558 5557 5206 5207
f 5559 5558 5207 5208
f 5560 5559 5208 5209
f 5561 5560 5209 5210
f 5562 5561 5210 5211
f 5563 5562 5211 5212
f 5564 5563 5212 5213
f 5565 5564 5213 5214
f 5566 5565 5214 5215
f 5567 5566 5215 5216
f 5568 5567 5216 5217
f 5569 5568 5217 5218
f 5570 5569 5218 5219
f 5571 5570 5219 5220
f 5572 5571 5220 5221
f 5573 5572 5221 5222
f 5574 5573 5222 5223
f 5575 5574 5223 5224
f 5576 5575 5224 5225
f 5577 5576 5225 5226
f 5578 5577 5226 5227
f 5579 5578 5227 5228
f 5580 5579 5228 5229
f 5581 5580 5229 5230
f 5582 5581 5230 5231
f 5583 5242 5232 5584
f 5585 5584 5232 5233
f 5586 5585 5233 5234
f 5587 5586 5234 5235
f 5587 5235 5206 5557
f 5236 5588 5582 5231
f 5589 5588 5236 5237
f 5590 5589 5237 5238
f 5591 5590 5238 5239
f 5239 5243 5592 5591
f 5594 5593 5240 5241
f 5594 5241 5242 5583
f 5243 5244 5595 5592
f 5244 5246 5596 5595
f 5597 5245 5240 5593
f 5246 5247 5598 5596
f 5247 5251 5599 5598
f 5601 5600 5248 5249
f 5602 5601 5249 5250
f 5602 5250 5245 5597
f 5251 5252 5603 5599
f 5604 5603 5252 5253
f 5605 5254 5248 5600
f 5255 5606 5604 5253
f 5607 5256 5254 5605
f 5257 5608 5606 5255
f 5609 5258 5256 5607
f 5259 5610 5608 5257
f 5611 5260 5258 5609
f 5261 5612 5610 5259
f 5613 5621 5263 5264
f 5614 5613 5264 5265
f 5615 5614 5265 5266
f 5615 5266 5260 5611
f 5267 5616 5612 5261
f 5617 5616 5267 5268
f 5618 5617 5268 5269
f 5619 5618 5269 5270
f 5262 5620 5624 5271
f 5621 5620 5262 5263
f 5272 5623 5619 5270
f 5273 5623 5272
f 5271 5624 5276
f 5626 5623 5273 5277
f 5273 5278 5277
f 5286 5274 5287
f 5274 5275 5288 5287
f 5275 5276 5289 5288
f 5289 5276 5624 5627
f 5628 5890 5626 5277
f 5277 5278 5290 5628
f 5278 5279 5291 5290
f 5279 5280 5292 5291
f 5280 5281 5293 5292
f 5281 5294 5293
f 5282 5283 5301 5300
f 5283 5284 5302 5301
f 5284 5285 5303 5302
f 5285 5286 5304 5303
f 5286 5287 5305 5304
f 5287 5288 5306 5305
f 5288 5289 5307 5306
f 5307 5289 5627 5629
f 5630 5628 5290 5308
f 5290 5291 5309 5308
f 5291 5292 5310 5309
f 5292 5293 5311 5310
f 5293 5294 5312 5311
f 5294 5295 5313 5312
f 5295 5296 5314 5313
f 5296 5297 5315 5314
f 5298 5299 5319 5318
f 5299 5300 5320 5319
f 5300 5301 5321 5320
f 5301 5302 5322 5321
f 5302 5303 5323 5322
f 5303 5304 5324 5323
f 5304 5305 5325 5324
f 5305 5306 5326 5325
f 5306 5307 5327 5326
f 5327 5307 5629 5631
f 5632 5630 5308 5328
f 5308 5309 5329 5328
f 5309 5310 5330 5329
f 5310 5311 5331 5330
f 5311 5312 5332 5331
f 5312 5313 5333 5332
f 5313 5314 5334 5333
f 5314 5315 5335 5334
f 5315 5316 5336 5335
f 5316 5317 5337 5336
f 5317 5338 5337
f 5339 5318 5340 5350
f 5318 5319 5341 5340
f 5631 5633 5342 5327
f 5343 5634 5632 5328
f 5344 5335 5336
f 5336 5337 5345 5344
f 5337 5338 5346 5345
f 5338 5347 5346
f 5342 5633 5635 5351
f 5634 5343 5352 5636
f 5353 5345 5346
f 5346 5347 5354 5353
f 5347 5355 5354
f 5348 5349 5357 5356
f 5350 5357 5349
f 5358 5351 5635 5637
f 5636 5352 5359 5638
f 5360 5353 5354
f 5354 5355 5361 5360
f 5355 5362 5361
f 5363 5356 5357 5364
f 5365 5358 5637 5639
f 5359 5366 5640 5638
f 5367 5360 5361
f 5367 5361 5362 5641
f 5641 5362 5368
f 5369 5363 5370
f 5363 5364 5371 5370
f 5642 5379 5372 5643
f 5643 5372 5365 5639
f 5373 5644 5640 5366
f 5373 5380 5645 5644
f 5374 5367 5641 5646
f 5375 5647 5641 5368
f 5649 5648 5369 5370
f 5649 5370 5371 5377
f 5650 5378 5379 5642
f 5380 5381 5651 5645
f 5646 5652 5382 5374
f 5647 5375 5383 5653
f 5654 5384 5376 5648
f 5385 5655 5649 5377
f 5386 5378 5650 5656
f 5651 5381 5387 5657
f 5382 5652 5658 5388
f 5658 5653 5383 5389
f 5659 5390 5384 5654
f 5660 5655 5392
f 5393 5656 5661
f 5657 5396 5662
f 5388 5658 5663 5397
f 5664 5658 5389 5398
f 5665 5399 5390 5659
f 5401 5666 5660 5392
f 5393 5661 5667 5402
f 5662 5396 5403 5668
f 5397 5663 5669 5404
f 5405 5670 5664 5398
f 5406 5399 5665 5671
f 5407 5672 5666 5401
f 5402 5667 5673 5408
f 5668 5403 5409 5674
f 5675 5404 5669
f 5670 5405 5410 5676
f 5671 5677 5678
f 5671 5678 5679 5406
f 5672 5407 5406 5679
f 5680 5411 5408 5673
f 5409 5412 5681 5674
f 5682 5413 5410 5675
f 5676 5414 5683 5929
f 5677 5684 5685
f 5678 5677 5685 5686
f 5686 5679 5678
f 5411 5680 5687 5415
f 5412 5416 5688 5681
f 5414 5413 5682 5689
f 5414 5689 5690 5683
f 5685 5684 5691 5692
f 5686 5685 5692 5693
f 5417 5415 5687 5694
f 5416 5418 5695 5688
f 5690 5689 5696 5697
f 5698 5690 5697 5702
f 5417 5694 5700 5419
f 5695 5418 5420 5701
f 5702 5950 5699 5698
f 5419 5700 5703 5421
f 5701 5420 5422 5704
f 5421 5703 5705 5423
f 5704 5422 5424 5706
f 5423 5705 5707 5425
f 5706 5424 5426 5708
f 5425 5707 5709 5427
f 5708 5426 5428 5710
f 5427 5709 5711 5429
f 5710 5428 5430 5712
f 5429 5711 5713 5431
f 5712 5430 5432 5714
f 5431 5713 5715 5433
f 5714 5432 5434 5716
f 5433 5715 5717 5435
f 5716 5434 5436 5718
f 5435 5717 5719 5437
f 5718 5436 5438 5720
f 5437 5719 5721 5439
f 5440 5722 5720 5438
f 5723 5441 5439 5721
f 5440 5442 5724 5722
f 5441 5723 5725 5443
f 5442 5446 5728 5724
f 5443 5725 5726
f 5444 5443 5726 5729
f 5447 5444 5729 5730
f 5445 5452 5733 5734
f 5727 5446 5445 5734
f 5728 5446 5727
f 5730 5731 5448 5447
f 5449 5448 5731 5735
f 5453 5449 5735 5736
f 5450 5456 5739 5740
f 5732 5451 5450 5740
f 5732 5733 5452 5451
f 5736 5737 5454 5453
f 5454 5737 5741 5457
f 5460 5742 5738 5455
f 5738 5739 5456 5455
f 5458 5457 5741 5743
f 5461 5458 5743 5744
f 5459 5462 5745 5746
f 5742 5460 5459 5746
f 5461 5744 5747 5463
f 5464 5748 5745 5462
f 5463 5747 5749 5465
f 5468 5750 5748 5464
f 5466 5465 5749 5751
f 5469 5466 5751 5752
f 5467 5472 5755 5756
f 5750 5468 5467 5756
f 5752 5753 5470 5469
f 5470 5753 5757 5473
f 5476 5760 5754 5471
f 5754 5755 5472 5471
f 5757 5758 5474 5473
f 5474 5758 5761 5477
f 5478 5762 5759 5475
f 5759 5760 5476 5475
f 5477 5761 5763 5479
f 5482 5764 5762 5478
f 5480 5479 5763 5765
f 5483 5480 5765 5766
f 5481 5484 5767 5768
f 5764 5482 5481 5768
f 5483 5766 5769 5485
f 5487 5770 5767 5484
f 5485 5769 5771 5488
f 5486 5490 5774 5772
f 5770 5487 5486 5772
f 5489 5488 5771 5773
f 5491 5773 6021 5775
f 5492 5776 6022 5774
f 5493 5775 6023 5777
f 5496 5778 6024 5776
f 5501 5497 5777 5779
f 5500 5504 5780 5778
f 5505 5501 5779 5781
f 5504 5510 5782 5780
f 5781 5783 5784 5505
f 5785 5786 5782 5510
f 5784 5783 5787 5788
f 5515 5511 5784 5788
f 5514 5518 5789 5785
f 5786 5785 5789 5790
f 5788 5787 5791 5792
f 5519 5515 5788 5792
f 5518 5522 5793 5789
f 5790 5789 5793 5794
f 5792 5791 5795 5796
f 5523 5519 5792 5796
f 5522 5526 5797 5793
f 5794 5793 5797 5798
f 5795 6038 5799 5796
f 5527 5523 5796 5799
f 5526 5530 5800 5797
f 5798 5797 5800 5801
f 5531 5527 5799 5802
f 5530 5534 5803 5800
f 5803 6041 5801 5800
f 5535 5531 5802 5804
f 5534 5538 5805 5803
f 5539 5535 5804 5806
f 5538 5542 5807 5805
f 5539 5806 6046 5808
f 5542 5809 6047 5807
f 5543 5808 6048 5810
f 5544 5543 5810 5811
f 5546 5545 5814 5815
f 5546 5815 6051 5809
f 5547 5811 5812
f 5548 5547 5812 5816
f 5549 5548 5816 5817
f 5553 5549 5817 5818
f 5550 5556 5821 5822
f 5551 5550 5822 5823
f 5813 5552 5551 5823
f 5814 5552 5813
f 5818 5819 5554 5553
f 5819 5820 5555 5554
f 5820 5821 5556 5555
f 5824 5587 5557 5825
f 5826 5825 5557 5558
f 5827 5826 5558 5559
f 5828 5827 5559 5560
f 5829 5828 5560 5561
f 5830 5829 5561 5562
f 5831 5830 5562 5563
f 5832 5831 5563 5564
f 5833 5832 5564 5565
f 5834 5833 5565 5566
f 5835 5834 5566 5567
f 5836 5835 5567 5568
f 5837 5836 5568 5569
f 5838 5837 5569 5570
f 5839 5838 5570 5571
f 5840 5839 5571 5572
f 5841 5840 5572 5573
f 5842 5841 5573 5574
f 5843 5842 5574 5575
f 5844 5843 5575 5576
f 5845 5844 5576 5577
f 5846 5845 5577 5578
f 5847 5846 5578 5579
f 5848 5847 5579 5580
f 5849 5848 5580 5581
f 5850 5849 5581 5582
f 5582 5588 5851 5850
f 5853 5852 5583 5584
f 5854 5853 5584 5585
f 5855 5854 5585 5586
f 5855 5586 5587 5824
f 5588 5589 5856 5851
f 5857 5856 5589 5590
f 5858 5857 5590 5591
f 5859 5858 5591 5592
f 5861 5860 5593 5594
f 5861 5594 5583 5852
f 5595 5862 5859 5592
f 5863 5862 5595 5596
f 5864 5602 5597 5865
f 5865 5597 5593 5860
f 5598 5866 5863 5596
f 5867 5866 5598 5599
f 5868 5872 5600 5601
f 5868 5601 5602 5864
f 5603 5869 5867 5599
f 5870 5869 5603 5604
f 5872 5871 5605 5600
f 5606 5873 5870 5604
f 5606 5608 5874 5873
f 5875 5607 5605 5871
f 5608 5610 5876 5874
f 5877 5609 5607 5875
f 5876 5610 5878
f 5879 5611 5609 5877
f 5612 5880 5878 5610
f 5881 5884 5614 5615
f 5881 5615 5611 5879
f 5616 5882 5880 5612
f 5617 5885 5882 5616
f 5613 5883 5887 5621
f 5884 5883 5613 5614
f 5886 5885 5617 5618
f 5618 5619 5622 5886
f 5619 5623 5622
f 5624 5620 5625
f 5625 5620 5621 5887
f 5888 6127 5886 5622
f 5622 5623 5626 5888
f 5627 5624 5625 5889
f 5889 5625 5887 6128
f 5890 6129 5888 5626
f 5629 5627 5889 5891
f 5892 5890 5628 5630
f 5631 5629 5891 5893
f 5894 5892 5630 5632
f 5631 5893 5895 5633
f 5896 5894 5632 5634
f 5633 5895 5897 5635
f 5896 5634 5636 5898
f 5899 5637 5635 5897
f 5638 5900 5898 5636
f 5639 5637 5899 5901
f 5900 5638 5640 5902
f 5903 5650 5642 5904
f 5904 5642 5643 5901
f 5643 5639 5901
f 5640 5644 5902
f 5644 5645 5905 5902
f 5645 5651 5906 5905
f 5641 5647 5646
f 5650 5903 5907
f 5651 5657 5908 5906
f 5646 5647 5653 5652
f 5654 5648 5649 5655
f 5909 5656 5650 5907
f 5908 5657 5910
f 5658 5652 5653
f 5659 5654 5655 5660
f 5656 5909 5911 5661
f 5910 5657 5662 5912
f 5658 5664 5669 5663
f 5659 5913 5918 5665
f 5659 5660 5666 5913
f 5667 5661 5911 5914
f 5912 5662 5668 5915
f 5916 5669 5664 5670
f 5918 5917 5671 5665
f 5672 5919 5913 5666
f 5673 5667 5914 5920
f 5668 5674 5921 5915
f 5675 5669 5916 5922
f 5922 5916 5670 5676
f 5923 5677 5671 5917
f 5679 5925 5919 5672
f 5926 5680 5673 5920
f 5674 5681 5927 5921
f 5922 5928 5682 5675
f 5929 5928 5922 5676
f 5930 5684 5677 5923
f 5686 5932 5925 5679
f 5680 5926 5933 5687
f 5688 5934 5927 5681
f 5682 5928 5935 5689
f 5690 5936 5929 5683
f 5691 5684 5930 5937
f 5938 5932 5686 5693
f 5687 5933 5939 5694
f 5934 5688 5695 5940
f 5689 5935 5941 5696
f 5698 5943 5936 5690
f 5944 5943 5698 5699
f 5937 5945 5946 5691
f 5938 5692 5691 5946
f 5938 5693 5692
f 5694 5939 5947 5700
f 5940 5695 5701 5948
f 5941 5942 5697 5696
f 5697 5942 5949 5702
f 5699 5950 5944
f 5700 5947 5951 5703
f 5948 5701 5704 5952
f 5950 5702 5949
f 5703 5951 5953 5705
f 5952 5704 5706 5954
f 5705 5953 5955 5707
f 5954 5706 5708 5956
f 5707 5955 5957 5709
f 5956 5708 5710 5958
f 5709 5957 5959 5711
f 5958 5710 5712 5960
f 5711 5959 5961 5713
f 5960 5712 5714 5962
f 5713 5961 5963 5715
f 5962 5714 5716 5964
f 5715 5963 5965 5717
f 5964 5716 5718 5966
f 5717 5965 5967 5719
f 5966 5718 5720 5968
f 5969 5721 5719 5967
f 5720 5722 5970 5968
f 5971 5723 5721 5969
f 5722 5724 5972 5970
f 5723 5971 5973 5725
f 5728 5976 5972 5724
f 5973 5974 5726 5725
f 5726 5974 5977 5729
f 5734 5980 5975 5727
f 5975 5976 5728 5727
f 5977 5978 5730 5729
f 5731 5730 5978 5981
f 5735 5731 5981 5982
f 5732 5740 5985 5986
f 5979 5733 5732 5986
f 5979 5980 5734 5733
f 5982 5983 5736 5735
f 5737 5736 5983 5987
f 5741 5737 5987 5988
f 5738 5742 5989 5990
f 5984 5739 5738 5990
f 5984 5985 5740 5739
f 5741 5988 5991 5743
f 5746 5992 5989 5742
f 5744 5743 5991 5993
f 5747 5744 5993 5994
f 5745 5748 5995 5996
f 5992 5746 5745 5996
f 5747 5994 5997 5749
f 5750 5998 5995 5748
f 5749 5997 5999 5751
f 5756 6002 5998 5750
f 5999 6000 5752 5751
f 5753 5752 6000 6003
f 5757 5753 6003 6004
f 5754 5760 6005 6006
f 6001 5755 5754 6006
f 6001 6002 5756 5755
f 5758 5757 6004 6007
f 5761 5758 6007 6008
f 5759 5762 6009 6010
f 6005 5760 5759 6010
f 5761 6008 6011 5763
f 5764 6012 6009 5762
f 5763 6011 6013 5765
f 5768 6014 6012 5764
f 5766 5765 6013 6015
f 5769 5766 6015 6017
f 5767 5770 6018 6016
f 6014 5768 5767 6016
f 5771 5769 6017 6019
f 5770 5772 6020 6018
f 5773 5771 6019 6021
f 5772 5774 6022 6020
f 5775 6021 6241 6023
f 5776 6024 6242 6022
f 5779 5777 6023 6025
f 5778 5780 6026 6024
f 6027 5781 5779 6025
f 5780 5782 6028 6026
f 5781 6027 6029 5783
f 6028 5782 5786 6030
f 5783 6029 6031 5787
f 6030 5786 5790 6032
f 5787 6031 6033 5791
f 6032 5790 5794 6034
f 5791 6033 6035 5795
f 6034 5794 5798 6036
f 5795 6035 6037 6038
f 6036 5798 5801 6039
f 6037 6257 6040 6038
f 5802 5799 6038 6040
f 5801 6041 6258 6039
f 5804 5802 6040 6042
f 5803 5805 6043 6041
f 5806 5804 6042 6044
f 5805 5807 6045 6043
f 5806 6044 6263 6046
f 5807 6047 6264 6045
f 5808 6046 6265 6048
f 5809 6051 6266 6047
f 5810 6048 6049
f 5811 5810 6049 6052
f 5812 5811 6052 6053
f 5816 5812 6053 6054
f 5813 5823 6057 6058
f 5814 5813 6058 6059
f 6050 5815 5814 6059
f 6051 5815 6050
f 6054 6055 5817 5816
f 5818 5817 6055 6060
f 5819 5818 6060 6061
f 5820 5819 6061 6062
f 5821 5820 6062 6063
f 6056 5822 5821 6063
f 6056 6057 5823 5822
f 6065 6064 5824 5825
f 6066 6065 5825 5826
f 6067 6066 5826 5827
f 6068 6067 5827 5828
f 6069 6068 5828 5829
f 6070 6069 5829 5830
f 6071 6070 5830 5831
f 6072 6071 5831 5832
f 6073 6072 5832 5833
f 6074 6073 5833 5834
f 6075 6074 5834 5835
f 6076 6075 5835 5836
f 6077 6076 5836 5837
f 6078 6077 5837 5838
f 6079 6078 5838 5839
f 6080 6079 5839 5840
f 6081 6080 5840 5841
f 6082 6081 5841 5842
f 6083 6082 5842 5843
f 6084 6083 5843 5844
f 6085 6084 5844 5845
f 6086 6085 5845 5846
f 6087 6086 5846 5847
f 6088 6087 5847 5848
f 6089 6088 5848 5849
f 6090 6089 5849 5850
f 6091 6090 5850 5851
f 5851 5856 6092 6091
f 6094 6093 5852 5853
f 6095 6094 5853 5854
f 6096 6095 5854 5855
f 6096 5855 5824 6064
f 5856 5857 6097 6092
f 6098 6097 5857 5858
f 6099 6098 5858 5859
f 6101 6100 5860 5861
f 6101 5861 5852 6093
f 5862 6102 6099 5859
f 6103 6102 5862 5863
f 6105 6104 5864 5865
f 6105 5865 5860 6100
f 5866 6106 6103 5863
f 6107 6106 5866 5867
f 6108 5868 5864 6104
f 5869 6109 6107 5867
f 6110 6109 5869 5870
f 6112 6111 5871 5872
f 6112 5872 5868 6108
f 5873 6113 6110 5870
f 6114 6113 5873 5874
f 6115 5875 5871 6111
f 5876 6116 6114 5874
f 6117 5877 5875 6115
f 6116 5876 5878 6118
f 5877 6117 6119 5879
f 5880 6120 6118 5878
f 6122 6121 5881 5879
f 6122 5879 6119
f 5882 6123 6120 5880
f 6124 6126 5883 5884
f 6124 5884 5881 6121
f 5885 6125 6123 5882
f 5886 6127 6125 5885
f 5883 6126 6128 5887
f 6129 6127 5888
f 5891 5889 6128 6130
f 6131 6129 5890 5892
f 5891 6130 6132 5893
f 6133 6131 5892 5894
f 5893 6132 6134 5895
f 6135 6133 5894 5896
f 5895 6134 6136 5897
f 6137 6135 5896 5898
f 6138 5899 5897 6136
f 5900 6139 6137 5898
f 6140 5901 5899 6138
f 5902 6141 6139 5900
f 6143 6142 5903 5904
f 6143 5904 5901 6140
f 5905 6144 6141 5902
f 6145 6144 5905 5906
f 5907 5903 6142 6146
f 5908 6147 6145 5906
f 5909 5907 6146 6148
f 6147 5908 5910 6149
f 5911 5909 6148 6150
f 6149 5910 5912 6151
f 5914 5911 6150 6152
f 5912 5915 6153 6151
f 5918 5913 5919 5925
f 5914 6152 6154 5920
f 6153 5915 5921 6155
f 5923 5917 5924
f 5917 5918 5925 5924
f 5920 6154 6156 5926
f 5927 6157 6155 5921
f 5930 5923 5931
f 5923 5924 5932 5931
f 5925 5932 5924
f 6158 5933 5926 6156
f 5927 5934 6159 6157
f 5935 5928 5929 5936
f 6161 6160 5937 5930
f 6162 6161 5930 5931
f 6162 5931 5932 5938
f 6163 5939 5933 6158
f 5934 5940 6164 6159
f 5935 5936 5942 5941
f 5936 5943 5949 5942
f 6160 5945 5937
f 6160 6161 5946 5945
f 6161 6162 5938 5946
f 5939 6163 6165 5947
f 6164 5940 5948 6166
f 5943 5944 5950 5949
f 5947 6165 6167 5951
f 6166 5948 5952 6168
f 5951 6167 6169 5953
f 6168 5952 5954 6170
f 5953 6169 6171 5955
f 6170 5954 5956 6172
f 5955 6171 6173 5957
f 6172 5956 5958 6174
f 5957 6173 6175 5959
f 6174 5958 5960 6176
f 5959 6175 6177 5961
f 6176 5960 5962 6178
f 5961 6177 6179 5963
f 6178 5962 5964 6180
f 5963 6179 6181 5965
f 6180 5964 5966 6182
f 5965 6181 6183 5967
f 6182 5966 5968 6184
f 5967 6183 6185 5969
f 6184 5968 5970 6186
f 5969 6185 6187 5971
f 5972 6188 6186 5970
f 6189 5973 5971 6187
f 5972 5976 6192 6188
f 5973 6189 6190
f 5974 5973 6190 6193
f 5977 5974 6193 6194
f 5975 5980 6195 6196
f 6191 5976 5975 6196
f 6192 5976 6191
f 5978 5977 6194 6197
f 5981 5978 6197 6198
f 5979 5986 6203 6204
f 6195 5980 5979 6204
f 6198 6199 5982 5981
f 6199 6200 5983 5982
f 5983 6200 6205 5987
f 5990 6206 6201 5984
f 6201 6202 5985 5984
f 6202 6203 5986 5985
f 5988 5987 6205 6207
f 5991 5988 6207 6208
f 5989 5992 6209 6210
f 6206 5990 5989 6210
f 5991 6208 6211 5993
f 5996 6214 6209 5992
f 6211 6212 5994 5993
f 5994 6212 6215 5997
f 5998 6216 6213 5995
f 6213 6214 5996 5995
f 5997 6215 6217 5999
f 6002 6220 6216 5998
f 6217 6218 6000 5999
f 6000 6218 6221 6003
f 6006 6222 6219 6001
f 6219 6220 6002 6001
f 6004 6003 6221 6223
f 6007 6004 6223 6224
f 6005 6010 6225 6226
f 6222 6006 6005 6226
f 6008 6007 6224 6227
f 6011 6008 6227 6228
f 6009 6012 6229 6230
f 6225 6010 6009 6230
f 6011 6228 6231 6013
f 6014 6232 6229 6012
f 6013 6231 6233 6015
f 6016 6234 6232 6014
f 6015 6233 6235 6017
f 6018 6236 6234 6016
f 6017 6235 6237 6019
f 6020 6238 6236 6018
f 6019 6237 6239 6021
f 6022 6240 6238 6020
f 6241 6021 6239
f 6022 6242 6240
f 6243 6025 6023 6241
f 6024 6026 6244 6242
f 6245 6027 6025 6243
f 6026 6028 6246 6244
f 6029 6027 6245 6247
f 6028 6030 6248 6246
f 6031 6029 6247 6249
f 6030 6032 6250 6248
f 6033 6031 6249 6251
f 6032 6034 6252 6250
f 6035 6033 6251 6253
f 6034 6036 6254 6252
f 6037 6035 6253 6255
f 6036 6039 6256 6254
f 6257 6037 6255
f 6039 6258 6256
f 6042 6040 6257 6259
f 6041 6043 6260 6258
f 6044 6042 6259 6261
f 6043 6045 6262 6260
f 6044 6261 6479 6263
f 6045 6264 6480 6262
f 6046 6263 6481 6265
f 6047 6266 6482 6264
f 6048 6265 6483 6267
f 6049 6048 6267 6268
f 6052 6049 6268 6269
f 6050 6059 6272 6273
f 6051 6050 6273 6274
f 6051 6274 6487 6266
f 6269 6270 6053 6052
f 6054 6053 6270 6275
f 6055 6054 6275 6276
f 6060 6055 6276 6277
f 6056 6063 6280 6281
f 6057 6056 6281 6282
f 6271 6058 6057 6282
f 6271 6272 6059 6058
f 6277 6278 6061 6060
f 6278 6279 6062 6061
f 6279 6280 6063 6062
f 6283 6096 6064 6284
f 6285 6284 6064 6065
f 6286 6285 6065 6066
f 6287 6286 6066 6067
f 6288 6287 6067 6068
f 6289 6288 6068 6069
f 6290 6289 6069 6070
f 6291 6290 6070 6071
f 6292 6291 6071 6072
f 6293 6292 6072 6073
f 6294 6293 6073 6074
f 6295 6294 6074 6075
f 6296 6295 6075 6076
f 6297 6296 6076 6077
f 6298 6297 6077 6078
f 6299 6298 6078 6079
f 6300 6299 6079 6080
f 6301 6300 6080 6081
f 6302 6301 6081 6082
f 6303 6302 6082 6083
f 6304 6303 6083 6084
f 6305 6304 6084 6085
f 6306 6305 6085 6086
f 6307 6306 6086 6087
f 6308 6307 6087 6088
f 6309 6308 6088 6089
f 6310 6309 6089 6090
f 6311 6310 6090 6091
f 6312 6311 6091 6092
f 6314 6313 6093 6094
f 6315 6314 6094 6095
f 6315 6095 6096 6283
f 6097 6316 6312 6092
f 6317 6316 6097 6098
f 6318 6317 6098 6099
f 6320 6319 6100 6101
f 6320 6101 6093 6313
f 6102 6321 6318 6099
f 6322 6321 6102 6103
f 6103 6106 6323 6322
f 6325 6324 6104 6105
f 6325 6105 6100 6319
f 6106 6107 6326 6323
f 6107 6109 6327 6326
f 6328 6112 6108 6329
f 6329 6108 6104 6324
f 6109 6110 6330 6327
f 6331 6111 6112 6328
f 6113 6332 6330 6110
f 6333 6332 6113 6114
f 6334 6115 6111 6331
f 6116 6335 6333 6114
f 6336 6117 6115 6334
f 6335 6116 6118 6337
f 6117 6336 6338 6119
f 6120 6339 6337 6118
f 6340 6343 6121 6122
f 6340 6122 6119 6338
f 6123 6341 6339 6120
f 6343 6342 6124 6121
f 6125 6344 6341 6123
f 6124 6342 6345 6126
f 6127 6346 6344 6125
f 6126 6345 6347 6128
f 6129 6348 6346 6127
f 6128 6347 6349 6130
f 6348 6129 6131 6350
f 6351 6132 6130 6349
f 6133 6352 6350 6131
f 6132 6351 6353 6134
f 6352 6133 6135 6354
f 6355 6136 6134 6353
f 6137 6356 6354 6135
f 6357 6138 6136 6355
f 6139 6358 6356 6137
f 6359 6140 6138 6357
f 6141 6360 6358 6139
f 6362 6361 6142 6143
f 6362 6143 6140 6359
f 6144 6363 6360 6141
f 6364 6363 6144 6145
f 6365 6146 6142 6361
f 6147 6366 6364 6145
f 6146 6365 6367 6148
f 6366 6147 6149 6368
f 6369 6150 6148 6367
f 6151 6370 6368 6149
f 6150 6369 6371 6152
f 6370 6151 6153 6372
f 6152 6371 6373 6154
f 6372 6153 6155 6374
f 6154 6373 6375 6156
f 6157 6376 6374 6155
f 6375 6377 6158 6156
f 6378 6376 6157 6159
f 6377 6379 6163 6158
f 6164 6380 6378 6159
f 6163 6379 6381 6165
f 6380 6164 6166 6382
f 6165 6381 6383 6167
f 6382 6166 6168 6384
f 6167 6383 6385 6169
f 6384 6168 6170 6386
f 6169 6385 6387 6171
f 6386 6170 6172 6388
f 6171 6387 6389 6173
f 6388 6172 6174 6390
f 6173 6389 6391 6175
f 6390 6174 6176 6392
f 6175 6391 6393 6177
f 6392 6176 6178 6394
f 6177 6393 6395 6179
f 6394 6178 6180 6396
f 6179 6395 6397 6181
f 6396 6180 6182 6398
f 6181 6397 6399 6183
f 6398 6182 6184 6400
f 6183 6399 6401 6185
f 6400 6184 6186 6402
f 6403 6187 6185 6401
f 6186 6188 6404 6402
f 6405 6189 6187 6403
f 6188 6192 6406 6404
f 6190 6189 6405 6407
f 6193 6190 6407 6408
f 6191 6196 6411 6412
f 6406 6192 6191 6412
f 6408 6409 6194 6193
f 6194 6409 6413 6197
f 6204 6418 6410 6195
f 6410 6411 6196 6195
f 6413 6414 6198 6197
f 6414 6415 6199 6198
f 6200 6199 6415 6419
f 6205 6200 6419 6420
f 6201 6206 6421 6422
f 6416 6202 6201 6422
f 6416 6417 6203 6202
f 6417 6418 6204 6203
f 6205 6420 6423 6207
f 6210 6426 6421 6206
f 6423 6424 6208 6207
f 6208 6424 6427 6211
f 6214 6429 6425 6209
f 6425 6426 6210 6209
f 6212 6211 6427 6430
f 6215 6212 6430 6431
f 6216 6432 6428 6213
f 6428 6429 6214 6213
f 6215 6431 6433 6217
f 6220 6436 6432 6216
f 6433 6434 6218 6217
f 6218 6434 6437 6221
f 6222 6438 6435 6219
f 6435 6436 6220 6219
f 6221 6437 6439 6223
f 6226 6440 6438 6222
f 6224 6223 6439 6441
f 6227 6224 6441 6442
f 6225 6230 6443 6444
f 6440 6226 6225 6444
f 6228 6227 6442 6445
f 6231 6228 6445 6447
f 6229 6232 6448 6446
f 6443 6230 6229 6446
f 6233 6231 6447 6449
f 6232 6234 6452 6448
f 6235 6233 6449 6450
f 6234 6236 6451 6452
f 6235 6450 6453 6237
f 6238 6454 6451 6236
f 6455 6239 6237 6453
f 6238 6240 6456 6454
f 6457 6241 6239 6455
f 6240 6242 6458 6456
f 6459 6243 6241 6457
f 6242 6244 6460 6458
f 6461 6245 6243 6459
f 6244 6246 6462 6460
f 6245 6461 6463 6247
f 6462 6246 6248 6464
f 6247 6463 6465 6249
f 6464 6248 6250 6466
f 6249 6465 6467 6251
f 6466 6250 6252 6468
f 6251 6467 6469 6253
f 6468 6252 6254 6470
f 6253 6469 6471 6255
f 6470 6254 6256 6472
f 6255 6471 6473 6257
f 6472 6256 6258 6474
f 6257 6473 6475 6259
f 6474 6258 6260 6476
f 6259 6475 6477 6261
f 6476 6260 6262 6478
f 6479 6261 6477
f 6262 6480 6478
f 6263 6479 6696 6481
f 6264 6482 6697 6480
f 6265 6481 6698 6483
f 6266 6487 6701 6482
f 6267 6483 6484
f 6268 6267 6484 6488
f 6269 6268 6488 6489
f 6270 6269 6489 6490
f 6275 6270 6490 6491
f 6271 6282 6498 6499
f 6272 6271 6499 6500
f 6485 6273 6272 6500
f 6485 6486 6274 6273
f 6487 6274 6486
f 6491 6492 6276 6275
f 6492 6493 6277 6276
f 6493 6494 6278 6277
f 6494 6495 6279 6278
f 6495 6496 6280 6279
f 6496 6497 6281 6280
f 6497 6498 6282 6281
f 6502 6532 6283 6284
f 6503 6502 6284 6285
f 6504 6503 6285 6286
f 6505 6504 6286 6287
f 6506 6505 6287 6288
f 6507 6506 6288 6289
f 6508 6507 6289 6290
f 6508 6290 6291 6501
f 6291 6292 6509 6501
f 6510 6509 6292 6293
f 6511 6510 6293 6294
f 6512 6511 6294 6295
f 6513 6512 6295 6296
f 6514 6513 6296 6297
f 6515 6514 6297 6298
f 6516 6515 6298 6299
f 6517 6516 6299 6300
f 6518 6517 6300 6301
f 6519 6518 6301 6302
f 6520 6519 6302 6303
f 6521 6520 6303 6304
f 6522 6521 6304 6305
f 6523 6522 6305 6306
f 6524 6523 6306 6307
f 6525 6524 6307 6308
f 6526 6525 6308 6309
f 6527 6526 6309 6310
f 6528 6527 6310 6311
f 6312 6533 6528 6311
f 6530 6529 6313 6314
f 6531 6530 6314 6315
f 6532 6531 6315 6283
f 6316 6534 6533 6312
f 6535 6534 6316 6317
f 6536 6535 6317 6318
f 6538 6537 6319 6320
f 6538 6320 6313 6529
f 6321 6539 6536 6318
f 6540 6539 6321 6322
f 6541 6540 6322 6323
f 6543 6542 6324 6325
f 6543 6325 6319 6537
f 6326 6544 6541 6323
f 6545 6544 6326 6327
f 6546 6550 6328 6329
f 6546 6329 6324 6542
f 6330 6547 6545 6327
f 6330 6332 6548 6547
f 6550 6549 6331 6328
f 6332 6333 6551 6548
f 6552 6334 6331 6549
f 6335 6553 6551 6333
f 6554 6336 6334 6552
f 6553 6335 6337 6555
f 6338 6336 6554 6556
f 6337 6339 6557 6555
f 6340 6338 6556 6558
f 6341 6559 6557 6339
f 6558 6560 6342 6343
f 6343 6340 6558
f 6344 6561 6559 6341
f 6342 6560 6562 6345
f 6346 6563 6561 6344
f 6564 6347 6345 6562
f 6348 6565 6563 6346
f 6566 6349 6347 6564
f 6565 6348 6350 6567
f 6568 6351 6349 6566
f 6352 6569 6567 6350
f 6353 6351 6568 6570
f 6569 6352 6354 6571
f 6355 6353 6570 6572
f 6354 6356 6573 6571
f 6574 6357 6355 6572
f 6358 6575 6573 6356
f 6357 6574 6576 6359
f 6577 6575 6358 6360
f 6578 6582 6361 6362
f 6579 6578 6362 6359
f 6579 6359 6576
f 6580 6577 6360
f 6363 6581 6580 6360
f 6364 6583 6581 6363
f 6361 6582 6584 6365
f 6366 6585 6583 6364
f 6365 6584 6367
f 6585 6366 6368
f 6367 6584 6586 6369
f 6587 6585 6368 6370
f 6369 6586 6588 6371
f 6589 6587 6370 6372
f 6588 6590 6373 6371
f 6589 6372 6374 6591
f 6590 6592 6375 6373
f 6376 6593 6591 6374
f 6375 6592 6594 6377
f 6378 6595 6593 6376
f 6377 6594 6596 6379
f 6595 6378 6380 6597
f 6379 6596 6598 6381
f 6597 6380 6382 6599
f 6381 6598 6600 6383
f 6599 6382 6384 6601
f 6383 6600 6602 6385
f 6601 6384 6386 6603
f 6387 6385 6602 6604
f 6603 6386 6388 6605
f 6389 6387 6604 6606
f 6388 6390 6607 6605
f 6391 6389 6606 6608
f 6390 6392 6609 6607
f 6610 6393 6391 6608
f 6392 6394 6611 6609
f 6393 6610 6612 6395
f 6611 6394 6396 6613
f 6395 6612 6614 6397
f 6613 6396 6398 6615
f 6397 6614 6616 6399
f 6615 6398 6400 6617
f 6399 6616 6618 6401
f 6617 6400 6402 6619
f 6401 6618 6620 6403
f 6619 6402 6404 6621
f 6403 6620 6622 6405
f 6406 6623 6621 6404
f 6405 6622 6624 6407
f 6412 6625 6623 6406
f 6408 6407 6624 6626
f 6409 6408 6626 6627
f 6413 6409 6627 6628
f 6410 6418 6629 6630
f 6411 6410 6630 6631
f 6625 6412 6411 6631
f 6414 6413 6628 6632
f 6415 6414 6632 6633
f 6419 6415 6633 6634
f 6416 6422 6635 6636
f 6417 6416 6636 6637
f 6629 6418 6417 6637
f 6420 6419 6634 6638
f 6423 6420 6638 6639
f 6421 6426 6640 6641
f 6635 6422 6421 6641
f 6424 6423 6639 6642
f 6427 6424 6642 6643
f 6425 6429 6644 6645
f 6640 6426 6425 6645
f 6427 6643 6646 6430
f 6428 6432 6648 6649
f 6644 6429 6428 6649
f 6646 6647 6431 6430
f 6431 6647 6650 6433
f 6436 6651 6648 6432
f 6434 6433 6650 6652
f 6437 6434 6652 6653
f 6435 6438 6654 6655
f 6651 6436 6435 6655
f 6437 6653 6656 6439
f 6440 6659 6654 6438
f 6439 6656 6657 6441
f 6441 6657 6660 6442
f 6661 6658 6444 6443
f 6658 6659 6440 6444
f 6442 6660 6662 6445
f 6446 6663 6661 6443
f 6445 6662 6664 6447
f 6448 6665 6663 6446
f 6447 6664 6666 6449
f 6452 6667 6665 6448
f 6450 6449 6666 6668
f 6453 6450 6668
f 6451 6454 6669
f 6667 6452 6451 6669
f 6670 6455 6453 6668
f 6454 6456 6671 6669
f 6455 6670 6672 6457
f 6458 6673 6671 6456
f 6457 6672 6674 6459
f 6673 6458 6460 6675
f 6676 6461 6459 6674
f 6460 6462 6677 6675
f 6678 6463 6461 6676
f 6462 6464 6679 6677
f 6463 6678 6680 6465
f 6679 6464 6466 6681
f 6465 6680 6682 6467
f 6681 6466 6468 6683
f 6467 6682 6684 6469
f 6683 6468 6470 6685
f 6471 6469 6684 6686
f 6685 6470 6472 6687
f 6473 6471 6686 6688
f 6472 6474 6689 6687
f 6475 6473 6688 6690
f 6474 6476 6691 6689
f 6692 6477 6475 6690
f 6476 6478 6693 6691
f 6477 6692 6694 6479
f 6693 6478 6480 6695
f 6696 6479 6694
f 6480 6697 6695
f 6481 6696 6917 6698
f 6482 6701 6920 6697
f 6483 6698 6699
f 6484 6483 6699 6702
f 6488 6484 6702 6703
f 6485 6500 6711 6712
f 6486 6485 6712 6713
f 6700 6487 6486 6713
f 6701 6487 6700
f 6703 6704 6489 6488
f 6704 6705 6490 6489
f 6705 6706 6491 6490
f 6706 6707 6492 6491
f 6493 6492 6707 6714
f 6494 6493 6714 6715
f 6495 6494 6715 6716
f 6496 6495 6716 6717
f 6708 6497 6496 6717
f 6708 6709 6498 6497
f 6709 6710 6499 6498
f 6710 6711 6500 6499
f 6719 6747 6503 6504
f 6720 6719 6504 6505
f 6721 6720 6505 6506
f 6722 6721 6506 6507
f 6723 6722 6507 6508
f 6723 6508 6501 6718
f 6509 6724 6718 6501
f 6725 6724 6509 6510
f 6726 6725 6510 6511
f 6727 6726 6511 6512
f 6728 6727 6512 6513
f 6729 6728 6513 6514
f 6730 6729 6514 6515
f 6731 6730 6515 6516
f 6732 6731 6516 6517
f 6733 6732 6517 6518
f 6734 6733 6518 6519
f 6735 6734 6519 6520
f 6736 6735 6520 6521
f 6737 6736 6521 6522
f 6738 6737 6522 6523
f 6739 6738 6523 6524
f 6740 6739 6524 6525
f 6741 6740 6525 6526
f 6527 6748 6741 6526
f 6743 6742 6529 6530
f 6744 6743 6530 6531
f 6745 6744 6531 6532
f 6746 6745 6532 6502
f 6747 6746 6502 6503
f 6749 6748 6527 6528
f 6533 6750 6749 6528
f 6751 6750 6533 6534
f 6752 6751 6534 6535
f 6753 6752 6535 6536
f 6755 6754 6537 6538
f 6755 6538 6529 6742
f 6539 6756 6753 6536
f 6757 6756 6539 6540
f 6541 6760 6757 6540
f 6759 6758 6542 6543
f 6759 6543 6537 6754
f 6544 6761 6760 6541
f 6762 6761 6544 6545
f 6763 6546 6542 6758
f 6547 6764 6762 6545
f 6548 6766 6764 6547
f 6765 6769 6549 6550
f 6765 6550 6546 6763
f 6551 6767 6766 6548
f 6769 6768 6552 6549
f 6553 6770 6767 6551
f 6771 6554 6552 6768
f 6555 6772 6770 6553
f 6773 6556 6554 6771
f 6772 6555 6557 6774
f 6556 6773 6775 6558
f 6557 6559 6776 6774
f 6558 6775 6777 6560
f 6561 6778 6776 6559
f 6779 6562 6560 6777
f 6563 6780 6778 6561
f 6781 6564 6562 6779
f 6565 6782 6780 6563
f 6783 6566 6564 6781
f 6782 6565 6567 6784
f 6785 6568 6566 6783
f 6569 6786 6784 6567
f 6787 6570 6568 6785
f 6571 6788 6786 6569
f 6570 6787 6789 6572
f 6788 6571 6573 6790
f 6791 6574 6572 6789
f 6575 6792 6790 6573
f 6574 6791 6793 6576
f 6792 6575 6577 6794
f 6795 6798 6578 6579
f 6795 6579 6576 6793
f 6580 6796 6794 6577
f 6581 6799 6796 6580
f 6798 6797 6582 6578
f 6583 6800 6799 6581
f 6582 6797 6801 6584
f 6802 6800 6583 6585
f 6584 6801 6803 6586
f 6804 6802 6585 6587
f 6586 6803 6805 6588
f 6806 6804 6587 6589
f 6805 6807 6590 6588
f 6808 6806 6589 6591
f 6807 6809 6592 6590
f 6810 6808 6591 6593
f 6809 6811 6594 6592
f 6595 6812 6810 6593
f 6594 6811 6813 6596
f 6812 6595 6597 6814
f 6596 6813 6815 6598
f 6814 6597 6599 6816
f 6598 6815 6817 6600
f 6816 6599 6601 6818
f 6602 6600 6817 6819
f 6818 6601 6603 6820
f 6604 6602 6819 6821
f 6603 6605 6822 6820
f 6604 6821 6823 6606
f 6822 6605 6607 6824
f 6606 6823 6825 6608
f 6824 6607 6609 6826
f 6827 6610 6608 6825
f 6609 6611 6828 6826
f 6829 6612 6610 6827
f 6611 6613 6830 6828
f 6612 6829 6831 6614
f 6830 6613 6615 6832
f 6614 6831 6833 6616
f 6832 6615 6617 6834
f 6616 6833 6835 6618
f 6834 6617 6619 6836
f 6618 6835 6837 6620
f 6836 6619 6621 6838
f 6620 6837 6839 6622
f 6623 6840 6838 6621
f 6841 6624 6622 6839
f 6623 6625 6844 6840
f 6624 6841 6842
f 6624 6842 6845 6626
f 6631 6848 6843 6625
f 6844 6625 6843
f 6845 6846 6627 6626
f 6628 6627 6846 6849
f 6632 6628 6849 6850
f 6629 6637 6853 6854
f 6847 6630 6629 6854
f 6847 6848 6631 6630
f 6850 6851 6633 6632
f 6634 6633 6851 6855
f 6638 6634 6855 6856
f 6635 6641 6857 6858
f 6852 6636 6635 6858
f 6852 6853 6637 6636
f 6639 6638 6856 6859
f 6642 6639 6859 6860
f 6640 6645 6861 6862
f 6857 6641 6640 6862
f 6643 6642 6860 6863
f 6646 6643 6863 6864
f 6644 6649 6865 6866
f 6861 6645 6644 6866
f 6647 6646 6864 6867
f 6650 6647 6867 6868
f 6648 6651 6869 6870
f 6865 6649 6648 6870
f 6650 6868 6871 6652
f 6655 6874 6869 6651
f 6871 6872 6653 6652
f 6653 6872 6875 6656
f 6659 6878 6873 6654
f 6873 6874 6655 6654
f 6875 6876 6657 6656
f 6657 6876 6879 6660
f 6661 6880 6877 6658
f 6877 6878 6659 6658
f 6660 6879 6881 6662
f 6663 6882 6880 6661
f 6662 6881 6883 6664
f 6665 6884 6882 6663
f 6664 6883 6885 6666
f 6667 6886 6884 6665
f 6666 6885 6887 6668
f 6669 6888 6886 6667
f 6668 6887 6889 6670
f 6671 6890 6888 6669
f 6670 6889 6891 6672
f 6673 6892 6890 6671
f 6672 6891 6893 6674
f 6892 6673 6675 6894
f 6674 6893 6895 6676
f 6894 6675 6677 6896
f 6897 6678 6676 6895
f 6677 6679 6898 6896
f 6680 6678 6897 6899
f 6679 6681 6900 6898
f 6682 6680 6899 6901
f 6681 6683 6902 6900
f 6684 6682 6901 6903
f 6683 6685 6904 6902
f 6686 6684 6903 6905
f 6685 6687 6906 6904
f 6686 6905 6907 6688
f 6906 6687 6689 6908
f 6688 6907 6909 6690
f 6908 6689 6691 6910
f 6911 6692 6690 6909
f 6691 6693 6912 6910
f 6694 6692 6911 6913
f 6693 6695 6914 6912
f 6915 6696 6694 6913
f 6695 6697 6916 6914
f 6917 6696 6915
f 6697 6920 6916
f 6698 6917 6918
f 6699 6698 6918 6921
f 6702 6699 6921 6922
f 6700 6713 6927 6928
f 6919 6701 6700 6928
f 6920 6701 6919
f 6922 6923 6703 6702
f 6923 6924 6704 6703
f 6705 6704 6924 6929
f 6706 6705 6929 6930
f 6707 6706 6930 6931
f 6714 6707 6931 6932
f 6708 6717 6935 6936
f 6709 6708 6936 6937
f 6710 6709 6937 6938
f 6925 6711 6710 6938
f 6925 6926 6712 6711
f 6926 6927 6713 6712
f 6932 6933 6715 6714
f 6933 6934 6716 6715
f 6934 6935 6717 6716
f 6940 6939 6719 6720
f 6941 6940 6720 6721
f 6942 6941 6721 6722
f 6943 6942 6722 6723
f 6944 6943 6723 6718
f 6724 6945 6944 6718
f 6946 6945 6724 6725
f 6947 6946 6725 6726
f 6948 6947 6726 6727
f 6949 6948 6727 6728
f 6950 6949 6728 6729
f 6951 6950 6729 6730
f 6952 6951 6730 6731
f 6953 6952 6731 6732
f 6954 6953 6732 6733
f 6955 6954 6733 6734
f 6956 6955 6734 6735
f 6957 6956 6735 6736
f 6958 6957 6736 6737
f 6959 6958 6737 6738
f 6960 6959 6738 6739
f 6961 6960 6739 6740
f 6962 6961 6740 6741
f 6964 6963 6742 6743
f 6965 6964 6743 6744
f 6966 6965 6744 6745
f 6967 6966 6745 6746
f 6968 6967 6746 6747
f 6968 6747 6719 6939
f 6748 6969 6962 6741
f 6970 6969 6748 6749
f 6971 6970 6749 6750
f 6972 6971 6750 6751
f 6973 6972 6751 6752
f 6974 6973 6752 6753
f 6976 6975 6754 6755
f 6976 6755 6742 6963
f 6756 6977 6974 6753
f 6978 6977 6756 6757
f 6980 6979 6758 6759
f 6980 6759 6754 6975
f 6760 6981 6978 6757
f 6982 6981 6760 6761
f 6983 6982 6761 6762
f 6984 6763 6758 6979
f 6764 6985 6983 6762
f 6986 6765 6763 6984
f 6766 6987 6985 6764
f 6988 6987 6766 6767
f 6989 6991 6768 6769
f 6989 6769 6765 6986
f 6770 6990 6988 6767
f 6768 6991 6993 6771
f 6772 6992 6990 6770
f 6771 6993 6995 6773
f 6774 6994 6992 6772
f 6773 6995 6775
f 6994 6774 6776 6996
f 6997 6777 6775 6995
f 6778 6998 6996 6776
f 6999 6779 6777 6997
f 6780 7000 6998 6778
f 7001 6781 6779 6999
f 6782 7002 7000 6780
f 7003 6783 6781 7001
f 7002 6782 6784 7004
f 7005 6785 6783 7003
f 6786 7006 7004 6784
f 7007 6787 6785 7005
f 6788 7008 7006 6786
f 6787 7007 7009 6789
f 7008 6788 6790 7010
f 7011 6791 6789 7009
f 6792 7012 7010 6790
f 6791 7011 7013 6793
f 7012 6792 6794 7014
f 7015 6795 6793 7013
f 6796 7016 7014 6794
f 7017 6797 6798
f 7017 6798 6795 7015
f 6799 7018 7016 6796
f 6800 7018 6799
f 6801 6797 7017 7019
f 7020 7018 6800 6802
f 6801 7019 7021 6803
f 7022 7020 6802 6804
f 6805 6803 7021 7023
f 7024 7022 6804 6806
f 6807 6805 7023 7025
f 7026 7024 6806 6808
f 7025 7027 6809 6807
f 6810 7028 7026 6808
f 6809 7027 7029 6811
f 7028 6810 6812 7030
f 6811 7029 7031 6813
f 7030 6812 6814 7032
f 6813 7031 7033 6815
f 7032 6814 6816 7034
f 6817 6815 7033 7035
f 7034 6816 6818 7036
f 6819 6817 7035 7037
f 6818 6820 7038 7036
f 6819 7037 7039 6821
f 7038 6820 6822 7040
f 6821 7039 7041 6823
f 7040 6822 6824 7042
f 6823 7041 7043 6825
f 7042 6824 6826 7044
f 6825 7043 7045 6827
f 7044 6826 6828 7046
f 7047 6829 6827 7045
f 6828 6830 7048 7046
f 7049 6831 6829 7047
f 6830 6832 7050 7048
f 6831 7049 7051 6833
f 7050 6832 6834 7052
f 6833 7051 7053 6835
f 7052 6834 6836 7054
f 6835 7053 7055 6837
f 7054 6836 6838 7056
f 7057 6839 6837 7055
f 6838 6840 7058 7056
f 7059 6841 6839 7057
f 6840 6844 7062 7058
f 7059 7060 6842 6841
f 6842 7060 7063 6845
f 6848 7066 7061 6843
f 7061 7062 6844 6843
f 7063 7064 6846 6845
f 6846 7064 7067 6849
f 6854 7070 7065 6847
f 7065 7066 6848 6847
f 7067 7068 6850 6849
f 6851 6850 7068 7071
f 6855 6851 7071 7072
f 6852 6858 7073 7074
f 7069 6853 6852 7074
f 7069 7070 6854 6853
f 6856 6855 7072 7075
f 6859 6856 7075 7076
f 6857 6862 7077 7078
f 7073 6858 6857 7078
f 6860 6859 7076 7079
f 6863 6860 7079 7080
f 6861 6866 7081 7082
f 7077 6862 6861 7082
f 6864 6863 7080 7083
f 6867 6864 7083 7084
f 6865 6870 7085 7086
f 7081 6866 6865 7086
f 6868 6867 7084 7087
f 6871 6868 7087 7088
f 6869 6874 7089 7090
f 7085 6870 6869 7090
f 6872 6871 7088 7091
f 6875 6872 7091 7092
f 6873 6878 7093 7094
f 7089 6874 6873 7094
f 6876 6875 7092 7095
f 6879 6876 7095 7096
f 6877 6880 7097 7098
f 7093 6878 6877 7098
f 6879 7096 7099 6881
f 6882 7100 7097 6880
f 6881 7099 7101 6883
f 6884 7102 7100 6882
f 6883 7101 7103 6885
f 6886 7104 7102 6884
f 6885 7103 7105 6887
f 6888 7106 7104 6886
f 6887 7105 7107 6889
f 6890 7108 7106 6888
f 7109 6891 6889 7107
f 6890 6892 7110 7108
f 7111 6893 6891 7109
f 6892 6894 7112 7110
f 6893 7111 7113 6895
f 7112 6894 6896 7114
f 6895 7113 7115 6897
f 7114 6896 6898 7116
f 6897 7115 7117 6899
f 7116 6898 6900 7118
f 6899 7117 7119 6901
f 7118 6900 6902 7120
f 6901 7119 7121 6903
f 7120 6902 6904 7122
f 6903 7121 7123 6905
f 7122 6904 6906 7124
f 6905 7123 7125 6907
f 7124 6906 6908 7126
f 6907 7125 7127 6909
f 7126 6908 6910 7128
f 6909 7127 7129 6911
f 7128 6910 6912 7130
f 6911 7129 7131 6913
f 7130 6912 6914 7132
f 7133 6915 6913 7131
f 6914 6916 7134 7132
f 7135 6917 6915 7133
f 6916 6920 7136 7134
f 6918 6917 7135 7137
f 6921 6918 7137 7138
f 6919 6928 7143 7144
f 7136 6920 6919 7144
f 7138 7139 6922 6921
f 7139 7140 6923 6922
f 6924 6923 7140 7145
f 6929 6924 7145 7146
f 6925 6938 7155 7156
f 7141 6926 6925 7156
f 7141 7142 6927 6926
f 7142 7143 6928 6927
f 7146 7147 6930 6929
f 7147 7148 6931 6930
f 7148 7149 6932 6931
f 7149 7150 6933 6932
f 7150 7151 6934 6933
f 7151 7152 6935 6934
f 7152 7153 6936 6935
f 7153 7154 6937 6936
f 7154 7155 6938 6937
f 7158 7157 6939 6940
f 7159 7158 6940 6941
f 7160 7159 6941 6942
f 7161 7160 6942 6943
f 7162 7161 6943 6944
f 7163 7162 6944 6945
f 7164 7163 6945 6946
f 7165 7164 6946 6947
f 7166 7165 6947 6948
f 7167 7166 6948 6949
f 7168 7167 6949 6950
f 7169 7168 6950 6951
f 7170 7169 6951 6952
f 7171 7170 6952 6953
f 7172 7171 6953 6954
f 7173 7172 6954 6955
f 7174 7173 6955 6956
f 7175 7174 6956 6957
f 7176 7175 6957 6958
f 7177 7176 6958 6959
f 7178 7177 6959 6960
f 7179 7178 6960 6961
f 7180 7179 6961 6962
f 7182 7181 6963 6964
f 7183 7182 6964 6965
f 7184 7183 6965 6966
f 7185 7184 6966 6967
f 7186 7185 6967 6968
f 7186 6968 6939 7157
f 6969 7187 7180 6962
f 7188 7187 6969 6970
f 7189 7188 6970 6971
f 7190 7189 6971 6972
f 7191 7190 6972 6973
f 7192 7191 6973 6974
f 7194 7193 6975 6976
f 7194 6976 6963 7181
f 6977 7195 7192 6974
f 7196 7195 6977 6978
f 7198 7197 6979 6980
f 7198 6980 6975 7193
f 6981 7199 7196 6978
f 7200 7199 6981 6982
f 7201 7200 6982 6983
f 7202 6984 6979 7197
f 6985 7203 7201 6983
f 7204 6986 6984 7202
f 6987 7205 7203 6985
f 7206 7205 6987 6988
f 7207 6989 6986 7204
f 6990 7208 7206 6988
f 7209 6991 6989 7207
f 6992 7210 7208 6990
f 7211 6993 6991 7209
f 6994 7212 7210 6992
f 7213 6995 6993 7211
f 7212 6994 6996 7214
f 7215 6997 6995 7213
f 6998 7216 7214 6996
f 7217 6999 6997 7215
f 7000 7218 7216 6998
f 7219 7001 6999 7217
f 7002 7220 7218 7000
f 7221 7003 7001 7219
f 7220 7002 7004 7222
f 7223 7005 7003 7221
f 7006 7224 7222 7004
f 7225 7007 7005 7223
f 7008 7226 7224 7006
f 7007 7225 7227 7009
f 7226 7008 7010 7228
f 7229 7011 7009 7227
f 7012 7230 7228 7010
f 7011 7229 7231 7013
f 7230 7012 7014 7232
f 7233 7015 7013 7231
f 7016 7234 7232 7014
f 7015 7233 7235 7017
f 7236 7234 7016 7018
f 7017 7235 7237 7019
f 7238 7236 7018 7020
f 7019 7237 7239 7021
f 7240 7238 7020 7022
f 7023 7021 7239 7241
f 7242 7240 7022 7024
f 7023 7241 7243 7025
f 7244 7242 7024 7026
f 7025 7243 7245 7027
f 7244 7026 7028 7246
f 7027 7245 7247 7029
f 7246 7028 7030 7248
f 7029 7247 7249 7031
f 7248 7030 7032 7250
f 7031 7249 7251 7033
f 7250 7032 7034 7252
f 7253 7035 7033 7251
f 7036 7254 7252 7034
f 7035 7253 7255 7037
f 7254 7036 7038 7256
f 7037 7255 7257 7039
f 7256 7038 7040 7258
f 7039 7257 7259 7041
f 7258 7040 7042 7260
f 7041 7259 7261 7043
f 7260 7042 7044 7262
f 7043 7261 7263 7045
f 7262 7044 7046 7264
f 7045 7263 7265 7047
f 7264 7046 7048 7266
f 7267 7049 7047 7265
f 7048 7050 7268 7266
f 7269 7051 7049 7267
f 7050 7052 7270 7268
f 7051 7269 7271 7053
f 7270 7052 7054 7272
f 7053 7271 7273 7055
f 7272 7054 7056 7274
f 7055 7273 7275 7057
f 7274 7056 7058 7276
f 7057 7275 7277 7059
f 7062 7278 7276 7058
f 7060 7059 7277 7279
f 7063 7060 7279 7280
f 7061 7066 7281 7282
f 7278 7062 7061 7282
f 7064 7063 7280 7283
f 7067 7064 7283 7284
f 7065 7070 7287 7288
f 7281 7066 7065 7288
f 7284 7285 7068 7067
f 7068 7285 7289 7071
f 7074 7292 7286 7069
f 7286 7287 7070 7069
f 7289 7290 7072 7071
f 7072 7290 7293 7075
f 7078 7294 7291 7073
f 7291 7292 7074 7073
f 7076 7075 7293 7295
f 7079 7076 7295 7296
f 7077 7082 7297 7298
f 7294 7078 7077 7298
f 7080 7079 7296 7299
f 7083 7080 7299 7300
f 7081 7086 7301 7302
f 7297 7082 7081 7302
f 7084 7083 7300 7303
f 7087 7084 7303 7304
f 7085 7090 7305 7306
f 7301 7086 7085 7306
f 7088 7087 7304 7307
f 7091 7088 7307 7308
f 7089 7094 7311 7312
f 7305 7090 7089 7312
f 7308 7309 7092 7091
f 7092 7309 7313 7095
f 7098 7314 7310 7093
f 7310 7311 7094 7093
f 7096 7095 7313 7315
f 7099 7096 7315 7316
f 7097 7100 7317 7318
f 7314 7098 7097 7318
f 7099 7316 7319 7101
f 7102 7320 7317 7100
f 7101 7319 7321 7103
f 7104 7322 7320 7102
f 7103 7321 7323 7105
f 7106 7324 7322 7104
f 7325 7107 7105 7323
f 7106 7108 7326 7324
f 7327 7109 7107 7325
f 7108 7110 7328 7326
f 7329 7111 7109 7327
f 7110 7112 7330 7328
f 7331 7113 7111 7329
f 7112 7114 7332 7330
f 7113 7331 7333 7115
f 7332 7114 7116 7334
f 7115 7333 7335 7117
f 7334 7116 7118 7336
f 7117 7335 7337 7119
f 7336 7118 7120 7338
f 7119 7337 7339 7121
f 7338 7120 7122 7340
f 7121 7339 7341 7123
f 7340 7122 7124 7342
f 7123 7341 7343 7125
f 7342 7124 7126 7344
f 7125 7343 7345 7127
f 7344 7126 7128 7346
f 7129 7127 7345 7347
f 7346 7128 7130 7348
f 7131 7129 7347 7349
f 7130 7132 7350 7348
f 7351 7133 7131 7349
f 7132 7134 7352 7350
f 7353 7135 7133 7351
f 7134 7136 7354 7352
f 7135 7353 7355 7137
f 7136 7144 7360 7354
f 7137 7355 7356
f 7356 7357 7138 7137
f 7139 7138 7357 7361
f 7140 7139 7361 7362
f 7145 7140 7362 7363
f 7141 7156 7374 7375
f 7142 7141 7375 7376
f 7358 7143 7142 7376
f 7358 7359 7144 7143
f 7360 7144 7359
f 7363 7364 7146 7145
f 7364 7365 7147 7146
f 7365 7366 7148 7147
f 7366 7367 7149 7148
f 7367 7368 7150 7149
f 7368 7369 7151 7150
f 7369 7370 7152 7151
f 7370 7371 7153 7152
f 7371 7372 7154 7153
f 7372 7373 7155 7154
f 7373 7374 7156 7155
f 7381 7186 7157 7382
f 7383 7382 7157 7158
f 7384 7383 7158 7159
f 7385 7384 7159 7160
f 7386 7385 7160 7161
f 7387 7386 7161 7162
f 7388 7387 7162 7163
f 7389 7388 7163 7164
f 7390 7389 7164 7165
f 7391 7390 7165 7166
f 7392 7391 7166 7167
f 7393 7392 7167 7168
f 7394 7393 7168 7169
f 7395 7394 7169 7170
f 7396 7395 7170 7171
f 7397 7396 7171 7172
f 7398 7397 7172 7173
f 7399 7398 7173 7174
f 7400 7399 7174 7175
f 7401 7400 7175 7176
f 7402 7401 7176 7177
f 7403 7402 7177 7178
f 7404 7403 7178 7179
f 7405 7404 7179 7180
f 7180 7187 7406 7405
f 7411 7181 7182 7377
f 7182 7183 7378 7377
f 7183 7184 7379 7378
f 7184 7185 7380 7379
f 7185 7186 7381 7380
f 7187 7188 7407 7406
f 7188 7189 7408 7407
f 7189 7190 7409 7408
f 7190 7191 7410 7409
f 7191 7192 7412 7410
f 7414 7413 7193 7194
f 7414 7194 7181 7411
f 7195 7415 7412 7192
f 7416 7415 7195 7196
f 7417 7421 7197 7198
f 7417 7198 7193 7413
f 7199 7418 7416 7196
f 7419 7418 7199 7200
f 7201 7422 7419 7200
f 7421 7420 7202 7197
f 7203 7423 7422 7201
f 7424 7204 7202 7420
f 7205 7425 7423 7203
f 7206 7427 7425 7205
f 7426 7207 7204 7424
f 7208 7428 7427 7206
f 7429 7209 7207 7426
f 7210 7430 7428 7208
f 7431 7211 7209 7429
f 7212 7432 7430 7210
f 7433 7213 7211 7431
f 7432 7212 7214 7434
f 7435 7215 7213 7433
f 7216 7436 7434 7214
f 7437 7217 7215 7435
f 7218 7438 7436 7216
f 7439 7219 7217 7437
f 7220 7440 7438 7218
f 7441 7221 7219 7439
f 7440 7220 7222 7442
f 7443 7223 7221 7441
f 7224 7444 7442 7222
f 7223 7443 7445 7225
f 7226 7446 7444 7224
f 7225 7445 7447 7227
f 7446 7226 7228 7448
f 7449 7229 7227 7447
f 7230 7450 7448 7228
f 7229 7449 7451 7231
f 7450 7230 7232 7452
f 7453 7233 7231 7451
f 7234 7454 7452 7232
f 7233 7453 7455 7235
f 7454 7234 7236 7456
f 7457 7237 7235 7455
f 7238 7458 7456 7236
f 7237 7457 7459 7239
f 7458 7238 7240 7460
f 7239 7459 7461 7241
f 7460 7240 7242 7462
f 7241 7461 7463 7243
f 7464 7462 7242 7244
f 7243 7463 7465 7245
f 7466 7464 7244 7246
f 7245 7465 7467 7247
f 7466 7246 7248 7468
f 7247 7467 7469 7249
f 7468 7248 7250 7470
f 7249 7469 7471 7251
f 7470 7250 7252 7472
f 7473 7253 7251 7471
f 7254 7474 7472 7252
f 7253 7473 7475 7255
f 7474 7254 7256 7476
f 7255 7475 7477 7257
f 7476 7256 7258 7478
f 7257 7477 7479 7259
f 7478 7258 7260 7480
f 7259 7479 7481 7261
f 7480 7260 7262 7482
f 7261 7481 7483 7263
f 7482 7262 7264 7484
f 7263 7483 7485 7265
f 7484 7264 7266 7486
f 7265 7485 7487 7267
f 7486 7266 7268 7488
f 7489 7269 7267 7487
f 7268 7270 7490 7488
f 7491 7271 7269 7489
f 7270 7272 7492 7490
f 7271 7491 7493 7273
f 7492 7272 7274 7494
f 7273 7493 7495 7275
f 7494 7274 7276 7496
f 7275 7495 7497 7277
f 7278 7498 7496 7276
f 7277 7497 7499 7279
f 7282 7502 7498 7278
f 7499 7500 7280 7279
f 7280 7500 7503 7283
f 7288 7508 7501 7281
f 7501 7502 7282 7281
f 7503 7504 7284 7283
f 7504 7505 7285 7284
f 7285 7505 7509 7289
f 7292 7512 7506 7286
f 7506 7507 7287 7286
f 7507 7508 7288 7287
f 7509 7510 7290 7289
f 7290 7510 7513 7293
f 7294 7514 7511 7291
f 7511 7512 7292 7291
f 7293 7513 7515 7295
f 7298 7518 7514 7294
f 7515 7516 7296 7295
f 7296 7516 7519 7299
f 7302 7522 7517 7297
f 7517 7518 7298 7297
f 7519 7520 7300 7299
f 7300 7520 7523 7303
f 7306 7526 7521 7301
f 7521 7522 7302 7301
f 7523 7524 7304 7303
f 7304 7524 7527 7307
f 7312 7530 7525 7305
f 7525 7526 7306 7305
f 7527 7528 7308 7307
f 7309 7308 7528 7531
f 7313 7309 7531 7532
f 7310 7314 7536 7533
f 7529 7311 7310 7533
f 7529 7530 7312 7311
f 7313 7532 7534 7315
f 7314 7318 7535 7536
f 7316 7315 7534 7537
f 7319 7316 7537 7539
f 7317 7320 7540 7538
f 7535 7318 7317 7538
f 7321 7319 7539 7541
f 7320 7322 7542 7540
f 7323 7321 7541
f 7322 7324 7542
f 7543 7325 7323 7541
f 7324 7326 7544 7542
f 7325 7543 7545 7327
f 7328 7546 7544 7326
f 7327 7545 7547 7329
f 7546 7328 7330 7548
f 7549 7331 7329 7547
f 7330 7332 7550 7548
f 7551 7333 7331 7549
f 7332 7334 7552 7550
f 7333 7551 7553 7335
f 7552 7334 7336 7554
f 7335 7553 7555 7337
f 7554 7336 7338 7556
f 7337 7555 7557 7339
f 7556 7338 7340 7558
f 7339 7557 7559 7341
f 7558 7340 7342 7560
f 7343 7341 7559 7561
f 7560 7342 7344 7562
f 7345 7343 7561 7563
f 7344 7346 7564 7562
f 7347 7345 7563 7565
f 7346 7348 7566 7564
f 7347 7565 7567 7349
f 7566 7348 7350 7568
f 7569 7351 7349 7567
f 7350 7352 7570 7568
f 7571 7353 7351 7569
f 7352 7354 7572 7570
f 7353 7571 7573 7355
f 7360 7578 7572 7354
f 7573 7574 7356 7355
f 7574 7575 7357 7356
f 7357 7575 7579 7361
f 7376 7594 7576 7358
f 7576 7577 7359 7358
f 7577 7578 7360 7359
f 7579 7580 7362 7361
f 7580 7581 7363 7362
f 7581 7582 7364 7363
f 7582 7583 7365 7364
f 7583 7584 7366 7365
f 7584 7585 7367 7366
f 7585 7586 7368 7367
f 7586 7587 7369 7368
f 7587 7588 7370 7369
f 7588 7589 7371 7370
f 7589 7590 7372 7371
f 7590 7591 7373 7372
f 7591 7592 7374 7373
f 7592 7593 7375 7374
f 7593 7594 7376 7375
f 7597 7596 7377 7378
f 7597 7378 7379 7595
f 7379 7380 7598 7595
f 7599 7598 7380 7381
f 7600 7599 7381 7382
f 7601 7600 7382 7383
f 7602 7601 7383 7384
f 7603 7602 7384 7385
f 7604 7603 7385 7386
f 7605 7604 7386 7387
f 7606 7605 7387 7388
f 7607 7606 7388 7389
f 7608 7607 7389 7390
f 7609 7608 7390 7391
f 7610 7609 7391 7392
f 7611 7610 7392 7393
f 7612 7611 7393 7394
f 7613 7612 7394 7395
f 7614 7613 7395 7396
f 7615 7614 7396 7397
f 7616 7615 7397 7398
f 7617 7616 7398 7399
f 7618 7617 7399 7400
f 7619 7618 7400 7401
f 7620 7619 7401 7402
f 7621 7620 7402 7403
f 7622 7621 7403 7404
f 7623 7622 7404 7405
f 7624 7623 7405 7406
f 7625 7624 7406 7407
f 7626 7625 7407 7408
f 7627 7626 7408 7409
f 7628 7627 7409 7410
f 7410 7412 7629 7628
f 7630 7411 7377 7596
f 7412 7415 7631 7629
f 7632 7635 7413 7414
f 7632 7414 7411 7630
f 7415 7416 7633 7631
f 7635 7634 7417 7413
f 7418 7636 7633 7416
f 7637 7636 7418 7419
f 7639 7638 7420 7421
f 7639 7421 7417 7634
f 7422 7640 7637 7419
f 7641 7640 7422 7423
f 7642 7424 7420 7638
f 7425 7643 7641 7423
f 7644 7426 7424 7642
f 7427 7645 7643 7425
f 7646 7645 7427 7428
f 7647 7429 7426 7644
f 7648 7646 7428 7430
f 7649 7431 7429 7647
f 7650 7648 7430 7432
f 7651 7433 7431 7649
f 7652 7650 7432 7434
f 7653 7435 7433 7651
f 7436 7654 7652 7434
f 7655 7437 7435 7653
f 7438 7656 7654 7436
f 7657 7439 7437 7655
f 7440 7658 7656 7438
f 7659 7441 7439 7657
f 7658 7440 7442 7660
f 7661 7443 7441 7659
f 7444 7662 7660 7442
f 7443 7661 7663 7445
f 7446 7664 7662 7444
f 7665 7447 7445 7663
f 7664 7446 7448 7666
f 7667 7449 7447 7665
f 7450 7668 7666 7448
f 7449 7667 7669 7451
f 7668 7450 7452 7670
f 7671 7453 7451 7669
f 7454 7672 7670 7452
f 7453 7671 7673 7455
f 7672 7454 7456 7674
f 7455 7673 7675 7457
f 7676 7674 7456 7458
f 7457 7675 7677 7459
f 7678 7676 7458 7460
f 7459 7677 7679 7461
f 7678 7460 7462 7680
f 7461 7679 7681 7463
f 7680 7462 7464 7682
f 7683 7465 7463 7681
f 7466 7684 7682 7464
f 7465 7683 7685 7467
f 7684 7466 7468 7686
f 7467 7685 7687 7469
f 7686 7468 7470 7688
f 7469 7687 7689 7471
f 7688 7470 7472 7690
f 7691 7473 7471 7689
f 7474 7692 7690 7472
f 7473 7691 7693 7475
f 7692 7474 7476 7694
f 7475 7693 7695 7477
f 7694 7476 7478 7696
f 7477 7695 7697 7479
f 7696 7478 7480 7698
f 7479 7697 7699 7481
f 7698 7480 7482 7700
f 7481 7699 7701 7483
f 7700 7482 7484 7702
f 7483 7701 7703 7485
f 7702 7484 7486 7704
f 7485 7703 7705 7487
f 7704 7486 7488 7706
f 7487 7705 7707 7489
f 7706 7488 7490 7708
f 7489 7707 7709 7491
f 7492 7710 7708 7490
f 7491 7709 7711 7493
f 7710 7492 7494 7712
f 7493 7711 7713 7495
f 7712 7494 7496 7714
f 7495 7713 7715 7497
f 7498 7716 7714 7496
f 7497 7715 7717 7499
f 7502 7720 7716 7498
f 7717 7718 7500 7499
f 7500 7718 7721 7503
f 7508 7724 7719 7501
f 7719 7720 7502 7501
f 7721 7722 7504 7503
f 7505 7504 7722 7725
f 7509 7505 7725 7726
f 7506 7512 7728 7729
f 7723 7507 7506 7729
f 7723 7724 7508 7507
f 7510 7509 7726 7730
f 7513 7510 7730 7731
f 7514 7732 7727 7511
f 7727 7728 7512 7511
f 7513 7731 7733 7515
f 7518 7736 7732 7514
f 7733 7734 7516 7515
f 7516 7734 7737 7519
f 7522 7740 7735 7517
f 7735 7736 7518 7517
f 7737 7738 7520 7519
f 7520 7738 7741 7523
f 7526 7744 7739 7521
f 7739 7740 7522 7521
f 7741 7742 7524 7523
f 7524 7742 7745 7527
f 7530 7746 7743 7525
f 7743 7744 7526 7525
f 7528 7527 7745 7747
f 7531 7528 7747 7748
f 7529 7533 7749 7750
f 7746 7530 7529 7750
f 7532 7531 7748 7751
f 7534 7532 7751 7754
f 7536 7753 7749 7533
f 7537 7534 7754 7755
f 7538 7756 7752 7535
f 7752 7753 7536 7535
f 7537 7755 7757 7539
f 7540 7758 7756 7538
f 7539 7757 7759 7541
f 7542 7760 7758 7540
f 7541 7759 7761 7543
f 7544 7762 7760 7542
f 7543 7761 7763 7545
f 7546 7764 7762 7544
f 7545 7763 7765 7547
f 7764 7546 7548 7766
f 7547 7765 7767 7549
f 7766 7548 7550 7768
f 7769 7551 7549 7767
f 7550 7552 7770 7768
f 7553 7551 7769 7771
f 7552 7554 7772 7770
f 7555 7553 7771 7773
f 7554 7556 7774 7772
f 7557 7555 7773 7775
f 7774 7556 7558 7776
f 7559 7557 7775 7777
f 7558 7560 7778 7776
f 7561 7559 7777 7779
f 7560 7562 7780 7778
f 7561 7779 7781 7563
f 7780 7562 7564 7782
f 7563 7781 7783 7565
f 7782 7564 7566 7784
f 7565 7783 7785 7567
f 7784 7566 7568 7786
f 7567 7785 7787 7569
f 7786 7568 7570 7788
f 7569 7787 7789 7571
f 7572 7790 7788 7570
f 7571 7789 7791 7573
f 7578 7794 7790 7572
f 7791 7792 7574 7573
f 7575 7574 7792 7795
f 7579 7575 7795 7796
f 7576 7594 7811 7812
f 7793 7577 7576 7812
f 7793 7794 7578 7577
f 7796 7797 7580 7579
f 7797 7798 7581 7580
f 7798 7799 7582 7581
f 7799 7800 7583 7582
f 7800 7801 7584 7583
f 7801 7802 7585 7584
f 7802 7803 7586 7585
f 7803 7804 7587 7586
f 7804 7805 7588 7587
f 7805 7806 7589 7588
f 7806 7807 7590 7589
f 7807 7808 7591 7590
f 7808 7809 7592 7591
f 7809 7810 7593 7592
f 7810 7811 7594 7593
f 7813 7597 7595 7814
f 7595 7598 7815 7814
f 7818 7630 7596 7819
f 7819 7596 7597 7813
f 7598 7599 7820 7815
f 7821 7820 7599 7600
f 7822 7821 7600 7601
f 7823 7822 7601 7602
f 7824 7823 7602 7603
f 7825 7824 7603 7604
f 7826 7825 7604 7605
f 7827 7826 7605 7606
f 7828 7827 7606 7607
f 7829 7828 7607 7608
f 7830 7829 7608 7609
f 7831 7830 7609 7610
f 7832 7831 7610 7611
f 7833 7832 7611 7612
f 7834 7833 7612 7613
f 7835 7834 7613 7614
f 7836 7835 7614 7615
f 7837 7836 7615 7616
f 7838 7837 7616 7617
f 7839 7838 7617 7618
f 7840 7839 7618 7619
f 7841 7840 7619 7620
f 7842 7841 7620 7621
f 7843 7842 7621 7622
f 7844 7843 7622 7623
f 7845 7844 7623 7624
f 7846 7845 7624 7625
f 7846 7625 7626 7816
f 7626 7627 7817 7816
f 7627 7628 7847 7817
f 7848 7847 7628 7629
f 7630 7818 7849 7632
f 7631 7850 7848 7629
f 7632 7849 8072 7851
f 7852 7850 7631 7633
f 7854 7853 7634 7635
f 7854 7635 7632 7851
f 7855 7852 7633
f 7636 7856 7855 7633
f 7857 7856 7636 7637
f 7859 7858 7638 7639
f 7859 7639 7634 7853
f 7640 7860 7857 7637
f 7861 7860 7640 7641
f 7862 7642 7638 7858
f 7643 7863 7861 7641
f 7864 7644 7642 7862
f 7645 7865 7863 7643
f 7646 7867 7865 7645
f 7866 7647 7644 7864
f 7867 7646 7648
f 7868 7649 7647 7866
f 7650 7869 7867 7648
f 7870 7651 7649 7868
f 7652 7871 7869 7650
f 7872 7653 7651 7870
f 7654 7873 7871 7652
f 7874 7655 7653 7872
f 7656 7875 7873 7654
f 7876 7657 7655 7874
f 7877 7875 7656 7658
f 7878 7659 7657 7876
f 7879 7877 7658 7660
f 7659 7878 7880 7661
f 7662 7881 7879 7660
f 7661 7880 7882 7663
f 7883 7881 7662 7664
f 7884 7665 7663 7882
f 7885 7883 7664 7666
f 7665 7884 7886 7667
f 7887 7885 7666 7668
f 7667 7886 7888 7669
f 7889 7887 7668 7670
f 7669 7888 7890 7671
f 7891 7889 7670 7672
f 7671 7890 7892 7673
f 7893 7891 7672 7674
f 7673 7892 7894 7675
f 7893 7674 7676 7895
f 7896 7677 7675 7894
f 7678 7897 7895 7676
f 7677 7896 7898 7679
f 7897 7678 7680 7899
f 7679 7898 7900 7681
f 7899 7680 7682 7901
f 7902 7683 7681 7900
f 7684 7903 7901 7682
f 7683 7902 7904 7685
f 7903 7684 7686 7905
f 7685 7904 7906 7687
f 7905 7686 7688 7907
f 7687 7906 7908 7689
f 7907 7688 7690 7909
f 7910 7691 7689 7908
f 7692 7911 7909 7690
f 7691 7910 7912 7693
f 7911 7692 7694 7913
f 7693 7912 7914 7695
f 7913 7694 7696 7915
f 7695 7914 7916 7697
f 7915 7696 7698 7917
f 7697 7916 7918 7699
f 7917 7698 7700 7919
f 7699 7918 7920 7701
f 7919 7700 7702 7921
f 7701 7920 7922 7703
f 7921 7702 7704 7923
f 7703 7922 7924 7705
f 7923 7704 7706 7925
f 7705 7924 7926 7707
f 7925 7706 7708 7927
f 7707 7926 7928 7709
f 7710 7929 7927 7708
f 7709 7928 7930 7711
f 7929 7710 7712 7931
f 7711 7930 7932 7713
f 7931 7712 7714 7933
f 7713 7932 7934 7715
f 7716 7935 7933 7714
f 7715 7934 7936 7717
f 7720 7939 7935 7716
f 7936 7937 7718 7717
f 7718 7937 7940 7721
f 7724 7943 7938 7719
f 7938 7939 7720 7719
f 7940 7941 7722 7721
f 7722 7941 7944 7725
f 7729 7947 7942 7723
f 7942 7943 7724 7723
f 7944 7945 7726 7725
f 7726 7945 7948 7730
f 7727 7732 7950 7951
f 7946 7728 7727 7951
f 7946 7947 7729 7728
f 7948 7949 7731 7730
f 7731 7949 7952 7733
f 7736 7955 7950 7732
f 7952 7953 7734 7733
f 7734 7953 7956 7737
f 7740 7957 7954 7735
f 7954 7955 7736 7735
f 7738 7737 7956 7958
f 7741 7738 7958 7959
f 7739 7744 7960 7961
f 7957 7740 7739 7961
f 7742 7741 7959 7962
f 7745 7742 7962 7963
f 7743 7746 7964 7965
f 7960 7744 7743 7965
f 7745 7963 7966 7747
f 7750 7969 7964 7746
f 7966 7967 7748 7747
f 7748 7967 7970 7751
f 7753 7973 7968 7749
f 7968 7969 7750 7749
f 7751 7970 7971 7754
f 7754 7971 7974 7755
f 7756 7975 7972 7752
f 7972 7973 7753 7752
f 7755 7974 7976 7757
f 7758 7977 7975 7756
f 7757 7976 7978 7759
f 7760 7979 7977 7758
f 7759 7978 7980 7761
f 7762 7981 7979 7760
f 7761 7980 7982 7763
f 7764 7983 7981 7762
f 7763 7982 7984 7765
f 7983 7764 7766 7985
f 7765 7984 7986 7767
f 7985 7766 7768 7987
f 7767 7986 7988 7769
f 7987 7768 7770 7989
f 7769 7988 7990 7771
f 7989 7770 7772 7991
f 7771 7990 7992 7773
f 7772 7774 7993 7991
f 7773 7992 7994 7775
f 7774 7776 7995 7993
f 7775 7994 7996 7777
f 7995 7776 7778 7997
f 7777 7996 7998 7779
f 7997 7778 7780 7999
f 7779 7998 8000 7781
f 7999 7780 7782 8001
f 7781 8000 8002 7783
f 8001 7782 7784 8003
f 7783 8002 8004 7785
f 8003 7784 7786 8005
f 7785 8004 8006 7787
f 8005 7786 7788 8007
f 8008 7789 7787 8006
f 7788 7790 8009 8007
f 7789 8008 8010 7791
f 7790 7794 8013 8009
f 7791 8010 8011
f 7792 7791 8011 8014
f 7795 7792 8014 8015
f 7793 7812 8032 8033
f 8012 7794 7793 8033
f 8013 7794 8012
f 8015 8016 7796 7795
f 8016 8017 7797 7796
f 8017 8018 7798 7797
f 8018 8019 7799 7798
f 8019 8020 7800 7799
f 8020 8021 7801 7800
f 8021 8022 7802 7801
f 8022 8023 7803 7802
f 8023 8024 7804 7803
f 8024 8025 7805 7804
f 8025 8026 7806 7805
f 8026 8027 7807 7806
f 8027 8028 7808 7807
f 8028 8029 7809 7808
f 8029 8030 7810 7809
f 8030 8031 7811 7810
f 8031 8032 7812 7811
f 8034 8041 7813 7814
f 8035 8034 7814 7815
f 8036 7846 7816 8037
f 8038 8037 7816 7817
f 8040 8039 7818 7819
f 8041 8040 7819 7813
f 7820 8042 8035 7815
f 8043 8042 7820 7821
f 8044 8043 7821 7822
f 8045 8044 7822 7823
f 8046 8045 7823 7824
f 8047 8046 7824 7825
f 8048 8047 7825 7826
f 8049 8048 7826 7827
f 8050 8049 7827 7828
f 8051 8050 7828 7829
f 8052 8051 7829 7830
f 8053 8052 7830 7831
f 8054 8053 7831 7832
f 8055 8054 7832 7833
f 7834 8067 8055 7833
f 8056 8070 7837 7838
f 8057 8056 7838 7839
f 8058 8057 7839 7840
f 8059 8058 7840 7841
f 8060 8059 7841 7842
f 8061 8060 7842 7843
f 8062 8061 7843 7844
f 8063 8062 7844 7845
f 8063 7845 7846 8036
f 7847 8064 8038 7817
f 8065 8064 7847 7848
f 7818 8039 8066 7849
f 8068 8067 7834 7835
f 8069 8068 7835 7836
f 8070 8069 7836 7837
f 8071 8065 7848 7850
f 8072 7849 8066
f 8073 8071 7850 7852
f 8075 8074 7853 7854
f 8075 7854 7851 8072
f 7855 8076 8073 7852
f 8077 8076 7855 7856
f 7857 8080 8077 7856
f 8079 8078 7858 7859
f 8079 7859 7853 8074
f 7860 8081 8080 7857
f 7861 8083 8081 7860
f 8082 7862 7858 8078
f 7863 8084 8083 7861
f 8085 7864 7862 8082
f 7865 8086 8084 7863
f 8087 7866 7864 8085
f 7867 8088 8086 7865
f 8089 7868 7866 8087
f 7869 8090 8088 7867
f 8091 7870 7868 8089
f 7871 8092 8090 7869
f 8093 7872 7870 8091
f 8094 8092 7871 7873
f 8095 7874 7872 8093
f 8096 8094 7873 7875
f 8097 7876 7874 8095
f 8098 8096 7875 7877
f 7876 8097 8099 7878
f 7879 8100 8098 7877
f 7878 8099 8101 7880
f 7881 8102 8100 7879
f 8103 7882 7880 8101
f 8102 7881 7883 8104
f 8105 7884 7882 8103
f 7885 8106 8104 7883
f 7884 8105 8107 7886
f 8106 7885 7887 8108
f 8109 7888 7886 8107
f 7889 8110 8108 7887
f 7888 8109 8111 7890
f 8110 7889 7891 8112
f 8113 7892 7890 8111
f 7893 8114 8112 7891
f 7892 8113 8115 7894
f 8114 7893 7895 8116
f 8117 7896 7894 8115
f 7897 8118 8116 7895
f 7896 8117 8119 7898
f 8118 7897 7899 8120
f 7898 8119 8121 7900
f 8120 7899 7901 8122
f 7900 8121 8123 7902
f 8124 8122 7901 7903
f 7902 8123 8125 7904
f 8126 8124 7903 7905
f 7904 8125 8127 7906
f 8126 7905 7907 8128
f 7906 8127 8129 7908
f 8128 7907 7909 8130
f 8131 7910 7908 8129
f 7911 8132 8130 7909
f 7910 8131 8133 7912
f 8132 7911 7913 8134
f 7912 8133 8135 7914
f 8134 7913 7915 8136
f 7914 8135 8137 7916
f 8136 7915 7917 8138
f 7916 8137 8139 7918
f 8138 7917 7919 8140
f 7918 8139 8141 7920
f 8140 7919 7921 8142
f 7920 8141 8143 7922
f 8142 7921 7923 8144
f 7922 8143 8145 7924
f 8144 7923 7925 8146
f 7924 8145 8147 7926
f 8146 7925 7927 8148
f 8149 7928 7926 8147
f 7927 7929 8150 8148
f 8151 7930 7928 8149
f 7929 7931 8152 8150
f 7930 8151 8153 7932
f 8152 7931 7933 8154
f 7932 8153 8155 7934
f 7935 8156 8154 7933
f 7934 8155 8157 7936
f 7939 8158 8156 7935
f 7937 7936 8157 8159
f 7940 7937 8159 8160
f 7938 7943 8163 8164
f 8158 7939 7938 8164
f 8160 8161 7941 7940
f 7941 8161 8165 7944
f 7947 8167 8162 7942
f 8162 8163 7943 7942
f 7945 7944 8165 8168
f 7948 7945 8168 8169
f 7951 8172 8166 7946
f 8166 8167 7947 7946
f 8169 8170 7949 7948
f 7949 8170 8173 7952
f 7955 8174 8171 7950
f 8171 8172 7951 7950
f 7953 7952 8173 8175
f 7956 7953 8175 8176
f 7954 7957 8177 8178
f 8174 7955 7954 8178
f 7956 8176 8179 7958
f 7961 8182 8177 7957
f 8179 8180 7959 7958
f 7959 8180 8183 7962
f 7965 8186 8181 7960
f 8181 8182 7961 7960
f 8183 8184 7963 7962
f 7963 8184 8187 7966
f 7969 8190 8185 7964
f 8185 8186 7965 7964
f 8187 8188 7967 7966
f 7967 8188 8191 7970
f 7973 8194 8189 7968
f 8189 8190 7969 7968
f 8191 8192 7971 7970
f 7971 8192 8195 7974
f 7975 8196 8193 7972
f 8193 8194 7973 7972
f 7974 8195 8197 7976
f 7977 8198 8196 7975
f 7976 8197 8199 7978
f 7979 8200 8198 7977
f 7978 8199 8201 7980
f 7981 8202 8200 7979
f 7980 8201 8203 7982
f 7983 8204 8202 7981
f 7982 8203 8205 7984
f 8204 7983 7985 8206
f 7984 8205 8207 7986
f 8206 7985 7987 8208
f 7986 8207 8209 7988
f 8208 7987 7989 8210
f 7988 8209 8211 7990
f 8210 7989 7991 8212
f 7990 8211 8213 7992
f 8212 7991 7993 8214
f 7992 8213 8215 7994
f 8214 7993 7995 8216
f 7994 8215 8217 7996
f 8216 7995 7997 8218
f 7996 8217 8219 7998
f 8218 7997 7999 8220
f 7998 8219 8221 8000
f 8220 7999 8001 8222
f 8002 8000 8221 8223
f 8222 8001 8003 8224
f 8004 8002 8223 8225
f 8003 8005 8226 8224
f 8227 8006 8004 8225
f 8005 8007 8228 8226
f 8006 8227 8229 8008
f 8228 8007 8009 8230
f 8008 8229 8231 8010
f 8013 8234 8230 8009
f 8231 8232 8011 8010
f 8011 8232 8235 8014
f 8033 8254 8233 8012
f 8233 8234 8013 8012
f 8235 8236 8015 8014
f 8236 8237 8016 8015
f 8237 8238 8017 8016
f 8238 8239 8018 8017
f 8239 8240 8019 8018
f 8240 8241 8020 8019
f 8241 8242 8021 8020
f 8242 8243 8022 8021
f 8243 8244 8023 8022
f 8244 8245 8024 8023
f 8245 8246 8025 8024
f 8246 8247 8026 8025
f 8247 8248 8027 8026
f 8248 8249 8028 8027
f 8249 8250 8029 8028
f 8250 8251 8030 8029
f 8251 8252 8031 8030
f 8252 8253 8032 8031
f 8253 8254 8033 8032
f 8256 8255 8039 8040
f 8257 8256 8040 8041
f 8258 8257 8041 8034
f 8259 8258 8034 8035
f 8042 8260 8259 8035
f 8261 8260 8042 8043
f 8044 8280 8261 8043
f 8262 8280 8044 8045
f 8263 8262 8045 8046
f 8264 8263 8046 8047
f 8265 8264 8047 8048
f 8266 8265 8048 8049
f 8267 8266 8049 8050
f 8268 8267 8050 8051
f 8269 8268 8051 8052
f 8270 8269 8052 8053
f 8271 8270 8053 8054
f 8055 8281 8271 8054
f 8272 8291 8061 8062
f 8273 8272 8062 8063
f 8274 8273 8063 8036
f 8275 8274 8036 8037
f 8276 8275 8037 8038
f 8064 8277 8276 8038
f 8278 8277 8064 8065
f 8039 8255 8279 8066
f 8067 8282 8281 8055
f 8283 8282 8067 8068
f 8284 8283 8068 8069
f 8285 8284 8069 8070
f 8286 8285 8070 8056
f 8287 8286 8056 8057
f 8288 8287 8057 8058
f 8289 8288 8058 8059
f 8290 8289 8059 8060
f 8291 8290 8060 8061
f 8278 8065 8071 8292
f 8293 8072 8066 8279
f 8073 8294 8292 8071
f 8295 8299 8074 8075
f 8295 8075 8072 8293
f 8076 8296 8294 8073
f 8297 8296 8076 8077
f 8298 8303 8078 8079
f 8299 8298 8079 8074
f 8080 8300 8297 8077
f 8301 8300 8080 8081
f 8303 8302 8082 8078
f 8083 8304 8301 8081
f 8084 8306 8304 8083
f 8305 8085 8082 8302
f 8086 8308 8306 8084
f 8307 8087 8085 8305
f 8088 8309 8308 8086
f 8310 8089 8087 8307
f 8090 8311 8309 8088
f 8312 8091 8089 8310
f 8313 8311 8090 8092
f 8314 8093 8091 8312
f 8315 8313 8092 8094
f 8316 8095 8093 8314
f 8096 8317 8315 8094
f 8095 8316 8318 8097
f 8098 8319 8317 8096
f 8097 8318 8320 8099
f 8100 8321 8319 8098
f 8322 8101 8099 8320
f 8323 8321 8100 8102
f 8324 8103 8101 8322
f 8325 8323 8102 8104
f 8103 8324 8326 8105
f 8327 8325 8104 8106
f 8105 8326 8328 8107
f 8329 8327 8106 8108
f 8107 8328 8330 8109
f 8331 8329 8108 8110
f 8109 8330 8332 8111
f 8333 8331 8110 8112
f 8111 8332 8334 8113
f 8335 8333 8112 8114
f 8113 8334 8336 8115
f 8337 8335 8114 8116
f 8115 8336 8338 8117
f 8339 8337 8116 8118
f 8117 8338 8340 8119
f 8341 8339 8118 8120
f 8119 8340 8342 8121
f 8341 8120 8122 8343
f 8121 8342 8344 8123
f 8343 8122 8124 8345
f 8346 8125 8123 8344
f 8126 8347 8345 8124
f 8125 8346 8348 8127
f 8347 8126 8128 8349
f 8127 8348 8350 8129
f 8349 8128 8130 8351
f 8129 8350 8352 8131
f 8132 8353 8351 8130
f 8131 8352 8354 8133
f 8353 8132 8134 8355
f 8133 8354 8356 8135
f 8355 8134 8136 8357
f 8135 8356 8358 8137
f 8357 8136 8138 8359
f 8137 8358 8360 8139
f 8359 8138 8140 8361
f 8139 8360 8362 8141
f 8361 8140 8142 8363
f 8141 8362 8364 8143
f 8363 8142 8144 8365
f 8143 8364 8366 8145
f 8365 8144 8146 8367
f 8145 8366 8368 8147
f 8367 8146 8148 8369
f 8147 8368 8370 8149
f 8369 8148 8150 8371
f 8149 8370 8372 8151
f 8152 8373 8371 8150
f 8151 8372 8374 8153
f 8373 8152 8154 8375
f 8153 8374 8376 8155
f 8156 8377 8375 8154
f 8155 8376 8378 8157
f 8158 8379 8377 8156
f 8157 8378 8380 8159
f 8164 8385 8379 8158
f 8380 8381 8160 8159
f 8381 8382 8161 8160
f 8161 8382 8386 8165
f 8167 8387 8383 8162
f 8383 8384 8163 8162
f 8384 8385 8164 8163
f 8165 8386 8388 8168
f 8166 8172 8390 8391
f 8387 8167 8166 8391
f 8388 8389 8169 8168
f 8170 8169 8389 8392
f 8173 8170 8392 8393
f 8171 8174 8394 8395
f 8390 8172 8171 8395
f 8173 8393 8396 8175
f 8178 8399 8394 8174
f 8396 8397 8176 8175
f 8176 8397 8400 8179
f 8182 8403 8398 8177
f 8398 8399 8178 8177
f 8400 8401 8180 8179
f 8180 8401 8404 8183
f 8186 8407 8402 8181
f 8402 8403 8182 8181
f 8404 8405 8184 8183
f 8184 8405 8408 8187
f 8190 8411 8406 8185
f 8406 8407 8186 8185
f 8408 8409 8188 8187
f 8188 8409 8412 8191
f 8194 8413 8410 8189
f 8410 8411 8190 8189
f 8192 8191 8412 8414
f 8195 8192 8414 8415
f 8193 8196 8416 8417
f 8413 8194 8193 8417
f 8195 8415 8418 8197
f 8198 8419 8416 8196
f 8197 8418 8420 8199
f 8200 8421 8419 8198
f 8199 8420 8422 8201
f 8202 8423 8421 8200
f 8424 8203 8201 8422
f 8202 8204 8425 8423
f 8426 8205 8203 8424
f 8204 8206 8427 8425
f 8205 8426 8428 8207
f 8427 8206 8208 8429
f 8207 8428 8430 8209
f 8429 8208 8210 8431
f 8430 8432 8211 8209
f 8433 8431 8210 8212
f 8211 8432 8434 8213
f 8435 8433 8212 8214
f 8213 8434 8436 8215
f 8435 8214 8216 8437
f 8215 8436 8438 8217
f 8437 8216 8218 8439
f 8217 8438 8440 8219
f 8439 8218 8220 8441
f 8221 8219 8440 8442
f 8441 8220 8222 8443
f 8223 8221 8442 8444
f 8222 8224 8445 8443
f 8223 8444 8446 8225
f 8445 8224 8226 8447
f 8225 8446 8448 8227
f 8228 8449 8447 8226
f 8227 8448 8450 8229
f 8449 8228 8230 8451
f 8229 8450 8452 8231
f 8234 8455 8451 8230
f 8452 8453 8232 8231
f 8232 8453 8456 8235
f 8254 8475 8454 8233
f 8454 8455 8234 8233
f 8456 8457 8236 8235
f 8457 8458 8237 8236
f 8458 8459 8238 8237
f 8459 8460 8239 8238
f 8460 8461 8240 8239
f 8461 8462 8241 8240
f 8462 8463 8242 8241
f 8463 8464 8243 8242
f 8464 8465 8244 8243
f 8465 8466 8245 8244
f 8466 8467 8246 8245
f 8467 8468 8247 8246
f 8468 8469 8248 8247
f 8469 8470 8249 8248
f 8470 8471 8250 8249
f 8471 8472 8251 8250
f 8472 8473 8252 8251
f 8473 8474 8253 8252
f 8474 8475 8254 8253
f 8476 8491 8256 8257
f 8477 8476 8257 8258
f 8478 8477 8258 8259
f 8260 8492 8478 8259
f 8479 8495 8262 8263
f 8480 8479 8263 8264
f 8481 8480 8264 8265
f 8482 8481 8265 8266
f 8483 8482 8266 8267
f 8484 8483 8267 8268
f 8485 8484 8268 8269
f 8486 8485 8269 8270
f 8271 8496 8486 8270
f 8487 8509 8273 8274
f 8488 8487 8274 8275
f 8489 8488 8275 8276
f 8277 8510 8489 8276
f 8255 8490 8279
f 8491 8490 8255 8256
f 8493 8492 8260 8261
f 8280 8494 8493 8261
f 8495 8494 8280 8262
f 8281 8497 8496 8271
f 8498 8497 8281 8282
f 8499 8498 8282 8283
f 8500 8499 8283 8284
f 8501 8500 8284 8285
f 8502 8501 8285 8286
f 8503 8502 8286 8287
f 8504 8503 8287 8288
f 8505 8504 8288 8289
f 8506 8505 8289 8290
f 8507 8506 8290 8291
f 8508 8507 8291 8272
f 8509 8508 8272 8273
f 8511 8510 8277 8278
f 8511 8278 8292
f 8512 8293 8279 8490
f 8294 8515 8511 8292
f 8516 8295 8293 8512
f 8296 8517 8515 8294
f 8297 8520 8517 8296
f 8519 8518 8298 8299
f 8519 8299 8295 8516
f 8300 8521 8520 8297
f 8301 8524 8521 8300
f 8523 8522 8302 8303
f 8523 8303 8298 8518
f 8304 8525 8524 8301
f 8302 8522 8526 8305
f 8306 8527 8525 8304
f 8305 8526 8528 8307
f 8308 8529 8527 8306
f 8309 8532 8529 8308
f 8531 8530 8310 8307
f 8531 8307 8528
f 8311 8534 8532 8309
f 8533 8312 8310 8530
f 8534 8311 8313
f 8312 8533 8535 8314
f 8315 8536 8534 8313
f 8314 8535 8537 8316
f 8317 8538 8536 8315
f 8316 8537 8539 8318
f 8319 8540 8538 8317
f 8541 8320 8318 8539
f 8542 8540 8319 8321
f 8543 8322 8320 8541
f 8544 8542 8321 8323
f 8545 8324 8322 8543
f 8546 8544 8323 8325
f 8324 8545 8547 8326
f 8548 8546 8325 8327
f 8549 8328 8326 8547
f 8329 8550 8548 8327
f 8328 8549 8551 8330
f 8550 8329 8331 8552
f 8553 8332 8330 8551
f 8333 8554 8552 8331
f 8332 8553 8555 8334
f 8554 8333 8335 8556
f 8557 8336 8334 8555
f 8337 8558 8556 8335
f 8336 8557 8559 8338
f 8558 8337 8339 8560
f 8561 8340 8338 8559
f 8341 8562 8560 8339
f 8340 8561 8563 8342
f 8562 8341 8343 8564
f 8342 8563 8565 8344
f 8564 8343 8345 8566
f 8567 8346 8344 8565
f 8347 8568 8566 8345
f 8346 8567 8569 8348
f 8568 8347 8349 8570
f 8348 8569 8571 8350
f 8570 8349 8351 8572
f 8350 8571 8573 8352
f 8574 8572 8351 8353
f 8575 8354 8352 8573
f 8576 8574 8353 8355
f 8354 8575 8577 8356
f 8576 8355 8357 8578
f 8356 8577 8579 8358
f 8578 8357 8359 8580
f 8358 8579 8581 8360
f 8580 8359 8361 8582
f 8360 8581 8583 8362
f 8582 8361 8363 8584
f 8362 8583 8585 8364
f 8584 8363 8365 8586
f 8364 8585 8587 8366
f 8586 8365 8367 8588
f 8366 8587 8589 8368
f 8588 8367 8369 8590
f 8368 8589 8591 8370
f 8590 8369 8371 8592
f 8370 8591 8593 8372
f 8373 8594 8592 8371
f 8372 8593 8595 8374
f 8594 8373 8375 8596
f 8374 8595 8597 8376
f 8377 8598 8596 8375
f 8376 8597 8599 8378
f 8379 8600 8598 8377
f 8378 8599 8601 8380
f 8385 8604 8600 8379
f 8601 8602 8381 8380
f 8382 8381 8602 8605
f 8386 8382 8605 8606
f 8383 8387 8607 8608
f 8603 8384 8383 8608
f 8603 8604 8385 8384
f 8386 8606 8609 8388
f 8391 8612 8607 8387
f 8609 8610 8389 8388
f 8389 8610 8613 8392
f 8395 8616 8611 8390
f 8611 8612 8391 8390
f 8613 8614 8393 8392
f 8393 8614 8617 8396
f 8399 8620 8615 8394
f 8615 8616 8395 8394
f 8617 8618 8397 8396
f 8397 8618 8621 8400
f 8403 8622 8619 8398
f 8619 8620 8399 8398
f 8401 8400 8621 8623
f 8404 8401 8623 8624
f 8402 8407 8626 8627
f 8622 8403 8402 8627
f 8405 8404 8624 8628
f 8408 8405 8628 8629
f 8411 8631 8625 8406
f 8625 8626 8407 8406
f 8629 8630 8409 8408
f 8409 8630 8632 8412
f 8410 8413 8633 8634
f 8631 8411 8410 8634
f 8412 8632 8635 8414
f 8417 8638 8633 8413
f 8635 8636 8415 8414
f 8415 8636 8639 8418
f 8419 8640 8637 8416
f 8637 8638 8417 8416
f 8418 8639 8641 8420
f 8421 8642 8640 8419
f 8420 8641 8643 8422
f 8423 8644 8642 8421
f 8422 8643 8645 8424
f 8646 8644 8423 8425
f 8424 8645 8647 8426
f 8427 8648 8646 8425
f 8426 8647 8649 8428
f 8648 8427 8429 8650
f 8649 8651 8430 8428
f 8652 8650 8429 8431
f 8651 8653 8432 8430
f 8433 8654 8652 8431
f 8432 8653 8655 8434
f 8656 8654 8433 8435
f 8434 8655 8657 8436
f 8658 8656 8435 8437
f 8436 8657 8659 8438
f 8658 8437 8439 8660
f 8438 8659 8661 8440
f 8660 8439 8441 8662
f 8663 8442 8440 8661
f 8443 8664 8662 8441
f 8442 8663 8665 8444
f 8664 8443 8445 8666
f 8444 8665 8667 8446
f 8666 8445 8447 8668
f 8669 8448 8446 8667
f 8447 8449 8670 8668
f 8671 8450 8448 8669
f 8449 8451 8672 8670
f 8450 8671 8673 8452
f 8455 8676 8672 8451
f 8673 8674 8453 8452
f 8453 8674 8677 8456
f 8475 8696 8675 8454
f 8675 8676 8455 8454
f 8677 8678 8457 8456
f 8678 8679 8458 8457
f 8679 8680 8459 8458
f 8680 8681 8460 8459
f 8681 8682 8461 8460
f 8682 8683 8462 8461
f 8683 8684 8463 8462
f 8684 8685 8464 8463
f 8685 8686 8465 8464
f 8686 8687 8466 8465
f 8687 8688 8467 8466
f 8688 8689 8468 8467
f 8689 8690 8469 8468
f 8690 8691 8470 8469
f 8691 8692 8471 8470
f 8692 8693 8472 8471
f 8693 8694 8473 8472
f 8694 8695 8474 8473
f 8695 8696 8475 8474
f 8697 8709 8482 8483
f 8698 8697 8483 8484
f 8485 8710 8698 8484
f 8476 8699 8729 8491
f 8700 8699 8476 8477
f 8701 8700 8477 8478
f 8492 8702 8701 8478
f 8703 8702 8492 8493
f 8704 8703 8493 8494
f 8705 8704 8494 8495
f 8706 8705 8495 8479
f 8707 8706 8479 8480
f 8708 8707 8480 8481
f 8709 8708 8481 8482
f 8711 8710 8485 8486
f 8496 8712 8711 8486
f 8713 8712 8496 8497
f 8714 8713 8497 8498
f 8715 8714 8498 8499
f 8716 8715 8499 8500
f 8717 8716 8500 8501
f 8718 8717 8501 8502
f 8719 8718 8502 8503
f 8720 8719 8503 8504
f 8721 8720 8504 8505
f 8722 8721 8505 8506
f 8723 8722 8506 8507
f 8724 8723 8507 8508
f 8725 8724 8508 8509
f 8726 8725 8509 8487
f 8727 8726 8487 8488
f 8728 8727 8488 8489
f 8510 8730 8728 8489
f 8512 8490 8513
f 8513 8490 8491 8729
f 8510 8511 8514 8730
f 8511 8515 8514
f 8732 8731 8516 8512
f 8733 8732 8512 8513
f 8733 8513 8729
f 8734 8730 8514
f 8735 8734 8514 8515
f 8517 8736 8735 8515
f 8737 8741 8518 8519
f 8737 8519 8516 8731
f 8520 8738 8736 8517
f 8739 8738 8520 8521
f 8740 8744 8522 8523
f 8741 8740 8523 8518
f 8524 8742 8739 8521
f 8743 8742 8524 8525
f 8522 8744 8526
f 8527 8745 8743 8525
f 8746 8528 8526 8744
f 8529 8747 8745 8527
f 8748 8750 8530 8531
f 8748 8531 8528 8746
f 8532 8749 8747 8529
f 8530 8750 8752 8533
f 8534 8751 8749 8532
f 8533 8752 8535
f 8536 8753 8751 8534
f 8754 8537 8535 8752
f 8538 8755 8753 8536
f 8756 8539 8537 8754
f 8757 8755 8538 8540
f 8758 8541 8539 8756
f 8759 8757 8540 8542
f 8760 8543 8541 8758
f 8761 8759 8542 8544
f 8543 8760 8762 8545
f 8763 8761 8544 8546
f 8545 8762 8764 8547
f 8548 8765 8763 8546
f 8547 8764 8766 8549
f 8767 8765 8548 8550
f 8549 8766 8768 8551
f 8769 8767 8550 8552
f 8770 8553 8551 8768
f 8554 8771 8769 8552
f 8553 8770 8772 8555
f 8771 8554 8556 8773
f 8774 8557 8555 8772
f 8775 8773 8556 8558
f 8557 8774 8776 8559
f 8777 8775 8558 8560
f 8559 8776 8778 8561
f 8779 8777 8560 8562
f 8561 8778 8780 8563
f 8781 8779 8562 8564
f 8563 8780 8782 8565
f 8781 8564 8566 8783
f 8565 8782 8784 8567
f 8785 8783 8566 8568
f 8567 8784 8786 8569
f 8787 8785 8568 8570
f 8569 8786 8788 8571
f 8787 8570 8572 8789
f 8571 8788 8790 8573
f 8789 8572 8574 8791
f 8792 8575 8573 8790
f 8576 8793 8791 8574
f 8575 8792 8794 8577
f 8793 8576 8578 8795
f 8577 8794 8796 8579
f 8795 8578 8580 8797
f 8579 8796 8798 8581
f 8797 8580 8582 8799
f 8581 8798 8800 8583
f 8799 8582 8584 8801
f 8583 8800 8802 8585
f 8801 8584 8586 8803
f 8585 8802 8804 8587
f 8803 8586 8588 8805
f 8587 8804 8806 8589
f 8805 8588 8590 8807
f 8589 8806 8808 8591
f 8807 8590 8592 8809
f 8591 8808 8810 8593
f 8594 8811 8809 8592
f 8593 8810 8812 8595
f 8811 8594 8596 8813
f 8595 8812 8814 8597
f 8598 8815 8813 8596
f 8597 8814 8816 8599
f 8600 8817 8815 8598
f 8599 8816 8818 8601
f 8604 8821 8817 8600
f 8818 8819 8602 8601
f 8602 8819 8822 8605
f 8608 8825 8820 8603
f 8820 8821 8604 8603
f 8822 8823 8606 8605
f 8606 8823 8826 8609
f 8612 8829 8824 8607
f 8824 8825 8608 8607
f 8826 8827 8610 8609
f 8610 8827 8830 8613
f 8616 8833 8828 8611
f 8828 8829 8612 8611
f 8830 8831 8614 8613
f 8614 8831 8834 8617
f 8620 8835 8832 8615
f 8832 8833 8616 8615
f 8618 8617 8834 8836
f 8621 8618 8836 8837
f 8619 8622 8838 8839
f 8835 8620 8619 8839
f 8621 8837 8840 8623
f 8627 8843 8838 8622
f 8840 8841 8624 8623
f 8624 8841 8844 8628
f 8625 8631 8846 8847
f 8842 8626 8625 8847
f 8842 8843 8627 8626
f 8844 8845 8629 8628
f 8630 8629 8845 8848
f 8632 8630 8848 8849
f 8634 8851 8846 8631
f 8632 8849 8852 8635
f 8638 8853 8850 8633
f 8850 8851 8634 8633
f 8636 8635 8852 8854
f 8639 8636 8854 8855
f 8637 8640 8856 8857
f 8853 8638 8637 8857
f 8639 8855 8858 8641
f 8642 8861 8856 8640
f 8641 8858 8862 8643
f 8644 8863 8861 8642
f 8862 8864 8645 8643
f 8646 8865 8863 8644
f 8864 8866 8647 8645
f 8867 8865 8646 8648
f 8649 8647 8866 8868
f 8869 8867 8648 8650
f 8868 8870 8651 8649
f 8652 8871 8869 8650
f 8651 8870 8872 8653
f 8871 8652 8654 8873
f 8653 8872 8874 8655
f 8873 8654 8656 8875
f 8876 8657 8655 8874
f 8658 8877 8875 8656
f 8657 8876 8878 8659
f 8877 8658 8660 8879
f 8659 8878 8880 8661
f 8879 8660 8662 8881
f 8882 8663 8661 8880
f 8664 8883 8881 8662
f 8663 8882 8884 8665
f 8883 8664 8666 8885
f 8665 8884 8886 8667
f 8885 8666 8668 8887
f 8667 8886 8888 8669
f 8887 8668 8670 8889
f 8669 8888 8890 8671
f 8672 8891 8889 8670
f 8671 8890 8892 8673
f 8676 8895 8891 8672
f 8892 8893 8674 8673
f 8674 8893 8896 8677
f 8696 8915 8894 8675
f 8894 8895 8676 8675
f 8896 8897 8678 8677
f 8897 8898 8679 8678
f 8898 8899 8680 8679
f 8899 8900 8681 8680
f 8900 8901 8682 8681
f 8901 8902 8683 8682
f 8902 8903 8684 8683
f 8903 8904 8685 8684
f 8904 8905 8686 8685
f 8905 8906 8687 8686
f 8906 8907 8688 8687
f 8907 8908 8689 8688
f 8908 8909 8690 8689
f 8909 8910 8691 8690
f 8910 8911 8692 8691
f 8911 8912 8693 8692
f 8912 8913 8694 8693
f 8913 8914 8695 8694
f 8914 8915 8696 8695
f 8916 8943 8702 8703
f 8917 8916 8703 8704
f 8918 8917 8704 8705
f 8919 8918 8705 8706
f 8920 8919 8706 8707
f 8921 8920 8707 8708
f 8922 8921 8708 8709
f 8923 8922 8709 8697
f 8924 8923 8697 8698
f 8710 8925 8924 8698
f 8926 8925 8710 8711
f 8927 8926 8711 8712
f 8928 8927 8712 8713
f 8929 8928 8713 8714
f 8930 8929 8714 8715
f 8931 8930 8715 8716
f 8932 8931 8716 8717
f 8933 8932 8717 8718
f 8934 8933 8718 8719
f 8935 8934 8719 8720
f 8936 8935 8720 8721
f 8937 8936 8721 8722
f 8938 8937 8722 8723
f 8939 8938 8723 8724
f 8725 8944 8939 8724
f 8699 8940 8950 8729
f 8941 8940 8699 8700
f 8942 8941 8700 8701
f 8943 8942 8701 8702
f 8945 8944 8725 8726
f 8946 8945 8726 8727
f 8947 8946 8727 8728
f 8730 8951 8947 8728
f 8948 8955 8731 8732
f 8949 8948 8732 8733
f 8950 8949 8733 8729
f 8734 8952 8951 8730
f 8953 8952 8734 8735
f 8736 8956 8953 8735
f 8955 8954 8737 8731
f 8738 8957 8956 8736
f 8739 8960 8957 8738
f 8959 8958 8740 8741
f 8959 8741 8737 8954
f 8742 8961 8960 8739
f 8743 8963 8961 8742
f 8962 8744 8740 8958
f 8745 8965 8963 8743
f 8964 8746 8744 8962
f 8747 8966 8965 8745
f 8967 8748 8746 8964
f 8749 8968 8966 8747
f 8969 8750 8748 8967
f 8751 8970 8968 8749
f 8971 8752 8750 8969
f 8972 8970 8751 8753
f 8973 8754 8752 8971
f 8974 8972 8753 8755
f 8975 8756 8754 8973
f 8976 8974 8755 8757
f 8977 8758 8756 8975
f 8759 8978 8976 8757
f 8758 8977 8979 8760
f 8978 8759 8761 8980
f 8760 8979 8981 8762
f 8763 8982 8980 8761
f 8983 8764 8762 8981
f 8765 8984 8982 8763
f 8764 8983 8985 8766
f 8984 8765 8767 8986
f 8987 8768 8766 8985
f 8769 8988 8986 8767
f 8768 8987 8989 8770
f 8990 8988 8769 8771
f 8770 8989 8991 8772
f 8992 8990 8771 8773
f 8772 8991 8993 8774
f 8992 8773 8775 8994
f 8774 8993 8995 8776
f 8777 8996 8994 8775
f 8776 8995 8997 8778
f 8996 8777 8779 8998
f 8999 8780 8778 8997
f 8781 9000 8998 8779
f 8780 8999 9001 8782
f 9000 8781 8783 9002
f 8782 9001 9003 8784
f 9002 8783 8785 9004
f 9005 8786 8784 9003
f 8787 9006 9004 8785
f 8786 9005 9007 8788
f 9006 8787 8789 9008
f 8788 9007 9009 8790
f 9008 8789 8791 9010
f 8790 9009 9011 8792
f 8793 9012 9010 8791
f 8792 9011 9013 8794
f 9012 8793 8795 9014
f 8794 9013 9015 8796
f 9014 8795 8797 9016
f 8796 9015 9017 8798
f 9016 8797 8799 9018
f 8798 9017 9019 8800
f 9018 8799 8801 9020
f 8800 9019 9021 8802
f 9020 8801 8803 9022
f 8802 9021 9023 8804
f 9022 8803 8805 9024
f 8804 9023 9025 8806
f 9024 8805 8807 9026
f 8806 9025 9027 8808
f 9026 8807 8809 9028
f 8808 9027 9029 8810
f 8811 9030 9028 8809
f 8810 9029 9031 8812
f 9030 8811 8813 9032
f 8812 9031 9033 8814
f 8815 9034 9032 8813
f 8814 9033 9035 8816
f 8817 9036 9034 8815
f 8816 9035 9037 8818
f 8821 9040 9036 8817
f 9037 9038 8819 8818
f 8819 9038 9041 8822
f 8825 9042 9039 8820
f 9039 9040 8821 8820
f 8823 8822 9041 9043
f 8826 8823 9043 9044
f 8824 8829 9047 9048
f 9042 8825 8824 9048
f 9044 9045 8827 8826
f 8827 9045 9049 8830
f 8833 9050 9046 8828
f 9046 9047 8829 8828
f 8831 8830 9049 9051
f 8834 8831 9051 9052
f 8832 8835 9053 9054
f 9050 8833 8832 9054
f 8834 9052 9055 8836
f 8839 9056 9053 8835
f 8837 8836 9055 9057
f 8840 8837 9057 9058
f 8838 8843 9061 9062
f 9056 8839 8838 9062
f 9058 9059 8841 8840
f 8841 9059 9063 8844
f 8847 9066 9060 8842
f 9060 9061 8843 8842
f 9063 9064 8845 8844
f 8845 9064 9067 8848
f 8851 9070 9065 8846
f 9065 9066 8847 8846
f 9067 9068 8849 8848
f 8849 9068 9071 8852
f 8853 9076 9069 8850
f 9069 9070 8851 8850
f 8852 9071 9072 8854
f 9072 9073 8855 8854
f 8855 9073 9077 8858
f 9080 9074 8856 8861
f 9074 9075 8857 8856
f 9075 9076 8853 8857
f 9077 9078 8859 8858
f 8859 9078 9081
f 9082 9079 8860
f 9079 9080 8861 8860
f 8862 8858 8859
f 8862 8859 9081 9083
f 9086 9082 8860 8863
f 8861 8863 8860
f 9083 9087 8864 8862
f 9088 9086 8863 8865
f 9087 9089 8866 8864
f 8867 9090 9088 8865
f 9089 9091 8868 8866
f 9092 9090 8867 8869
f 8870 8868 9091 9093
f 9094 9092 8869 8871
f 8870 9093 9095 8872
f 9096 9094 8871 8873
f 8872 9095 9097 8874
f 9096 8873 8875 9098
f 8874 9097 9099 8876
f 9100 9098 8875 8877
f 8876 9099 9101 8878
f 9102 9100 8877 8879
f 8878 9101 9103 8880
f 9102 8879 8881 9104
f 8880 9103 9105 8882
f 9106 9104 8881 8883
f 8882 9105 9107 8884
f 9108 9106 8883 8885
f 8884 9107 9109 8886
f 9108 8885 8887 9110
f 9109 9111 8888 8886
f 9112 9110 8887 8889
f 9111 9113 8890 8888
f 8891 9114 9112 8889
f 8890 9113 9115 8892
f 8895 9118 9114 8891
f 9115 9116 8893 8892
f 8893 9116 9119 8896
f 8915 9138 9117 8894
f 9117 9118 8895 8894
f 9119 9120 8897 8896
f 9120 9121 8898 8897
f 9121 9122 8899 8898
f 9122 9123 8900 8899
f 9123 9124 8901 8900
f 9124 9125 8902 8901
f 9125 9126 8903 8902
f 9126 9127 8904 8903
f 9127 9128 8905 8904
f 9128 9129 8906 8905
f 9129 9130 8907 8906
f 9130 9131 8908 8907
f 9131 9132 8909 8908
f 9132 9133 8910 8909
f 9133 9134 8911 8910
f 9134 9135 8912 8911
f 9135 9136 8913 8912
f 9136 9137 8914 8913
f 9137 9138 8915 8914
f 9139 9162 8917 8918
f 9140 9139 8918 8919
f 9141 9140 8919 8920
f 9142 9141 8920 8921
f 9143 9142 8921 8922
f 9144 9143 8922 8923
f 9145 9144 8923 8924
f 9146 9145 8924 8925
f 9147 9146 8925 8926
f 9148 9147 8926 8927
f 9149 9148 8927 8928
f 9150 9149 8928 8929
f 9151 9150 8929 8930
f 9152 9151 8930 8931
f 9153 9152 8931 8932
f 9154 9153 8932 8933
f 9155 9154 8933 8934
f 9156 9155 8934 8935
f 9157 9156 8935 8936
f 8937 9163 9157 8936
f 9158 9171 8940 8941
f 9159 9158 8941 8942
f 9160 9159 8942 8943
f 9161 9160 8943 8916
f 9162 9161 8916 8917
f 9164 9163 8937 8938
f 9165 9164 8938 8939
f 8944 9166 9165 8939
f 9167 9166 8944 8945
f 9168 9167 8945 8946
f 8947 9172 9168 8946
f 9169 9176 8948 8949
f 9170 9169 8949 8950
f 9171 9170 8950 8940
f 8951 9173 9172 8947
f 9174 9173 8951 8952
f 8953 9177 9174 8952
f 9175 9180 8954 8955
f 9176 9175 8955 8948
f 8956 9178 9177 8953
f 8957 9181 9178 8956
f 9179 9184 8958 8959
f 9180 9179 8959 8954
f 8960 9182 9181 8957
f 8961 9185 9182 8960
f 9184 9183 8962 8958
f 8963 9186 9185 8961
f 9187 8964 8962 9183
f 8965 9188 9186 8963
f 8966 9190 9188 8965
f 9189 8967 8964 9187
f 8968 9192 9190 8966
f 9191 8969 8967 9189
f 8970 9194 9192 8968
f 9193 8971 8969 9191
f 9194 8970 8972
f 9195 8973 8971 9193
f 8974 9196 9194 8972
f 8973 9195 9197 8975
f 8976 9198 9196 8974
f 8975 9197 9199 8977
f 9200 9198 8976 8978
f 8977 9199 9201 8979
f 9202 9200 8978 8980
f 9203 8981 8979 9201
f 8982 9204 9202 8980
f 8981 9203 9205 8983
f 9206 9204 8982 8984
f 8983 9205 9207 8985
f 9208 9206 8984 8986
f 8985 9207 9209 8987
f 9210 9208 8986 8988
f 8987 9209 9211 8989
f 9212 9210 8988 8990
f 9213 8991 8989 9211
f 8992 9214 9212 8990
f 8993 8991 9213 9215
f 9214 8992 8994 9216
f 8995 8993 9215 9217
f 8994 8996 9218 9216
f 8997 8995 9217 9219
f 9218 8996 8998 9220
f 8999 8997 9219 9221
f 8998 9000 9222 9220
f 8999 9221 9223 9001
f 9222 9000 9002 9224
f 9001 9223 9225 9003
f 9224 9002 9004 9226
f 9003 9225 9227 9005
f 9228 9226 9004 9006
f 9005 9227 9229 9007
f 9230 9228 9006 9008
f 9007 9229 9231 9009
f 9230 9008 9010 9232
f 9009 9231 9233 9011
f 9012 9234 9232 9010
f 9235 9013 9011 9233
f 9234 9012 9014 9236
f 9013 9235 9237 9015
f 9236 9014 9016 9238
f 9015 9237 9239 9017
f 9238 9016 9018 9240
f 9017 9239 9241 9019
f 9240 9018 9020 9242
f 9019 9241 9243 9021
f 9242 9020 9022 9244
f 9021 9243 9245 9023
f 9244 9022 9024 9246
f 9023 9245 9247 9025
f 9246 9024 9026 9248
f 9025 9247 9249 9027
f 9248 9026 9028 9250
f 9027 9249 9251 9029
f 9030 9252 9250 9028
f 9029 9251 9253 9031
f 9252 9030 9032 9254
f 9031 9253 9255 9033
f 9034 9256 9254 9032
f 9033 9255 9257 9035
f 9036 9258 9256 9034
f 9035 9257 9259 9037
f 9040 9262 9258 9036
f 9259 9260 9038 9037
f 9038 9260 9263 9041
f 9042 9264 9261 9039
f 9261 9262 9040 9039
f 9041 9263 9265 9043
f 9048 9270 9264 9042
f 9265 9266 9044 9043
f 9266 9267 9045 9044
f 9045 9267 9271 9049
f 9050 9272 9268 9046
f 9268 9269 9047 9046
f 9269 9270 9048 9047
f 9049 9271 9273 9051
f 9054 9276 9272 9050
f 9273 9274 9052 9051
f 9052 9274 9277 9055
f 9056 9278 9275 9053
f 9275 9276 9054 9053
f 9055 9277 9279 9057
f 9062 9284 9278 9056
f 9279 9280 9058 9057
f 9280 9281 9059 9058
f 9059 9281 9285 9063
f 9066 9290 9282 9060
f 9282 9283 9061 9060
f 9283 9284 9062 9061
f 9285 9286 9064 9063
f 9064 9286 9287 9067
f 9067 9287 9291 9068
f 9296 9288 9070 9069
f 9288 9289 9065 9070
f 9289 9290 9066 9065
f 9068 9291 9292 9071
f 9292 9293 9072 9071
f 9072 9293 9297 9073
f 9300 9294 9075 9074
f 9294 9295 9076 9075
f 9295 9296 9069 9076
f 9073 9297 9298 9077
f 9077 9298 9301 9078
f 9304 9299 9080 9079
f 9299 9300 9074 9080
f 9078 9301 9302 9081
f 9081 9302 9305
f 9306 9303 9082
f 9303 9304 9079 9082
f 9084 9083 9081 9305
f 9084 9305 9307
f 9308 9306 9085
f 9082 9086 9085 9306
f 9087 9083 9084
f 9087 9084 9307 9309
f 9310 9308 9085 9088
f 9086 9088 9085
f 9089 9087 9309 9311
f 9312 9310 9088 9090
f 9311 9313 9091 9089
f 9092 9314 9312 9090
f 9091 9313 9315 9093
f 9314 9092 9094 9316
f 9093 9315 9317 9095
f 9318 9316 9094 9096
f 9097 9095 9317 9319
f 9320 9318 9096 9098
f 9097 9319 9321 9099
f 9322 9320 9098 9100
f 9099 9321 9323 9101
f 9324 9322 9100 9102
f 9101 9323 9325 9103
f 9326 9324 9102 9104
f 9103 9325 9327 9105
f 9326 9104 9106 9328
f 9105 9327 9329 9107
f 9330 9328 9106 9108
f 9109 9107 9329 9331
f 9332 9330 9108 9110
f 9331 9333 9111 9109
f 9112 9334 9332 9110
f 9111 9333 9335 9113
f 9334 9112 9114 9336
f 9113 9335 9337 9115
f 9118 9340 9336 9114
f 9337 9338 9116 9115
f 9116 9338 9341 9119
f 9138 9360 9339 9117
f 9339 9340 9118 9117
f 9341 9342 9120 9119
f 9342 9343 9121 9120
f 9343 9344 9122 9121
f 9344 9345 9123 9122
f 9345 9346 9124 9123
f 9346 9347 9125 9124
f 9347 9348 9126 9125
f 9348 9349 9127 9126
f 9349 9350 9128 9127
f 9350 9351 9129 9128
f 9351 9352 9130 9129
f 9352 9353 9131 9130
f 9353 9354 9132 9131
f 9354 9355 9133 9132
f 9355 9356 9134 9133
f 9356 9357 9135 9134
f 9357 9358 9136 9135
f 9358 9359 9137 9136
f 9359 9360 9138 9137
f 9361 9380 9140 9141
f 9362 9361 9141 9142
f 9363 9362 9142 9143
f 9364 9363 9143 9144
f 9365 9364 9144 9145
f 9366 9365 9145 9146
f 9367 9366 9146 9147
f 9368 9367 9147 9148
f 9369 9368 9148 9149
f 9370 9369 9149 9150
f 9371 9370 9150 9151
f 9372 9371 9151 9152
f 9373 9372 9152 9153
f 9374 9373 9153 9154
f 9375 9374 9154 9155
f 9156 9381 9375 9155
f 9376 9391 9159 9160
f 9377 9376 9160 9161
f 9378 9377 9161 9162
f 9379 9378 9162 9139
f 9380 9379 9139 9140
f 9382 9381 9156 9157
f 9163 9383 9382 9157
f 9384 9383 9163 9164
f 9385 9384 9164 9165
f 9386 9385 9165 9166
f 9167 9392 9386 9166
f 9388 9387 9169 9170
f 9389 9388 9170 9171
f 9390 9389 9171 9158
f 9391 9390 9158 9159
f 9393 9392 9167 9168
f 9172 9394 9393 9168
f 9395 9394 9172 9173
f 9396 9395 9173 9174
f 9398 9397 9175 9176
f 9398 9176 9169 9387
f 9177 9399 9396 9174
f 9400 9399 9177 9178
f 9401 9404 9179 9180
f 9401 9180 9175 9397
f 9181 9402 9400 9178
f 9182 9405 9402 9181
f 9403 9408 9183 9184
f 9404 9403 9184 9179
f 9185 9406 9405 9182
f 9186 9409 9406 9185
f 9408 9407 9187 9183
f 9188 9410 9409 9186
f 9411 9189 9187 9407
f 9190 9412 9410 9188
f 9413 9193 9191 9414
f 9414 9191 9189 9411
f 9192 9415 9412 9190
f 9192 9194 9416 9415
f 9193 9413 9417
f 9416 9194 9418
f 9419 9195 9193 9417
f 9196 9420 9418 9194
f 9195 9419 9421 9197
f 9422 9420 9196 9198
f 9423 9199 9197 9421
f 9424 9422 9198 9200
f 9425 9201 9199 9423
f 9202 9426 9424 9200
f 9201 9425 9427 9203
f 9428 9426 9202 9204
f 9203 9427 9429 9205
f 9430 9428 9204 9206
f 9205 9429 9431 9207
f 9432 9430 9206 9208
f 9207 9431 9433 9209
f 9434 9432 9208 9210
f 9435 9211 9209 9433
f 9212 9436 9434 9210
f 9437 9213 9211 9435
f 9214 9438 9436 9212
f 9439 9217 9215 9440
f 9440 9215 9213 9437
f 9216 9441 9438 9214
f 9217 9439 9442
f 9441 9216 9218 9443
f 9219 9217 9442 9444
f 9218 9220 9445 9443
f 9221 9219 9444 9446
f 9220 9222 9447 9445
f 9223 9221 9446 9448
f 9222 9224 9449 9447
f 9450 9674 9447 9449
f 9451 9225 9223 9448
f 9224 9226 9452 9449
f 9450 9449 9452 9453
f 9225 9451 9454 9227
f 9226 9228 9455 9452
f 9455 9682 9453 9452
f 9456 9229 9227 9454
f 9228 9230 9457 9455
f 9229 9456 9458 9231
f 9457 9230 9232 9459
f 9231 9458 9460 9233
f 9234 9461 9459 9232
f 9233 9460 9462 9235
f 9461 9234 9236 9463
f 9235 9462 9464 9237
f 9463 9236 9238 9465
f 9237 9464 9466 9239
f 9465 9238 9240 9467
f 9239 9466 9468 9241
f 9467 9240 9242 9469
f 9241 9468 9470 9243
f 9469 9242 9244 9471
f 9243 9470 9472 9245
f 9471 9244 9246 9473
f 9245 9472 9474 9247
f 9473 9246 9248 9475
f 9474 9476 9249 9247
f 9477 9475 9248 9250
f 9476 9478 9251 9249
f 9252 9479 9477 9250
f 9251 9478 9480 9253
f 9479 9252 9254 9481
f 9253 9480 9482 9255
f 9256 9483 9481 9254
f 9255 9482 9484 9257
f 9258 9485 9483 9256
f 9257 9484 9486 9259
f 9262 9489 9485 9258
f 9486 9487 9260 9259
f 9260 9487 9490 9263
f 9264 9493 9488 9261
f 9488 9489 9262 9261
f 9263 9490 9491 9265
f 9265 9491 9494 9266
f 9497 9492 9270 9269
f 9492 9493 9264 9270
f 9494 9495 9267 9266
f 9267 9495 9498 9271
f 9272 9501 9496 9268
f 9496 9497 9269 9268
f 9271 9498 9499 9273
f 9273 9499 9502 9274
f 9503 9500 9276 9275
f 9500 9501 9272 9276
f 9274 9502 9504 9277
f 9278 9507 9503 9275
f 9277 9504 9505 9279
f 9279 9505 9508 9280
f 9513 9506 9284 9283
f 9506 9507 9278 9284
f 9508 9509 9281 9280
f 9281 9509 9510 9285
f 9285 9510 9514 9286
f 9521 9511 9290 9289
f 9511 9512 9282 9290
f 9512 9513 9283 9282
f 9514 9515 9287 9286
f 9287 9515 9516 9291
f 9516 9517 9292 9291
f 9292 9517 9522 9293
f 9527 9518 9295 9294
f 9518 9519 9296 9295
f 9519 9520 9288 9296
f 9520 9521 9289 9288
f 9293 9522 9523 9297
f 9523 9524 9298 9297
f 9298 9524 9528 9301
f 9529 9525 9299 9304
f 9525 9526 9300 9299
f 9526 9527 9294 9300
f 9301 9528 9530 9302
f 9531 9529 9304 9303
f 9302 9530 9532 9305
f 9306 9533 9531 9303
f 9305 9532 9534 9307
f 9308 9535 9533 9306
f 9307 9534 9536 9309
f 9535 9308 9310 9537
f 9536 9538 9311 9309
f 9539 9537 9310 9312
f 9313 9311 9538 9540
f 9541 9539 9312 9314
f 9315 9313 9540 9542
f 9543 9541 9314 9316
f 9317 9315 9542 9544
f 9545 9543 9316 9318
f 9317 9544 9546 9319
f 9547 9545 9318 9320
f 9319 9546 9548 9321
f 9549 9547 9320 9322
f 9321 9548 9550 9323
f 9551 9549 9322 9324
f 9323 9550 9552 9325
f 9553 9551 9324 9326
f 9325 9552 9554 9327
f 9555 9553 9326 9328
f 9327 9554 9556 9329
f 9555 9328 9330 9557
f 9329 9556 9558 9331
f 9557 9330 9332 9559
f 9331 9558 9560 9333
f 9559 9332 9334 9561
f 9560 9562 9335 9333
f 9563 9561 9334 9336
f 9562 9564 9337 9335
f 9567 9563 9336 9340
f 9337 9564 9338
f 9338 9564 9565 9341
f 9341 9565 9568 9342
f 9585 9566 9360 9359
f 9566 9567 9339 9360
f 9567 9340 9339
f 9568 9569 9343 9342
f 9569 9570 9344 9343
f 9570 9571 9345 9344
f 9571 9572 9346 9345
f 9572 9573 9347 9346
f 9573 9574 9348 9347
f 9574 9575 9349 9348
f 9575 9576 9350 9349
f 9576 9577 9351 9350
f 9577 9578 9352 9351
f 9578 9579 9353 9352
f 9579 9580 9354 9353
f 9580 9581 9355 9354
f 9581 9582 9356 9355
f 9582 9583 9357 9356
f 9583 9584 9358 9357
f 9584 9585 9359 9358
f 9586 9602 9361 9362
f 9587 9586 9362 9363
f 9588 9587 9363 9364
f 9589 9588 9364 9365
f 9590 9589 9365 9366
f 9591 9590 9366 9367
f 9592 9591 9367 9368
f 9593 9592 9368 9369
f 9594 9593 9369 9370
f 9595 9594 9370 9371
f 9596 9595 9371 9372
f 9597 9596 9372 9373
f 9598 9597 9373 9374
f 9375 9603 9598 9374
f 9599 9613 9377 9378
f 9600 9599 9378 9379
f 9601 9600 9379 9380
f 9602 9601 9380 9361
f 9381 9604 9603 9375
f 9605 9604 9381 9382
f 9606 9605 9382 9383
f 9607 9606 9383 9384
f 9385 9614 9607 9384
f 9608 9621 9387 9388
f 9609 9608 9388 9389
f 9610 9609 9389 9390
f 9611 9610 9390 9391
f 9612 9611 9391 9376
f 9613 9612 9376 9377
f 9615 9614 9385 9386
f 9392 9616 9615 9386
f 9617 9616 9392 9393
f 9618 9617 9393 9394
f 9619 9618 9394 9395
f 9396 9622 9619 9395
f 9620 9625 9397 9398
f 9621 9620 9398 9387
f 9399 9623 9622 9396
f 9400 9626 9623 9399
f 9625 9624 9401 9397
f 9402 9627 9626 9400
f 9629 9628 9403 9404
f 9629 9404 9401 9624
f 9405 9630 9627 9402
f 9631 9630 9405 9406
f 9632 9636 9407 9408
f 9632 9408 9403 9628
f 9409 9633 9631 9406
f 9410 9637 9633 9409
f 9634 9414 9411 9635
f 9636 9635 9411 9407
f 9412 9638 9637 9410
f 9412 9415 9639 9638
f 9640 9413 9414 9634
f 9415 9416 9641 9639
f 9417 9413 9640 9642
f 9641 9416 9418 9643
f 9419 9417 9642 9644
f 9418 9420 9645 9643
f 9419 9644 9646 9421
f 9645 9420 9422 9647
f 9648 9423 9421 9646
f 9424 9649 9647 9422
f 9423 9648 9650 9425
f 9651 9649 9424 9426
f 9425 9650 9652 9427
f 9653 9651 9426 9428
f 9654 9429 9427 9652
f 9430 9655 9653 9428
f 9429 9654 9656 9431
f 9655 9430 9432 9657
f 9658 9433 9431 9656
f 9434 9659 9657 9432
f 9660 9435 9433 9658
f 9436 9661 9659 9434
f 9435 9660 9662 9437
f 9663 9661 9436 9438
f 9665 9664 9439 9440
f 9666 9665 9440 9437
f 9666 9437 9662
f 9667 9663 9438
f 9441 9668 9667 9438
f 9439 9664 9669 9442
f 9443 9670 9668 9441
f 9671 9444 9442 9669
f 9445 9672 9670 9443
f 9444 9671 9673 9446
f 9672 9445 9447 9674
f 9446 9673 9675 9448
f 9450 9676 9674
f 9677 9451 9448 9675
f 9450 9453 9678 9676
f 9679 9676 9678
f 9681 9454 9451 9677
f 9682 9683 9678 9453
f 9679 9678 9683 9684
f 9680 9679 9684 9685
f 9454 9681 9686 9456
f 9455 9457 9687 9682
f 9683 9919 9688 9684
f 9685 9684 9688 9689
f 9690 9916 9685 9689
f 9456 9686 9691 9458
f 9687 9457 9459 9692
f 9458 9691 9694 9460
f 9695 9692 9459 9461
f 9460 9694 9696 9462
f 9697 9695 9461 9463
f 9462 9696 9698 9464
f 9697 9463 9465 9699
f 9464 9698 9700 9466
f 9699 9465 9467 9701
f 9466 9700 9702 9468
f 9701 9467 9469 9703
f 9702 9704 9470 9468
f 9703 9469 9471 9705
f 9472 9470 9704 9706
f 9705 9471 9473 9707
f 9474 9472 9706 9708
f 9707 9473 9475 9709
f 9708 9710 9476 9474
f 9477 9711 9709 9475
f 9476 9710 9712 9478
f 9711 9477 9479 9713
f 9478 9712 9714 9480
f 9713 9479 9481 9715
f 9480 9714 9716 9482
f 9483 9717 9715 9481
f 9482 9716 9718 9484
f 9485 9719 9717 9483
f 9484 9718 9720 9486
f 9489 9723 9719 9485
f 9720 9721 9487 9486
f 9487 9721 9724 9490
f 9493 9729 9722 9488
f 9722 9723 9489 9488
f 9724 9725 9491 9490
f 9491 9725 9726 9494
f 9494 9726 9730 9495
f 9731 9727 9497 9496
f 9727 9728 9492 9497
f 9728 9729 9493 9492
f 9495 9730 9732 9498
f 9501 9735 9731 9496
f 9732 9733 9499 9498
f 9499 9733 9736 9502
f 9503 9739 9734 9500
f 9734 9735 9501 9500
f 9502 9736 9737 9504
f 9504 9737 9740 9505
f 9743 9738 9507 9506
f 9738 9739 9503 9507
f 9505 9740 9741 9508
f 9508 9741 9744 9509
f 9749 9742 9513 9512
f 9742 9743 9506 9513
f 9744 9745 9510 9509
f 9510 9745 9746 9514
f 9514 9746 9750 9515
f 9757 9747 9521 9520
f 9747 9748 9511 9521
f 9748 9749 9512 9511
f 9750 9751 9516 9515
f 9751 9752 9517 9516
f 9517 9752 9753 9522
f 9522 9753 9758 9523
f 9763 9754 9527 9526
f 9754 9755 9518 9527
f 9755 9756 9519 9518
f 9756 9757 9520 9519
f 9758 9759 9524 9523
f 9524 9759 9760 9528
f 9528 9760 9764 9530
f 9765 9761 9529 9531
f 9761 9762 9525 9529
f 9762 9763 9526 9525
f 9530 9764 9766 9532
f 9767 9765 9531 9533
f 9532 9766 9768 9534
f 9769 9767 9533 9535
f 9534 9768 9770
f 9771 9769 9535
f 9536 9534 9770 9772
f 9773 9771 9535 9537
f 9772 9774 9538 9536
f 9539 9775 9773 9537
f 9774 9776 9540 9538
f 9777 9775 9539 9541
f 9540 9776 9778 9542
f 9779 9777 9541 9543
f 9542 9778 9780 9544
f 9779 9543 9545 9781
f 9544 9780 9782 9546
f 9783 9781 9545 9547
f 9546 9782 9784 9548
f 9785 9783 9547 9549
f 9548 9784 9786 9550
f 9787 9785 9549 9551
f 9552 9550 9786 9788
f 9789 9787 9551 9553
f 9552 9788 9790 9554
f 9791 9789 9553 9555
f 9556 9554 9790 9792
f 9793 9791 9555 9557
f 9558 9556 9792 9794
f 9795 9793 9557 9559
f 9560 9558 9794 9796
f 9797 9795 9559 9561
f 9796 9798 9562 9560
f 9563 9799 9797 9561
f 9562 9798 9800 9564
f 9567 9805 9799 9563
f 9800 9801 9565 9564
f 9565 9801 9802 9568
f 9568 9802 9806 9569
f 9821 9803 9585 9584
f 9803 9804 9566 9585
f 9804 9805 9567 9566
f 9806 9807 9570 9569
f 9807 9808 9571 9570
f 9808 9809 9572 9571
f 9809 9810 9573 9572
f 9810 9811 9574 9573
f 9811 9812 9575 9574
f 9812 9813 9576 9575
f 9813 9814 9577 9576
f 9814 9815 9578 9577
f 9815 9816 9579 9578
f 9816 9817 9580 9579
f 9817 9818 9581 9580
f 9818 9819 9582 9581
f 9819 9820 9583 9582
f 9820 9821 9584 9583
f 9822 9836 9587 9588
f 9823 9822 9588 9589
f 9824 9823 9589 9590
f 9825 9824 9590 9591
f 9826 9825 9591 9592
f 9827 9826 9592 9593
f 9828 9827 9593 9594
f 9829 9828 9594 9595
f 9830 9829 9595 9596
f 9831 9830 9596 9597
f 9598 9837 9831 9597
f 9832 9846 9599 9600
f 9833 9832 9600 9601
f 9834 9833 9601 9602
f 9835 9834 9602 9586
f 9836 9835 9586 9587
f 9603 9838 9837 9598
f 9839 9838 9603 9604
f 9840 9839 9604 9605
f 9841 9840 9605 9606
f 9607 9847 9841 9606
f 9842 9855 9609 9610
f 9843 9842 9610 9611
f 9844 9843 9611 9612
f 9845 9844 9612 9613
f 9846 9845 9613 9599
f 9614 9848 9847 9607
f 9849 9848 9614 9615
f 9850 9849 9615 9616
f 9851 9850 9616 9617
f 9618 9856 9851 9617
f 9853 9852 9620 9621
f 9854 9853 9621 9608
f 9855 9854 9608 9609
f 9857 9856 9618 9619
f 9622 9858 9857 9619
f 9859 9858 9622 9623
f 9861 9860 9624 9625
f 9861 9625 9620 9852
f 9626 9862 9859 9623
f 9863 9862 9626 9627
f 9864 9867 9628 9629
f 9864 9629 9624 9860
f 9630 9865 9863 9627
f 9631 9868 9865 9630
f 9867 9866 9632 9628
f 9633 9869 9868 9631
f 9871 9870 9634 9635
f 9872 9871 9635 9636
f 9872 9636 9632 9866
f 9637 9873 9869 9633
f 9874 9873 9637 9638
f 9875 9874 9638 9639
f 9876 9640 9634 9870
f 9641 9877 9875 9639
f 9878 9642 9640 9876
f 9643 9879 9877 9641
f 9642 9878 9880 9644
f 9879 9643 9645 9881
f 9644 9880 9882 9646
f 9881 9645 9647 9883
f 9884 9648 9646 9882
f 9649 9885 9883 9647
f 9648 9884 9886 9650
f 9885 9649 9651 9887
f 9888 9652 9650 9886
f 9653 9889 9887 9651
f 9652 9888 9890 9654
f 9891 9889 9653 9655
f 9654 9890 9892 9656
f 9893 9891 9655 9657
f 9656 9892 9894 9658
f 9895 9893 9657 9659
f 9658 9894 9896 9660
f 9897 9895 9659 9661
f 9660 9896 9898 9662
f 9899 9897 9661 9663
f 9900 9903 9664 9665
f 9901 9900 9665 9666
f 9901 9666 9662 9898
f 9667 9902 9899 9663
f 9668 9904 9902 9667
f 9664 9903 9669
f 9670 9905 9904 9668
f 9906 9671 9669 9903
f 9672 9907 9905 9670
f 9671 9906 9908 9673
f 9674 9909 9907 9672
f 9673 9908 9910 9675
f 9676 9911 9909 9674
f 9675 9910 9912 9677
f 9679 9913 9911 9676
f 9680 9915 9913 9679
f 9677 9912 9914 9681
f 9680 9685 9916 9915
f 9681 9914 9917 9686
f 9682 9687 9918
f 9683 9682 9918 9919
f 9690 9920 9916
f 9921 9691 9686 9917
f 9687 9692 9922 9918
f 9688 9919 9923
f 9689 9688 9923 9924
f 9690 9689 9924 9925
f 9925 9693 9920 9690
f 9920 9693 9926
f 9691 9921 9927 9694
f 9922 9692 9695 9928
f 9924 10170 9929 9925
f 9925 9929 9930 9693
f 9693 9930 9931 9926
f 9694 9927 9932 9696
f 9933 9928 9695 9697
f 9929 10175 9934 9930
f 9931 9930 9934 9935
f 9696 9932 9936 9698
f 9937 9933 9697 9699
f 9934 10180 9938 9935
f 9698 9936 9939 9700
f 9937 9699 9701 9940
f 9942 9938 9941
f 9702 9700 9939 9943
f 9940 9701 9703 9944
f 9943 9945 9704 9702
f 9944 9703 9705 9946
f 9704 9945 9947 9706
f 9948 9946 9705 9707
f 9706 9947 9949 9708
f 9950 9948 9707 9709
f 9708 9949 9951 9710
f 9711 9952 9950 9709
f 9710 9951 9953 9712
f 9952 9711 9713 9954
f 9712 9953 9955 9714
f 9954 9713 9715 9956
f 9714 9955 9957 9716
f 9717 9958 9956 9715
f 9716 9957 9959 9718
f 9719 9962 9958 9717
f 9718 9959 9960 9720
f 9720 9960 9963 9721
f 9966 9961 9723 9722
f 9961 9962 9719 9723
f 9721 9963 9964 9724
f 9724 9964 9967 9725
f 9970 9965 9729 9728
f 9965 9966 9722 9729
f 9967 9968 9726 9725
f 9726 9968 9971 9730
f 9731 9974 9969 9727
f 9969 9970 9728 9727
f 9730 9971 9972 9732
f 9732 9972 9975 9733
f 9978 9973 9735 9734
f 9973 9974 9731 9735
f 9733 9975 9976 9736
f 9736 9976 9979 9737
f 9980 9977 9739 9738
f 9977 9978 9734 9739
f 9737 9979 9981 9740
f 9743 9986 9980 9738
f 9981 9982 9741 9740
f 9741 9982 9983 9744
f 9744 9983 9987 9745
f 9994 9984 9749 9748
f 9984 9985 9742 9749
f 9985 9986 9743 9742
f 9987 9988 9746 9745
f 9746 9988 9989 9750
f 9989 9990 9751 9750
f 9751 9990 9995 9752
f 10000 9991 9756 9755
f 9991 9992 9757 9756
f 9992 9993 9747 9757
f 9993 9994 9748 9747
f 9995 9996 9753 9752
f 9753 9996 9997 9758
f 9758 9997 10001 9759
f 10006 9998 9763 9762
f 9998 9999 9754 9763
f 9999 10000 9755 9754
f 10001 10002 9760 9759
f 9760 10002 10003 9764
f 9764 10003 10007 9766
f 10008 10004 9765 9767
f 10004 10005 9761 9765
f 10005 10006 9762 9761
f 9766 10007 10009 9768
f 10010 10008 9767 9769
f 9768 10009 10011
f 10012 10010 9769
f 10011 10013 9770 9768
f 9771 10014 10012 9769
f 10013 10015 9772 9770
f 10016 10014 9771 9773
f 9774 9772 10015 10017
f 10018 10016 9773 9775
f 10017 10019 9776 9774
f 9777 10020 10018 9775
f 9776 10019 10021 9778
f 10022 10020 9777 9779
f 9780 9778 10021 10023
f 10024 10022 9779 9781
f 9780 10023 10025 9782
f 10026 10024 9781 9783
f 9782 10025 10027 9784
f 10028 10026 9783 9785
f 9786 9784 10027 10029
f 10030 10028 9785 9787
f 9786 10029 10031 9788
f 10032 10030 9787 9789
f 9788 10031 10033 9790
f 10034 10032 9789 9791
f 9790 10033 10035 9792
f 10038 10034 9791 9793
f 9792 10035 10039 9794
f 10038 9793 9795 10040
f 10039 10041 9796 9794
f 10042 10040 9795 9797
f 9798 9796 10041 10043
f 10044 10042 9797 9799
f 10043 10045 9800 9798
f 10050 10044 9799 9805
f 9800 10045 9801
f 10045 10046 9802 9801
f 9802 10046 10047 9806
f 9806 10047 10051 9807
f 10064 10048 9821 9820
f 10048 10049 9803 9821
f 10049 10050 9804 9803
f 10050 9805 9804
f 10051 10052 9808 9807
f 10052 10053 9809 9808
f 10053 10054 9810 9809
f 10054 10055 9811 9810
f 10055 10056 9812 9811
f 10056 10057 9813 9812
f 10057 10058 9814 9813
f 10058 10059 9815 9814
f 10059 10060 9816 9815
f 10060 10061 9817 9816
f 10061 10062 9818 9817
f 10062 10063 9819 9818
f 10063 10064 9820 9819
f 10065 10075 9822 9823
f 10066 10065 9823 9824
f 10067 10066 9824 9825
f 10068 10067 9825 9826
f 10069 10068 9826 9827
f 10070 10069 9827 9828
f 10071 10070 9828 9829
f 9830 10076 10071 9829
f 10072 10085 9833 9834
f 10073 10072 9834 9835
f 10074 10073 9835 9836
f 10075 10074 9836 9822
f 10077 10076 9830 9831
f 9837 10078 10077 9831
f 10079 10078 9837 9838
f 10080 10079 9838 9839
f 9840 10086 10080 9839
f 10081 10094 9843 9844
f 10082 10081 9844 9845
f 10083 10082 9845 9846
f 10084 10083 9846 9832
f 10085 10084 9832 9833
f 10087 10086 9840 9841
f 9847 10088 10087 9841
f 10089 10088 9847 9848
f 10090 10089 9848 9849
f 9850 10095 10090 9849
f 10091 10101 9853 9854
f 10092 10091 9854 9855
f 10093 10092 9855 9842
f 10094 10093 9842 9843
f 10096 10095 9850 9851
f 9856 10097 10096 9851
f 10098 10097 9856 9857
f 9858 10102 10098 9857
f 10099 10105 9860 9861
f 10100 10099 9861 9852
f 10101 10100 9852 9853
f 10103 10102 9858 9859
f 9862 10104 10103 9859
f 9863 10106 10104 9862
f 9860 10105 10108 9864
f 9865 10109 10106 9863
f 10107 10114 9866 9867
f 10108 10107 9867 9864
f 9868 10110 10109 9865
f 9869 10115 10110 9868
f 10112 10111 9870 9871
f 10113 10112 9871 9872
f 10114 10113 9872 9866
f 9873 10116 10115 9869
f 10117 10116 9873 9874
f 10118 10117 9874 9875
f 10119 9876 9870 10111
f 9877 10120 10118 9875
f 9876 10119 10121 9878
f 10122 10120 9877 9879
f 9878 10121 10123 9880
f 10124 10122 9879 9881
f 9880 10123 10125 9882
f 10124 9881 9883 10126
f 9882 10125 10127 9884
f 10128 10126 9883 9885
f 9884 10127 10129 9886
f 10130 10128 9885 9887
f 9886 10129 10131 9888
f 10132 10130 9887 9889
f 9888 10131 10133 9890
f 10134 10132 9889 9891
f 10135 9892 9890 10133
f 9893 10136 10134 9891
f 9892 10135 10137 9894
f 10136 9893 9895 10138
f 10139 9896 9894 10137
f 9897 10140 10138 9895
f 10141 9898 9896 10139
f 9899 10142 10140 9897
f 10144 10143 9900 9901
f 10144 9901 9898 10141
f 9902 10145 10142 9899
f 10146 9903 9900 10143
f 9904 10147 10145 9902
f 9905 10149 10147 9904
f 10148 9906 9903 10146
f 9907 10151 10149 9905
f 9906 10148 10150 9908
f 9909 10152 10151 9907
f 9908 10150 10153 9910
f 9911 10154 10152 9909
f 10153 10155 9912 9910
f 9913 10156 10154 9911
f 10155 10157 9914 9912
f 9915 10158 10156 9913
f 9916 10162 10158 9915
f 9914 10157 10159 9917
f 9920 10163 10162 9916
f 9917 10159 10164 9921
f 9922 10165 10160 9918
f 10160 10161 9919 9918
f 9919 10161 10166 9923
f 10163 9920 9926 10167
f 9921 10164 10168 9927
f 10165 9922 9928 10169
f 9924 9923 10166 10170
f 9931 10171 10167 9926
f 9927 10168 10172 9932
f 10169 9928 9933 10173
f 10170 10174 10175 9929
f 10171 9931 9935 10176
f 9932 10172 10177 9936
f 10178 10173 9933 9937
f 10174 10179 10175
f 10175 10179 10180 9934
f 10176 9935 9938 10181
f 9936 10177 10182 9939
f 10183 10178 9937 9940
f 10179 10436 10184 10180
f 9941 9938 10180 10184
f 9942 10185 10181 9938
f 9939 10182 10186 9943
f 10187 10183 9940 9944
f 10184 10188 10189 9941
f 9942 9941 10189 10190
f 9942 10190 10185
f 9943 10186 10191 9945
f 10192 10187 9944 9946
f 10188 10444 10193 10189
f 10190 10189 10193 10194
f 9945 10191 10195 9947
f 9948 10196 10192 9946
f 10194 10193 10197 10198
f 9947 10195 10199 9949
f 10196 9948 9950 10200
f 10198 10197 10201 10202
f 9949 10199 10203 9951
f 10200 9950 9952 10204
f 10201 10456 10205 10202
f 10206 10202 10205
f 9951 10203 10207 9953
f 10204 9952 9954 10208
f 10206 10205 10209 10210
f 10207 10211 9955 9953
f 10212 10208 9954 9956
f 10211 10213 9957 9955
f 9958 10214 10212 9956
f 9957 10213 10215 9959
f 9962 10218 10214 9958
f 10215 10216 9960 9959
f 9960 10216 10219 9963
f 9966 10220 10217 9961
f 10217 10218 9962 9961
f 9964 9963 10219 10221
f 9967 9964 10221 10222
f 9965 9970 10225 10226
f 10220 9966 9965 10226
f 10222 10223 9968 9967
f 9968 10223 10227 9971
f 9974 10230 10224 9969
f 10224 10225 9970 9969
f 10227 10228 9972 9971
f 9972 10228 10231 9975
f 9978 10234 10229 9973
f 10229 10230 9974 9973
f 10231 10232 9976 9975
f 9976 10232 10235 9979
f 9980 10238 10233 9977
f 10233 10234 9978 9977
f 9979 10235 10236 9981
f 9981 10236 10239 9982
f 10242 10237 9986 9985
f 10237 10238 9980 9986
f 10239 10240 9983 9982
f 9983 10240 10243 9987
f 9994 10252 10241 9984
f 10241 10242 9985 9984
f 10243 10244 9988 9987
f 10244 10245 9989 9988
f 10245 10246 9990 9989
f 9990 10246 10247 9995
f 9995 10247 10253 9996
f 10260 10248 10000 9999
f 10248 10249 9991 10000
f 10249 10250 9992 9991
f 10250 10251 9993 9992
f 10251 10252 9994 9993
f 10253 10254 9997 9996
f 9997 10254 10255 10001
f 10255 10256 10002 10001
f 10002 10256 10261 10003
f 10262 10257 10005 10004
f 10257 10258 10006 10005
f 10258 10259 9998 10006
f 10259 10260 9999 9998
f 10003 10261 10263 10007
f 10008 10264 10262 10004
f 10007 10263 10265 10009
f 10010 10266 10264 10008
f 10009 10265 10267 10011
f 10012 10268 10266 10010
f 10267 10269 10013 10011
f 10270 10268 10012 10014
f 10269 10271 10015 10013
f 10016 10272 10270 10014
f 10015 10271 10273 10017
f 10272 10016 10018 10274
f 10273 10275 10019 10017
f 10276 10274 10018 10020
f 10021 10019 10275 10277
f 10278 10276 10020 10022
f 10021 10277 10279 10023
f 10280 10278 10022 10024
f 10023 10279 10281 10025
f 10282 10280 10024 10026
f 10027 10025 10281 10283
f 10284 10282 10026 10028
f 10027 10283 10285 10029
f 10286 10284 10028 10030
f 10029 10285 10287 10031
f 10288 10286 10030 10032
f 10033 10031 10287 10289
f 10290 10288 10032 10034
f 10035 10033 10036
f 10036 10033 10289 10291
f 10292 10290 10034 10037
f 10034 10038 10037
f 10039 10035 10036 10293
f 10293 10036 10291
f 10294 10292 10037
f 10037 10038 10040 10294
f 10293 10295 10041 10039
f 10042 10296 10294 10040
f 10295 10297 10043 10041
f 10299 10296 10042 10044
f 10297 10045 10043
f 10297 10298 10046 10045
f 10046 10298 10300 10047
f 10306 10299 10044 10050
f 10047 10300 10301 10051
f 10301 10302 10052 10051
f 10052 10302 10307 10053
f 10316 10303 10063 10062
f 10303 10304 10064 10063
f 10304 10305 10048 10064
f 10305 10306 10049 10048
f 10306 10050 10049
f 10307 10308 10054 10053
f 10308 10309 10055 10054
f 10309 10310 10056 10055
f 10310 10311 10057 10056
f 10311 10312 10058 10057
f 10312 10313 10059 10058
f 10313 10314 10060 10059
f 10314 10315 10061 10060
f 10315 10316 10062 10061
f 10317 10334 10072 10073
f 10318 10317 10073 10074
f 10319 10318 10074 10075
f 10320 10319 10075 10065
f 10321 10320 10065 10066
f 10322 10321 10066 10067
f 10323 10322 10067 10068
f 10324 10323 10068 10069
f 10325 10324 10069 10070
f 10326 10325 10070 10071
f 10076 10327 10326 10071
f 10328 10327 10076 10077
f 10329 10328 10077 10078
f 10330 10329 10078 10079
f 10080 10335 10330 10079
f 10331 10343 10082 10083
f 10332 10331 10083 10084
f 10333 10332 10084 10085
f 10334 10333 10085 10072
f 10086 10336 10335 10080
f 10337 10336 10086 10087
f 10338 10337 10087 10088
f 10089 10344 10338 10088
f 10339 10351 10091 10092
f 10340 10339 10092 10093
f 10341 10340 10093 10094
f 10342 10341 10094 10081
f 10343 10342 10081 10082
f 10345 10344 10089 10090
f 10095 10346 10345 10090
f 10347 10346 10095 10096
f 10348 10347 10096 10097
f 10098 10352 10348 10097
f 10349 10356 10099 10100
f 10350 10349 10100 10101
f 10351 10350 10101 10091
f 10102 10353 10352 10098
f 10354 10353 10102 10103
f 10104 10357 10354 10103
f 10356 10355 10105 10099
f 10106 10358 10357 10104
f 10359 10362 10107 10108
f 10359 10108 10105 10355
f 10109 10360 10358 10106
f 10110 10363 10360 10109
f 10361 10367 10113 10114
f 10362 10361 10114 10107
f 10115 10364 10363 10110
f 10116 10368 10364 10115
f 10111 10365 10371 10119
f 10366 10365 10111 10112
f 10367 10366 10112 10113
f 10369 10368 10116 10117
f 10370 10369 10117 10118
f 10120 10372 10370 10118
f 10119 10371 10121
f 10372 10120 10122
f 10121 10371 10373 10123
f 10374 10372 10122 10124
f 10125 10123 10373 10375
f 10376 10374 10124 10126
f 10125 10375 10377 10127
f 10378 10376 10126 10128
f 10127 10377 10379 10129
f 10380 10378 10128 10130
f 10129 10379 10381 10131
f 10382 10380 10130 10132
f 10383 10133 10131 10381
f 10134 10384 10382 10132
f 10133 10383 10385 10135
f 10386 10384 10134 10136
f 10135 10385 10387 10137
f 10388 10386 10136 10138
f 10137 10387 10389 10139
f 10140 10390 10388 10138
f 10139 10389 10391 10141
f 10392 10390 10140 10142
f 10393 10397 10143 10144
f 10394 10393 10144 10141
f 10394 10141 10391
f 10395 10392 10142 10145
f 10397 10396 10146 10143
f 10398 10395 10145 10147
f 10146 10396 10399 10148
f 10400 10398 10147 10149
f 10150 10148 10399 10401
f 10402 10400 10149 10151
f 10153 10150 10401 10403
f 10404 10661 10402 10151
f 10405 10404 10151 10152
f 10154 10408 10405 10152
f 10403 10406 10155 10153
f 10156 10411 10408 10154
f 10406 10409 10157 10155
f 10158 10416 10411 10156
f 10157 10409 10412 10159
f 10162 10417 10416 10158
f 10163 10421 10417 10162
f 10159 10412 10418 10164
f 10165 10419 10414 10160
f 10414 10415 10161 10160
f 10161 10415 10420 10166
f 10421 10163 10167
f 10164 10418 10422 10168
f 10419 10165 10169 10423
f 10166 10420 10424 10170
f 10425 10421 10167 10171
f 10168 10422 10426 10172
f 10423 10169 10173 10427
f 10170 10424 10428 10174
f 10429 10425 10171 10176
f 10172 10426 10430 10177
f 10427 10173 10178 10431
f 10174 10428 10432 10179
f 10429 10176 10181 10433
f 10177 10430 10434 10182
f 10435 10431 10178 10183
f 10436 10179 10432
f 10437 10433 10181 10185
f 10182 10434 10438 10186
f 10187 10439 10435 10183
f 10440 10188 10184 10436
f 10441 10437 10185 10190
f 10186 10438 10442 10191
f 10439 10187 10192 10443
f 10444 10188 10440
f 10445 10441 10190 10194
f 10191 10442 10446 10195
f 10443 10192 10196 10447
f 10197 10193 10444 10448
f 10445 10194 10198 10449
f 10195 10446 10450 10199
f 10447 10196 10200 10451
f 10201 10197 10448 10452
f 10449 10198 10202 10453
f 10199 10450 10454 10203
f 10451 10200 10204 10455
f 10201 10452 10715 10456
f 10206 10457 10453 10202
f 10203 10454 10458 10207
f 10455 10204 10208 10459
f 10209 10205 10456 10460
f 10457 10206 10210 10461
f 10207 10458 10462 10211
f 10212 10463 10459 10208
f 10460 10464 10465 10209
f 10210 10209 10465 10466
f 10210 10466 10467 10461
f 10211 10462 10468 10213
f 10463 10212 10214 10471
f 10464 10472 10465
f 10466 10465 10472 10473
f 10467 10466 10473 10474
f 10213 10468 10469 10215
f 10215 10469 10475 10216
f 10476 10470 10218 10217
f 10470 10471 10214 10218
f 10216 10475 10477 10219
f 10220 10480 10476 10217
f 10219 10477 10478 10221
f 10221 10478 10481 10222
f 10484 10479 10226 10225
f 10479 10480 10220 10226
f 10481 10482 10223 10222
f 10223 10482 10485 10227
f 10230 10488 10483 10224
f 10483 10484 10225 10224
f 10485 10486 10228 10227
f 10228 10486 10489 10231
f 10234 10492 10487 10229
f 10487 10488 10230 10229
f 10489 10490 10232 10231
f 10232 10490 10493 10235
f 10238 10496 10491 10233
f 10491 10492 10234 10233
f 10493 10494 10236 10235
f 10236 10494 10497 10239
f 10242 10504 10495 10237
f 10495 10496 10238 10237
f 10497 10498 10240 10239
f 10240 10498 10499 10243
f 10499 10500 10244 10243
f 10244 10500 10505 10245
f 10516 10501 10251 10250
f 10501 10502 10252 10251
f 10502 10503 10241 10252
f 10503 10504 10242 10241
f 10505 10506 10246 10245
f 10506 10507 10247 10246
f 10247 10507 10508 10253
f 10508 10509 10254 10253
f 10509 10510 10255 10254
f 10255 10510 10517 10256
f 10518 10511 10258 10257
f 10511 10512 10259 10258
f 10512 10513 10260 10259
f 10513 10514 10248 10260
f 10514 10515 10249 10248
f 10515 10516 10250 10249
f 10256 10517 10519 10261
f 10262 10520 10518 10257
f 10261 10519 10521 10263
f 10264 10522 10520 10262
f 10263 10521 10523 10265
f 10266 10524 10522 10264
f 10265 10523 10525 10267
f 10268 10526 10524 10266
f 10267 10525 10527 10269
f 10270 10528 10526 10268
f 10527 10529 10271 10269
f 10530 10528 10270 10272
f 10273 10271 10529 10531
f 10532 10530 10272 10274
f 10531 10533 10275 10273
f 10276 10534 10532 10274
f 10275 10533 10535 10277
f 10534 10276 10278 10536
f 10277 10535 10537 10279
f 10538 10536 10278 10280
f 10281 10279 10537 10539
f 10540 10538 10280 10282
f 10281 10539 10541 10283
f 10542 10540 10282 10284
f 10283 10541 10543 10285
f 10544 10542 10284 10286
f 10287 10285 10543 10545
f 10546 10544 10286 10288
f 10287 10545 10547 10289
f 10548 10546 10288 10290
f 10289 10547 10549 10291
f 10548 10290 10292 10550
f 10291 10549 10551 10293
f 10552 10550 10292 10294
f 10295 10293 10551 10553
f 10556 10552 10294 10296
f 10553 10557 10297 10295
f 10560 10556 10296 10299
f 10297 10557 10298
f 10298 10557 10558 10300
f 10300 10558 10561 10301
f 10574 10559 10305 10304
f 10559 10560 10306 10305
f 10306 10560 10299
f 10561 10562 10302 10301
f 10302 10562 10563 10307
f 10563 10564 10308 10307
f 10564 10565 10309 10308
f 10565 10566 10310 10309
f 10566 10567 10311 10310
f 10567 10568 10312 10311
f 10568 10569 10313 10312
f 10569 10570 10314 10313
f 10570 10571 10315 10314
f 10571 10572 10316 10315
f 10572 10573 10303 10316
f 10573 10574 10304 10303
f 10575 10589 10318 10319
f 10576 10575 10319 10320
f 10577 10576 10320 10321
f 10578 10577 10321 10322
f 10579 10578 10322 10323
f 10580 10579 10323 10324
f 10581 10580 10324 10325
f 10582 10581 10325 10326
f 10583 10582 10326 10327
f 10584 10583 10327 10328
f 10329 10590 10584 10328
f 10585 10598 10331 10332
f 10586 10585 10332 10333
f 10587 10586 10333 10334
f 10588 10587 10334 10317
f 10589 10588 10317 10318
f 10591 10590 10329 10330
f 10335 10592 10591 10330
f 10593 10592 10335 10336
f 10594 10593 10336 10337
f 10338 10599 10594 10337
f 10595 10606 10340 10341
f 10596 10595 10341 10342
f 10597 10596 10342 10343
f 10598 10597 10343 10331
f 10344 10600 10599 10338
f 10601 10600 10344 10345
f 10602 10601 10345 10346
f 10347 10607 10602 10346
f 10603 10612 10349 10350
f 10604 10603 10350 10351
f 10605 10604 10351 10339
f 10606 10605 10339 10340
f 10608 10607 10347 10348
f 10352 10609 10608 10348
f 10610 10609 10352 10353
f 10354 10613 10610 10353
f 10611 10616 10355 10356
f 10612 10611 10356 10349
f 10357 10614 10613 10354
f 10358 10617 10614 10357
f 10616 10615 10359 10355
f 10360 10618 10617 10358
f 10619 10623 10361 10362
f 10619 10362 10359 10615
f 10363 10620 10618 10360
f 10364 10624 10620 10363
f 10621 10627 10365 10366
f 10622 10621 10366 10367
f 10623 10622 10367 10361
f 10368 10625 10624 10364
f 10626 10625 10368 10369
f 10370 10628 10626 10369
f 10365 10627 10371
f 10372 10628 10370
f 10373 10371 10627 10629
f 10630 10628 10372 10374
f 10373 10629 10631 10375
f 10632 10630 10374 10376
f 10375 10631 10633 10377
f 10634 10632 10376 10378
f 10377 10633 10635 10379
f 10636 10634 10378 10380
f 10637 10381 10379 10635
f 10382 10638 10636 10380
f 10381 10637 10639 10383
f 10640 10638 10382 10384
f 10383 10639 10641 10385
f 10642 10640 10384 10386
f 10643 10387 10385 10641
f 10388 10644 10642 10386
f 10387 10643 10645 10389
f 10646 10644 10388 10390
f 10647 10391 10389 10645
f 10648 10646 10390 10392
f 10649 10651 10393 10394
f 10649 10394 10391 10647
f 10395 10650 10648 10392
f 10393 10651 10653 10397
f 10398 10652 10650 10395
f 10399 10396 10397 10653
f 10400 10656 10652 10398
f 10401 10399 10653 10657
f 10658 10656 10400 10402
f 10403 10401 10657 10659
f 10661 10660 10658 10402
f 10406 10403 10659 10662
f 10664 10663 10661 10404
f 10404 10405 10407 10664
f 10405 10408 10407
f 10662 10665 10409 10406
f 10667 10664 10407 10410
f 10410 10407 10408 10668
f 10411 10672 10668 10408
f 10409 10665 10669 10412
f 10670 10666 10667 10413
f 10410 10414 10413 10667
f 10414 10410 10668 10671
f 10416 10676 10672 10411
f 10412 10669 10673 10418
f 10674 10670 10413 10419
f 10414 10419 10413
f 10414 10671 10415
f 10415 10671 10675 10420
f 10677 10676 10416 10417
f 10421 10682 10677 10417
f 10418 10673 10678 10422
f 10679 10674 10419 10423
f 10420 10675 10680 10424
f 10682 10421 10425
f 10422 10678 10683 10426
f 10684 10679 10423 10427
f 10680 10685 10428 10424
f 10686 10682 10425 10429
f 10430 10426 10683 10687
f 10684 10427 10431 10688
f 10685 10689 10432 10428
f 10691 10686 10429 10433
f 10430 10687 10692 10434
f 10688 10431 10435 10693
f 10432 10689 10694 10436
f 10691 10433 10437 10696
f 10434 10692 10697 10438
f 10693 10435 10439 10698
f 10436 10694 10699 10440
f 10696 10437 10441 10700
f 10697 10701 10442 10438
f 10698 10439 10443 10702
f 10440 10699 10703 10444
f 10704 10700 10441 10445
f 10446 10442 10701 10705
f 10702 10443 10447 10706
f 10444 10703 10707 10448
f 10708 10704 10445 10449
f 10450 10446 10705 10709
f 10706 10447 10451 10710
f 10448 10707 10711 10452
f 10708 10449 10453 10712
f 10454 10450 10709 10713
f 10710 10451 10455 10714
f 10715 10452 10711
f 10457 10716 10712 10453
f 10458 10454 10713 10717
f 10718 10714 10455 10459
f 10719 10460 10456 10715
f 10716 10457 10461 10720
f 10717 10721 10462 10458
f 10463 10722 10718 10459
f 10460 10719 10723 10464
f 10724 10720 10461 10467
f 10462 10721 10725 10468
f 10722 10463 10471 10728
f 10464 10723 10729 10472
f 10730 10724 10467 10474
f 10725 10726 10469 10468
f 10469 10726 10731 10475
f 10476 10732 10727 10470
f 10727 10728 10471 10470
f 10473 10472 10729 10733
f 10474 10473 10733 10734
f 10474 10734 10730
f 10475 10731 10735 10477
f 10480 10738 10732 10476
f 10735 10736 10478 10477
f 10478 10736 10739 10481
f 10484 10742 10737 10479
f 10737 10738 10480 10479
f 10739 10740 10482 10481
f 10482 10740 10743 10485
f 10488 10746 10741 10483
f 10741 10742 10484 10483
f 10743 10744 10486 10485
f 10486 10744 10747 10489
f 10492 10750 10745 10487
f 10745 10746 10488 10487
f 10747 10748 10490 10489
f 10490 10748 10751 10493
f 10496 10754 10749 10491
f 10749 10750 10492 10491
f 10751 10752 10494 10493
f 10494 10752 10755 10497
f 10504 10765 10753 10495
f 10753 10754 10496 10495
f 10755 10756 10498 10497
f 10756 10757 10499 10498
f 10757 10758 10500 10499
f 10500 10758 10759 10505
f 10759 10760 10506 10505
f 10506 10760 10766 10507
f 10774 10761 10516 10515
f 10761 10762 10501 10516
f 10762 10763 10502 10501
f 10763 10764 10503 10502
f 10764 10765 10504 10503
f 10766 10767 10508 10507
f 10767 10768 10509 10508
f 10768 10769 10510 10509
f 10510 10769 10775 10517
f 10518 10776 10770 10511
f 10770 10771 10512 10511
f 10771 10772 10513 10512
f 10772 10773 10514 10513
f 10773 10774 10515 10514
f 10517 10775 10777 10519
f 10520 10778 10776 10518
f 10519 10777 10779 10521
f 10522 10781 10778 10520
f 10521 10779 10780 10523
f 10523 10780 10782
f 10524 10784 10781 10522
f 10782 10785 10525 10523
f 10787 10783 10526 10528
f 10783 10784 10524 10526
f 10525 10785 10786 10527
f 10527 10786 10788 10529
f 10791 10787 10528 10530
f 10529 10788 10789 10792
f 10793 10790 10791 10530
f 10531 10529 10792 10794
f 10795 10793 10530 10532
f 10533 10531 10794 10796
f 10797 10795 10532 10534
f 10535 10533 10796 10798
f 10799 10797 10534 10536
f 10537 10535 10798 10800
f 10801 10799 10536 10538
f 10539 10537 10800 10802
f 10803 10801 10538 10540
f 10539 10802 10804 10541
f 10805 10803 10540 10542
f 10543 10541 10804 10806
f 10807 10805 10542 10544
f 10545 10543 10806 10808
f 10809 10807 10544 10546
f 10545 10808 10810 10547
f 10813 10809 10546 10548
f 10549 10547 10810 10814
f 10817 10813 10548 10550
f 10551 10549 10814 10818
f 10821 10817 10550 10552
f 10554 10553 10551 10818
f 10554 10818 10819 10822
f 10823 10820 10821 10555
f 10552 10556 10555 10821
f 10557 10553 10554
f 10558 10557 10554 10822
f 10558 10822 10824 10561
f 10825 10823 10559 10574
f 10555 10560 10559 10823
f 10556 10560 10555
f 10561 10824 10826 10562
f 10837 10825 10574 10573
f 10826 10827 10563 10562
f 10827 10828 10564 10563
f 10828 10829 10565 10564
f 10829 10830 10566 10565
f 10830 10831 10567 10566
f 10831 10832 10568 10567
f 10832 10833 10569 10568
f 10833 10834 10570 10569
f 10834 10835 10571 10570
f 10835 10836 10572 10571
f 10836 10837 10573 10572
f 10838 10847 10576 10577
f 10839 10838 10577 10578
f 10840 10839 10578 10579
f 10841 10840 10579 10580
f 10842 10841 10580 10581
f 10843 10842 10581 10582
f 10583 10848 10843 10582
f 10844 10856 10587 10588
f 10845 10844 10588 10589
f 10846 10845 10589 10575
f 10847 10846 10575 10576
f 10849 10848 10583 10584
f 10590 10850 10849 10584
f 10851 10850 10590 10591
f 10592 10857 10851 10591
f 10852 10865 10596 10597
f 10853 10852 10597 10598
f 10854 10853 10598 10585
f 10855 10854 10585 10586
f 10856 10855 10586 10587
f 10858 10857 10592 10593
f 10859 10858 10593 10594
f 10599 10860 10859 10594
f 10861 10860 10599 10600
f 10601 10866 10861 10600
f 10862 10873 10604 10605
f 10863 10862 10605 10606
f 10864 10863 10606 10595
f 10865 10864 10595 10596
f 10867 10866 10601 10602
f 10607 10868 10867 10602
f 10869 10868 10607 10608
f 10870 10869 10608 10609
f 10610 10874 10870 10609
f 10871 10878 10611 10612
f 10872 10871 10612 10603
f 10873 10872 10603 10604
f 10613 10875 10874 10610
f 10876 10875 10613 10614
f 10877 10881 10615 10616
f 10878 10877 10616 10611
f 10617 10879 10876 10614
f 10618 10882 10879 10617
f 10881 10880 10619 10615
f 10620 10883 10882 10618
f 10884 10887 10622 10623
f 10884 10623 10619 10880
f 10624 10885 10883 10620
f 10625 10888 10885 10624
f 10621 10886 10627
f 10887 10886 10621 10622
f 10889 10888 10625 10626
f 10628 10889 10626
f 10629 10627 10886 10890
f 10891 10889 10628 10630
f 10629 10890 10892 10631
f 10893 10891 10630 10632
f 10631 10892 10894 10633
f 10895 10893 10632 10634
f 10896 10635 10633 10894
f 10636 10897 10895 10634
f 10635 10896 10898 10637
f 10899 10897 10636 10638
f 10637 10898 10900 10639
f 10901 10899 10638 10640
f 10902 10641 10639 10900
f 10642 10903 10901 10640
f 10641 10902 10904 10643
f 10905 10903 10642 10644
f 10643 10904 10906 10645
f 10907 10905 10644 10646
f 10645 10906 10908 10647
f 10909 10907 10646 10648
f 10647 10908 10910 10649
f 10911 10909 10648 10650
f 10649 10910 10912 10651
f 10913 10911 10650 10652
f 10653 10651 10654
f 10654 10651 10912 10914
f 10915 10913 10652 10655
f 10652 10656 10655
f 10657 10653 10654 10916
f 10916 10654 10914
f 10917 10915 10655
f 10655 10656 10658 10917
f 10659 10657 10916 10918
f 10919 10917 10658 10660
f 10662 10659 10918 10920
f 10921 11175 10919 10660
f 10660 10661 10663 10921
f 10662 10920 10922 10665
f 10923 10921 10663 10666
f 10663 10664 10667 10666
f 10665 10922 10924 10669
f 10925 10923 10666 10670
f 10668 10672 10675 10671
f 10669 10924 10926 10673
f 10927 10925 10670 10674
f 10672 10676 10680 10675
f 10673 10926 10928 10678
f 10929 10927 10674 10679
f 10676 10677 10681 10680
f 10677 10682 10681
f 10678 10928 10930 10683
f 10931 10929 10679 10684
f 10685 10680 10681
f 10681 10682 10686 10685
f 10683 10930 10932 10687
f 10933 10931 10684 10688
f 10685 10686 10690 10689
f 10686 10691 10690
f 10687 10932 10934 10692
f 10935 10933 10688 10693
f 10689 10690 10695 10694
f 10690 10691 10696 10695
f 10697 10692 10934 10936
f 10937 10935 10693 10698
f 10699 10694 10695
f 10695 10696 10700 10699
f 10936 10938 10701 10697
f 10939 10937 10698 10702
f 10699 10940 10703
f 10941 10940 10699 10700
f 10941 10700 10704
f 10701 10938 10942 10705
f 10943 10939 10702 10706
f 10703 10940 10944 10707
f 10945 10941 10704 10708
f 10705 10942 10946 10709
f 10947 10943 10706 10710
f 10707 10944 10948 10711
f 10949 10945 10708 10712
f 10709 10946 10950 10713
f 10951 10947 10710 10714
f 10711 10948 10952 10715
f 10954 10949 10712 10716
f 10713 10950 10955 10717
f 10718 10956 10951 10714
f 10715 10952 10957 10719
f 10958 10954 10716 10720
f 10717 10955 10959 10721
f 10956 10718 10722 10960
f 10719 10957 10961 10723
f 10963 10958 10720 10724
f 10959 10964 10725 10721
f 10965 10960 10722 10728
f 10966 10729 10723 10961
f 10968 10963 10724 10730
f 10725 10964 10726
f 10726 10964 10969 10731
f 10732 10970 10965 10727
f 10965 10728 10727
f 10729 10966 10967
f 10729 10967 10968 10733
f 10730 10734 10733 10968
f 10731 10969 10971 10735
f 10738 10976 10970 10732
f 10971 10972 10736 10735
f 10736 10972 10973 10739
f 10739 10973 10977 10740
f 10980 10974 10742 10741
f 10974 10975 10737 10742
f 10975 10976 10738 10737
f 10740 10977 10978 10743
f 10743 10978 10981 10744
f 10982 10979 10746 10745
f 10979 10980 10741 10746
f 10744 10981 10983 10747
f 10750 10986 10982 10745
f 10983 10984 10748 10747
f 10748 10984 10987 10751
f 10754 10991 10985 10749
f 10985 10986 10750 10749
f 10987 10988 10752 10751
f 10752 10988 10989 10755
f 10755 10989 10992 10756
f 10765 11005 10990 10753
f 10990 10991 10754 10753
f 10992 10993 10757 10756
f 10993 10994 10758 10757
f 10994 10995 10759 10758
f 10995 10996 10760 10759
f 10760 10996 10997 10766
f 10997 10998 10767 10766
f 10767 10998 11006 10768
f 11010 10999 10773 10772
f 10999 11000 10774 10773
f 11000 11001 10761 10774
f 11001 11002 10762 10761
f 11002 11003 10763 10762
f 11003 11004 10764 10763
f 11004 11005 10765 10764
f 11006 11007 10769 10768
f 10769 11007 11011 10775
f 10776 11012 11008 10770
f 11008 11009 10771 10770
f 11009 11010 10772 10771
f 10775 11011 11013 10777
f 10778 11014 11012 10776
f 10777 11013 11015 10779
f 10781 11019 11014 10778
f 11015 11016 10780 10779
f 10780 11016 11017 10782
f 10782 11017 11020
f 11022 11018 10784 10783
f 11018 11019 10781 10784
f 10786 10785 10782 11020
f 10786 11020 11023 10788
f 11028 11021 10787 10791
f 11021 11022 10783 10787
f 11023 11024 10789 10788
f 10789 11024 11025 11029
f 11033 11026 11027 10790
f 11027 11028 10791 10790
f 10792 10789 11029 11034
f 11039 11033 10790 10793
f 10794 10792 11034 11040
f 11045 11039 10793 10795
f 10796 10794 11040 11046
f 11051 11045 10795 10797
f 10798 10796 11046 11052
f 11057 11051 10797 10799
f 10800 10798 11052 11058
f 11061 11057 10799 10801
f 10802 10800 11058 11062
f 11065 11061 10801 10803
f 10802 11062 11066 10804
f 11069 11065 10803 10805
f 10806 10804 11066 11070
f 11071 11069 10805 10807
f 10808 10806 11070 11072
f 11073 11071 10807 10809
f 10810 10808 10811
f 10811 10808 11072 11074
f 11075 11073 10809 10812
f 10809 10813 10812
f 10810 10811 10815 10814
f 10815 10811 11074 11076
f 11077 11075 10812 10816
f 10812 10813 10817 10816
f 10814 10815 10819 10818
f 10819 10815 11076 11078
f 11079 11077 10816 10820
f 10816 10817 10821 10820
f 10822 10819 11078 11080
f 11081 11079 10820 10823
f 11080 11082 10824 10822
f 11085 11081 10823 10825
f 11082 10826 10824
f 11082 11083 10827 10826
f 10827 11083 11086 10828
f 11093 11084 10836 10835
f 11084 11085 10837 10836
f 10837 11085 10825
f 11086 11087 10829 10828
f 11087 11088 10830 10829
f 11088 11089 10831 10830
f 11089 11090 10832 10831
f 11090 11091 10833 10832
f 11091 11092 10834 10833
f 11092 11093 10835 10834
f 11094 11110 10844 10845
f 11095 11094 10845 10846
f 11096 11095 10846 10847
f 11097 11096 10847 10838
f 11098 11097 10838 10839
f 11099 11098 10839 10840
f 11100 11099 10840 10841
f 11101 11100 10841 10842
f 11102 11101 10842 10843
f 10848 11103 11102 10843
f 11104 11103 10848 10849
f 11105 11104 10849 10850
f 10851 11111 11105 10850
f 11106 11119 10852 10853
f 11107 11106 10853 10854
f 11108 11107 10854 10855
f 11109 11108 10855 10856
f 11110 11109 10856 10844
f 10857 11112 11111 10851
f 11113 11112 10857 10858
f 11114 11113 10858 10859
f 11115 11114 10859 10860
f 10861 11120 11115 10860
f 11116 11127 10862 10863
f 11117 11116 10863 10864
f 11118 11117 10864 10865
f 11119 11118 10865 10852
f 10866 11121 11120 10861
f 11122 11121 10866 10867
f 11123 11122 10867 10868
f 11124 11123 10868 10869
f 10870 11128 11124 10869
f 11125 11132 10871 10872
f 11126 11125 10872 10873
f 11127 11126 10873 10862
f 10874 11129 11128 10870
f 11130 11129 10874 10875
f 10876 11133 11130 10875
f 11131 11136 10877 10878
f 11132 11131 10878 10871
f 10879 11134 11133 10876
f 11135 11138 10880 10881
f 11136 11135 10881 10877
f 10882 11137 11134 10879
f 10883 11139 11137 10882
f 10880 11138 11141 10884
f 10885 11140 11139 10883
f 10884 11141 11144 10887
f 10888 11142 11140 10885
f 10889 11145 11142 10888
f 10886 11143 10890
f 11144 11143 10886 10887
f 11145 10889 10891
f 11146 10892 10890 11143
f 10893 11147 11145 10891
f 10892 11146 11148 10894
f 10895 11149 11147 10893
f 10894 11148 11150 10896
f 11151 11149 10895 10897
f 10896 11150 11152 10898
f 11153 11151 10897 10899
f 11154 10900 10898 11152
f 10901 11155 11153 10899
f 10900 11154 11156 10902
f 11157 11155 10901 10903
f 10902 11156 11158 10904
f 11159 11157 10903 10905
f 10904 11158 11160 10906
f 11161 11159 10905 10907
f 10906 11160 11162 10908
f 11163 11161 10907 10909
f 11164 10910 10908 11162
f 10911 11165 11163 10909
f 10910 11164 11166 10912
f 11167 11165 10911 10913
f 10912 11166 11168 10914
f 11169 11167 10913 10915
f 10914 11168 11170 10916
f 11171 11169 10915 10917
f 10916 11170 11172 10918
f 11173 11171 10917 10919
f 10918 11172 11174 10920
f 11175 11173 10919
f 10920 11174 11176 10922
f 11177 11175 10921 10923
f 10922 11176 11178 10924
f 11179 11177 10923 10925
f 10924 11178 11180 10926
f 11179 10925 10927 11181
f 10926 11180 11182 10928
f 11183 11181 10927 10929
f 10928 11182 11184 10930
f 11185 11183 10929 10931
f 10930 11184 11186 10932
f 11185 10931 10933 11187
f 10932 11186 11188 10934
f 11187 10933 10935 11189
f 10934 11188 11190 10936
f 11189 10935 10937 11191
f 10936 11190 11192 10938
f 11191 10937 10939 11193
f 10938 11192 11194 10942
f 11193 10939 10943 11195
f 10940 10941 10945 10944
f 10942 11194 11196 10946
f 11195 10943 10947 11197
f 10944 10945 10949 10948
f 10946 11196 11198 10950
f 11197 10947 10951 11199
f 10948 10949 10953 10952
f 10949 10954 10953
f 10950 11198 11200 10955
f 11199 10951 10956 11201
f 10957 10952 10953
f 10953 10954 10958 10957
f 10955 11200 11202 10959
f 11201 10956 10960 11203
f 10957 10958 10962 10961
f 10958 10963 10962
f 10959 11202 11204 10964
f 10965 11205 11203 10960
f 10961 10962 10967 10966
f 10962 10963 10968 10967
f 10964 11204 11206 10969
f 10970 11209 11205 10965
f 10969 11206 11207 10971
f 10971 11207 11210 10972
f 11211 11208 10976 10975
f 11208 11209 10970 10976
f 10973 10972 11210 11212
f 10977 10973 11212 11213
f 10974 10980 11214 11215
f 11211 10975 10974 11215
f 10978 10977 11213 11216
f 10981 10978 11216 11217
f 10979 10982 11218 11219
f 11214 10980 10979 11219
f 10981 11217 11220 10983
f 10986 11223 11218 10982
f 11220 11221 10984 10983
f 10984 11221 11224 10987
f 10991 11235 11222 10985
f 11222 11223 10986 10985
f 11224 11225 10988 10987
f 11225 11226 10989 10988
f 10989 11226 11227 10992
f 11227 11228 10993 10992
f 11228 11229 10994 10993
f 10994 11229 11236 10995
f 11243 11230 11002 11001
f 11230 11231 11003 11002
f 11231 11232 11004 11003
f 11232 11233 11005 11004
f 11233 11234 10990 11005
f 11234 11235 10991 10990
f 11236 11237 10996 10995
f 11237 11238 10997 10996
f 11238 11239 10998 10997
f 10998 11239 11244 11006
f 11246 11240 11010 11009
f 11240 11241 10999 11010
f 11241 11242 11000 10999
f 11242 11243 11001 11000
f 11007 11006 11244 11247
f 11011 11007 11247 11248
f 11012 11249 11245 11008
f 11245 11246 11009 11008
f 11011 11248 11250 11013
f 11014 11251 11249 11012
f 11013 11250 11252 11015
f 11019 11259 11251 11014
f 11252 11253 11016 11015
f 11253 11254 11017 11016
f 11017 11254 11255 11020
f 11020 11255 11260 11023
f 11269 11256 11021 11028
f 11256 11257 11022 11021
f 11257 11258 11018 11022
f 11258 11259 11019 11018
f 11260 11261 11024 11023
f 11261 11262 11025 11024
f 11025 11262 11263 11270
f 11275 11266 11267 11026
f 11267 11268 11027 11026
f 11268 11269 11028 11027
f 11030 11029 11025 11270
f 11030 11270 11271 11276
f 11282 11273 11274 11031
f 11274 11275 11032 11031
f 11026 11033 11032 11275
f 11029 11030 11035 11034
f 11036 11035 11030 11276
f 11036 11276 11277 11283
f 11288 11282 11031 11037
f 11031 11032 11038 11037
f 11032 11033 11039 11038
f 11034 11035 11041 11040
f 11035 11036 11042 11041
f 11042 11036 11283 11289
f 11294 11288 11037 11043
f 11037 11038 11044 11043
f 11038 11039 11045 11044
f 11040 11041 11047 11046
f 11041 11042 11048 11047
f 11048 11042 11289 11295
f 11300 11294 11043 11049
f 11043 11044 11050 11049
f 11044 11045 11051 11050
f 11046 11047 11053 11052
f 11047 11048 11054 11053
f 11054 11048 11295 11301
f 11306 11300 11049 11055
f 11049 11050 11056 11055
f 11050 11051 11057 11056
f 11052 11053 11059 11058
f 11059 11053 11054 11307
f 11307 11054 11301 11308
f 11312 11311 11306 11055
f 11055 11056 11060 11312
f 11056 11057 11061 11060
f 11058 11059 11063 11062
f 11063 11059 11307 11313
f 11314 11312 11060 11064
f 11060 11061 11065 11064
f 11066 11062 11067
f 11067 11062 11063 11315
f 11315 11063 11313 11316
f 11318 11317 11314 11064
f 11064 11065 11068 11318
f 11065 11069 11068
f 11070 11066 11067 11319
f 11319 11067 11315 11320
f 11322 11321 11318 11068
f 11068 11069 11071 11322
f 11072 11070 11319 11323
f 11324 11322 11071 11073
f 11074 11072 11323 11325
f 11326 11324 11073 11075
f 11076 11074 11325 11327
f 11328 11326 11075 11077
f 11078 11076 11327 11329
f 11330 11328 11077 11079
f 11080 11078 11329 11331
f 11332 11330 11079 11081
f 11331 11333 11082 11080
f 11342 11332 11081 11085
f 11082 11333 11083
f 11083 11333 11334 11086
f 11334 11335 11087 11086
f 11335 11336 11088 11087
f 11336 11337 11089 11088
f 11337 11338 11090 11089
f 11338 11339 11091 11090
f 11339 11340 11092 11091
f 11340 11341 11093 11092
f 11341 11342 11084 11093
f 11342 11085 11084
f 11343 11357 11095 11096
f 11344 11343 11096 11097
f 11345 11344 11097 11098
f 11346 11345 11098 11099
f 11347 11346 11099 11100
f 11348 11347 11100 11101
f 11349 11348 11101 11102
f 11350 11349 11102 11103
f 11104 11358 11350 11103
f 11352 11351 11106 11107
f 11353 11352 11107 11108
f 11354 11353 11108 11109
f 11355 11354 11109 11110
f 11356 11355 11110 11094
f 11357 11356 11094 11095
f 11359 11358 11104 11105
f 11111 11360 11359 11105
f 11361 11360 11111 11112
f 11362 11361 11112 11113
f 11363 11362 11113 11114
f 11364 11363 11114 11115
f 11365 11372 11117 11118
f 11366 11365 11118 11119
f 11366 11119 11106 11351
f 11120 11367 11364 11115
f 11368 11367 11120 11121
f 11122 11373 11368 11121
f 11369 11380 11125 11126
f 11370 11369 11126 11127
f 11371 11370 11127 11116
f 11372 11371 11116 11117
f 11374 11373 11122 11123
f 11375 11374 11123 11124
f 11128 11376 11375 11124
f 11377 11376 11128 11129
f 11378 11377 11129 11130
f 11379 11384 11131 11132
f 11380 11379 11132 11125
f 11133 11381 11378 11130
f 11382 11381 11133 11134
f 11383 11386 11135 11136
f 11384 11383 11136 11131
f 11137 11385 11382 11134
f 11135 11386 11389 11138
f 11139 11387 11385 11137
f 11140 11390 11387 11139
f 11389 11388 11141 11138
f 11142 11392 11390 11140
f 11391 11393 11143 11144
f 11391 11144 11141 11388
f 11145 11394 11392 11142
f 11143 11393 11395 11146
f 11147 11396 11394 11145
f 11146 11395 11148
f 11149 11398 11396 11147
f 11397 11150 11148 11395
f 11398 11149 11151
f 11150 11397 11399 11152
f 11400 11398 11151 11153
f 11152 11399 11401 11154
f 11402 11400 11153 11155
f 11154 11401 11403 11156
f 11404 11402 11155 11157
f 11405 11158 11156 11403
f 11159 11406 11404 11157
f 11158 11405 11407 11160
f 11406 11159 11161 11408
f 11409 11162 11160 11407
f 11163 11410 11408 11161
f 11162 11409 11411 11164
f 11412 11410 11163 11165
f 11164 11411 11413 11166
f 11414 11412 11165 11167
f 11166 11413 11415 11168
f 11416 11414 11167 11169
f 11168 11415 11417 11170
f 11418 11416 11169 11171
f 11170 11417 11419 11172
f 11418 11171 11173 11420
f 11172 11419 11421 11174
f 11175 11422 11420 11173
f 11174 11421 11423 11176
f 11422 11175 11177 11424
f 11176 11423 11425 11178
f 11426 11424 11177 11179
f 11178 11425 11427 11180
f 11428 11426 11179 11181
f 11180 11427 11429 11182
f 11428 11181 11183 11430
f 11182 11429 11431 11184
f 11432 11430 11183 11185
f 11186 11184 11431 11433
f 11434 11432 11185 11187
f 11188 11186 11433 11435
f 11436 11434 11187 11189
f 11190 11188 11435 11437
f 11438 11436 11189 11191
f 11192 11190 11437 11439
f 11440 11438 11191 11193
f 11194 11192 11439 11441
f 11442 11440 11193 11195
f 11196 11194 11441 11443
f 11444 11442 11195 11197
f 11198 11196 11443 11445
f 11446 11444 11197 11199
f 11200 11198 11445 11447
f 11448 11446 11199 11201
f 11202 11200 11447 11449
f 11450 11448 11201 11203
f 11449 11451 11204 11202
f 11205 11452 11450 11203
f 11204 11451 11453 11206
f 11209 11456 11452 11205
f 11453 11454 11207 11206
f 11207 11454 11457 11210
f 11211 11460 11455 11208
f 11455 11456 11209 11208
f 11210 11457 11458 11212
f 11212 11458 11461 11213
f 11462 11459 11215 11214
f 11459 11460 11211 11215
f 11213 11461 11463 11216
f 11219 11466 11462 11214
f 11463 11464 11217 11216
f 11217 11464 11467 11220
f 11223 11473 11465 11218
f 11465 11466 11219 11218
f 11467 11468 11221 11220
f 11221 11468 11469 11224
f 11469 11470 11225 11224
f 11225 11470 11474 11226
f 11484 11471 11235 11234
f 11471 11472 11222 11235
f 11472 11473 11223 11222
f 11474 11475 11227 11226
f 11475 11476 11228 11227
f 11476 11477 11229 11228
f 11229 11477 11478 11236
f 11236 11478 11485 11237
f 11490 11479 11243 11242
f 11479 11480 11230 11243
f 11480 11481 11231 11230
f 11481 11482 11232 11231
f 11482 11483 11233 11232
f 11483 11484 11234 11233
f 11485 11486 11238 11237
f 11486 11487 11239 11238
f 11239 11487 11491 11244
f 11246 11492 11488 11240
f 11488 11489 11241 11240
f 11489 11490 11242 11241
f 11244 11491 11493 11247
f 11245 11249 11495 11496
f 11492 11246 11245 11496
f 11493 11494 11248 11247
f 11248 11494 11497 11250
f 11251 11504 11495 11249
f 11250 11497 11498 11252
f 11498 11499 11253 11252
f 11499 11500 11254 11253
f 11254 11500 11505 11255
f 11516 11501 11257 11256
f 11501 11502 11258 11257
f 11502 11503 11259 11258
f 11503 11504 11251 11259
f 11255 11505 11506 11260
f 11506 11507 11261 11260
f 11507 11508 11262 11261
f 11508 11509 11263 11262
f 11509 11510 11264 11263
f 11264 11510 11742 11517
f 11518 11743 11511 11265
f 11511 11512 11266 11265
f 11512 11513 11267 11266
f 11513 11514 11268 11267
f 11514 11515 11269 11268
f 11515 11516 11256 11269
f 11263 11264 11271 11270
f 11272 11271 11264 11517
f 11272 11517 11744 11519
f 11522 11747 11518 11273
f 11265 11274 11273 11518
f 11265 11266 11275 11274
f 11271 11272 11277 11276
f 11278 11277 11272 11519
f 11519 11520 11279 11278
f 11520 11521 11280 11279
f 11521 11522 11281 11280
f 11273 11282 11281 11522
f 11277 11278 11284 11283
f 11278 11279 11285 11284
f 11279 11280 11286 11285
f 11280 11281 11287 11286
f 11281 11282 11288 11287
f 11283 11284 11290 11289
f 11284 11285 11291 11290
f 11285 11286 11292 11291
f 11286 11287 11293 11292
f 11287 11288 11294 11293
f 11289 11290 11296 11295
f 11290 11291 11297 11296
f 11291 11292 11298 11297
f 11292 11293 11299 11298
f 11293 11294 11300 11299
f 11295 11296 11302 11301
f 11296 11297 11303 11302
f 11297 11298 11304 11303
f 11298 11299 11305 11304
f 11299 11300 11306 11305
f 11301 11302 11309 11308
f 11309 11302 11303 11523
f 11524 11523 11303 11304
f 11304 11305 11310 11524
f 11305 11306 11311 11310
f 11313 11307 11308 11525
f 11526 11525 11308 11309
f 11526 11309 11523 11527
f 11529 11528 11524 11310
f 11530 11529 11310 11311
f 11311 11312 11314 11530
f 11316 11313 11525 11531
f 11536 11530 11314 11317
f 11320 11315 11316 11537
f 11537 11316 11531 11538
f 11540 11539 11536 11317
f 11317 11318 11321 11540
f 11323 11319 11320 11541
f 11541 11320 11537 11542
f 11544 11543 11540 11321
f 11321 11322 11324 11544
f 11325 11323 11541 11545
f 11548 11544 11324 11326
f 11327 11325 11545 11549
f 11552 11548 11326 11328
f 11329 11327 11549 11553
f 11556 11552 11328 11330
f 11331 11329 11553 11557
f 11562 11556 11330 11332
f 11557 11333 11331
f 11557 11558 11334 11333
f 11334 11558 11563 11335
f 11568 11561 11341 11340
f 11561 11562 11342 11341
f 11342 11562 11332
f 11563 11564 11336 11335
f 11564 11565 11337 11336
f 11565 11566 11338 11337
f 11566 11567 11339 11338
f 11567 11568 11340 11339
f 11575 11366 11351 11576
f 11576 11351 11352 11569
f 11352 11353 11570 11569
f 11353 11354 11571 11570
f 11354 11355 11577 11571
f 11578 11577 11355 11356
f 11579 11578 11356 11357
f 11580 11579 11357 11343
f 11581 11580 11343 11344
f 11582 11581 11344 11345
f 11583 11582 11345 11346
f 11584 11583 11346 11347
f 11585 11584 11347 11348
f 11586 11585 11348 11349
f 11587 11586 11349 11350
f 11358 11588 11587 11350
f 11589 11588 11358 11359
f 11590 11589 11359 11360
f 11590 11360 11361 11572
f 11361 11362 11573 11572
f 11362 11363 11574 11573
f 11363 11364 11591 11574
f 11364 11367 11592 11591
f 11593 11365 11366 11575
f 11367 11368 11594 11592
f 11595 11603 11370 11371
f 11596 11595 11371 11372
f 11596 11372 11365 11593
f 11373 11597 11594 11368
f 11598 11597 11373 11374
f 11599 11598 11374 11375
f 11600 11599 11375 11376
f 11377 11604 11600 11376
f 11601 11608 11379 11380
f 11602 11601 11380 11369
f 11603 11602 11369 11370
f 11605 11604 11377 11378
f 11381 11606 11605 11378
f 11382 11609 11606 11381
f 11607 11612 11383 11384
f 11608 11607 11384 11379
f 11385 11610 11609 11382
f 11612 11611 11386 11383
f 11387 11613 11610 11385
f 11614 11616 11388 11389
f 11614 11389 11386 11611
f 11390 11615 11613 11387
f 11388 11616 11618 11391
f 11392 11617 11615 11390
f 11391 11618 11620 11393
f 11394 11619 11617 11392
f 11393 11620 11622 11395
f 11621 11619 11394 11396
f 11395 11622 11624 11397
f 11623 11621 11396 11398
f 11397 11624 11399
f 11625 11623 11398 11400
f 11626 11401 11399 11624
f 11402 11627 11625 11400
f 11401 11626 11628 11403
f 11629 11627 11402 11404
f 11403 11628 11630 11405
f 11631 11629 11404 11406
f 11405 11630 11632 11407
f 11633 11631 11406 11408
f 11407 11632 11634 11409
f 11635 11633 11408 11410
f 11409 11634 11636 11411
f 11637 11635 11410 11412
f 11411 11636 11638 11413
f 11639 11637 11412 11414
f 11413 11638 11640 11415
f 11641 11639 11414 11416
f 11415 11640 11642 11417
f 11643 11641 11416 11418
f 11417 11642 11644 11419
f 11645 11643 11418 11420
f 11419 11644 11646 11421
f 11647 11645 11420 11422
f 11421 11646 11648 11423
f 11649 11647 11422 11424
f 11423 11648 11650 11425
f 11651 11649 11424 11426
f 11425 11650 11652 11427
f 11653 11651 11426 11428
f 11427 11652 11654 11429
f 11655 11653 11428 11430
f 11429 11654 11656 11431
f 11655 11430 11432 11657
f 11431 11656 11658 11433
f 11657 11432 11434 11659
f 11433 11658 11660 11435
f 11659 11434 11436 11661
f 11435 11660 11662 11437
f 11661 11436 11438 11663
f 11437 11662 11664 11439
f 11663 11438 11440 11665
f 11439 11664 11666 11441
f 11665 11440 11442 11667
f 11441 11666 11668 11443
f 11667 11442 11444 11669
f 11443 11668 11670 11445
f 11669 11444 11446 11671
f 11445 11670 11672 11447
f 11673 11671 11446 11448
f 11447 11672 11674 11449
f 11450 11675 11673 11448
f 11449 11674 11676 11451
f 11675 11450 11452 11679
f 11451 11676 11677 11453
f 11453 11677 11680 11454
f 11681 11678 11456 11455
f 11678 11679 11452 11456
f 11454 11680 11682 11457
f 11460 11685 11681 11455
f 11682 11683 11458 11457
f 11458 11683 11686 11461
f 11462 11689 11684 11459
f 11684 11685 11460 11459
f 11461 11686 11687 11463
f 11463 11687 11690 11464
f 11695 11688 11466 11465
f 11688 11689 11462 11466
f 11464 11690 11691 11467
f 11691 11692 11468 11467
f 11468 11692 11696 11469
f 11701 11693 11472 11471
f 11693 11694 11473 11472
f 11694 11695 11465 11473
f 11696 11697 11470 11469
f 11470 11697 11698 11474
f 11474 11698 11702 11475
f 11711 11699 11483 11482
f 11699 11700 11484 11483
f 11700 11701 11471 11484
f 11702 11703 11476 11475
f 11703 11704 11477 11476
f 11704 11705 11478 11477
f 11478 11705 11706 11485
f 11485 11706 11712 11486
f 11715 11707 11490 11489
f 11707 11708 11479 11490
f 11708 11709 11480 11479
f 11709 11710 11481 11480
f 11710 11711 11482 11481
f 11712 11713 11487 11486
f 11487 11713 11716 11491
f 11492 11717 11714 11488
f 11714 11715 11489 11488
f 11491 11716 11718 11493
f 11496 11723 11717 11492
f 11718 11719 11494 11493
f 11494 11719 11720 11497
f 11497 11720 11724 11498
f 11741 11721 11504 11503
f 11721 11722 11495 11504
f 11722 11723 11496 11495
f 11724 11725 11499 11498
f 11725 11726 11500 11499
f 11500 11726 11727 11505
f 11727 11728 11506 11505
f 11728 11729 11507 11506
f 11729 11730 11508 11507
f 11730 11731 11509 11508
f 11731 11732 11510 11509
f 11510 11732 11742
f 11743 11733 11511
f 11733 11734 11512 11511
f 11734 11735 11513 11512
f 11735 11736 11514 11513
f 11736 11737 11515 11514
f 11737 11738 11516 11515
f 11738 11739 11501 11516
f 11739 11740 11502 11501
f 11740 11741 11503 11502
f 11517 11742 11951 11744
f 11747 11954 11743 11518
f 11744 11745 11520 11519
f 11745 11746 11521 11520
f 11746 11747 11522 11521
f 11523 11524 11528 11527
f 11525 11526 11532 11531
f 11526 11527 11533 11532
f 11527 11528 11534 11533
f 11528 11529 11535 11534
f 11529 11530 11536 11535
f 11538 11531 11532 11748
f 11749 11748 11532 11533
f 11750 11749 11533 11534
f 11751 11750 11534 11535
f 11535 11536 11539 11751
f 11542 11537 11538 11752
f 11752 11538 11748 11753
f 11757 11756 11751 11539
f 11539 11540 11543 11757
f 11541 11542 11546 11545
f 11546 11542 11752 11758
f 11763 11757 11543 11547
f 11543 11544 11548 11547
f 11545 11546 11550 11549
f 11550 11546 11758 11764
f 11767 11763 11547 11551
f 11547 11548 11552 11551
f 11549 11550 11554 11553
f 11554 11550 11764 11768
f 11773 11767 11551 11555
f 11551 11552 11556 11555
f 11553 11554 11558 11557
f 11559 11558 11554 11768
f 11559 11768 11769 11774
f 11777 11772 11773 11560
f 11555 11561 11560 11773
f 11555 11556 11562 11561
f 11563 11558 11559
f 11564 11563 11559 11774
f 11774 11775 11565 11564
f 11775 11776 11566 11565
f 11776 11777 11567 11566
f 11560 11568 11567 11777
f 11561 11568 11560
f 11778 11576 11569 11779
f 11780 11779 11569 11570
f 11781 11780 11570 11571
f 11571 11577 11782 11781
f 11783 11590 11572 11784
f 11785 11784 11572 11573
f 11786 11785 11573 11574
f 11574 11591 11787 11786
f 11788 11575 11576 11778
f 11577 11578 11789 11782
f 11790 11789 11578 11579
f 11791 11790 11579 11580
f 11792 11791 11580 11581
f 11793 11792 11581 11582
f 11794 11793 11582 11583
f 11795 11794 11583 11584
f 11796 11795 11584 11585
f 11797 11796 11585 11586
f 11798 11797 11586 11587
f 11799 11798 11587 11588
f 11800 11799 11588 11589
f 11800 11589 11590 11783
f 11591 11592 11801 11787
f 11802 11593 11575 11788
f 11594 11803 11801 11592
f 11804 11810 11595 11596
f 11804 11596 11593 11802
f 11597 11805 11803 11594
f 11806 11805 11597 11598
f 11807 11806 11598 11599
f 11600 11811 11807 11599
f 11808 11816 11601 11602
f 11809 11808 11602 11603
f 11810 11809 11603 11595
f 11604 11812 11811 11600
f 11813 11812 11604 11605
f 11814 11813 11605 11606
f 11815 11819 11607 11608
f 11816 11815 11608 11601
f 11609 11817 11814 11606
f 11610 11820 11817 11609
f 11818 11821 11611 11612
f 11819 11818 11612 11607
f 11613 11822 11820 11610
f 11611 11821 11824 11614
f 11615 11825 11822 11613
f 11824 11823 11616 11614
f 11617 11827 11825 11615
f 11826 11618 11616 11823
f 11619 11829 11827 11617
f 11618 11826 11828 11620
f 11829 11619 11621
f 11831 11830 11622 11620
f 11831 11620 11828
f 11623 11832 11829 11621
f 11622 11830 11833 11624
f 11834 11832 11623 11625
f 11624 11833 11835 11626
f 11836 11834 11625 11627
f 11626 11835 11837 11628
f 11838 11836 11627 11629
f 11839 11630 11628 11837
f 11631 11840 11838 11629
f 11630 11839 11841 11632
f 11842 11840 11631 11633
f 11632 11841 11843 11634
f 11844 11842 11633 11635
f 11845 11636 11634 11843
f 11846 11844 11635 11637
f 11636 11845 11847 11638
f 11848 11846 11637 11639
f 11849 11640 11638 11847
f 11850 11848 11639 11641
f 11640 11849 11851 11642
f 11852 11850 11641 11643
f 11642 11851 11853 11644
f 11854 11852 11643 11645
f 11644 11853 11855 11646
f 11856 11854 11645 11647
f 11646 11855 11857 11648
f 11858 11856 11647 11649
f 11648 11857 11859 11650
f 11860 11858 11649 11651
f 11650 11859 11861 11652
f 11862 11860 11651 11653
f 11652 11861 11863 11654
f 11864 11862 11653 11655
f 11656 11654 11863 11865
f 11866 11864 11655 11657
f 11656 11865 11867 11658
f 11868 11866 11657 11659
f 11658 11867 11869 11660
f 11870 11868 11659 11661
f 11660 11869 11871 11662
f 11872 11870 11661 11663
f 11871 11873 11664 11662
f 11874 11872 11663 11665
f 11666 11664 11873 11875
f 11876 11874 11665 11667
f 11666 11875 11877 11668
f 11878 11876 11667 11669
f 11668 11877 11879 11670
f 11878 11669 11671 11880
f 11670 11879 11881 11672
f 11880 11671 11673 11882
f 11672 11881 11883 11674
f 11882 11673 11675 11884
f 11883 11885 11676 11674
f 11886 11884 11675 11679
f 11676 11885 11677
f 11677 11885 11887 11680
f 11681 11888 11886 11678
f 11886 11679 11678
f 11680 11887 11889 11682
f 11685 11894 11888 11681
f 11889 11890 11683 11682
f 11683 11890 11891 11686
f 11686 11891 11895 11687
f 11898 11892 11689 11688
f 11892 11893 11684 11689
f 11893 11894 11685 11684
f 11687 11895 11896 11690
f 11690 11896 11899 11691
f 11902 11897 11695 11694
f 11897 11898 11688 11695
f 11899 11900 11692 11691
f 11692 11900 11903 11696
f 11701 11910 11901 11693
f 11901 11902 11694 11693
f 11903 11904 11697 11696
f 11904 11905 11698 11697
f 11698 11905 11906 11702
f 11702 11906 11911 11703
f 11918 11907 11711 11710
f 11907 11908 11699 11711
f 11908 11909 11700 11699
f 11909 11910 11701 11700
f 11911 11912 11704 11703
f 11912 11913 11705 11704
f 11913 11914 11706 11705
f 11706 11914 11919 11712
f 11715 11920 11915 11707
f 11915 11916 11708 11707
f 11916 11917 11709 11708
f 11917 11918 11710 11709
f 11713 11712 11919 11921
f 11716 11713 11921 11922
f 11714 11717 11924 11925
f 11920 11715 11714 11925
f 11716 11922 11926 11718
f 11946 11923 11723 11722
f 11923 11924 11717 11723
f 11926 11927 11719 11718
f 11927 11928 11720 11719
f 11720 11928 11929 11724
f 11929 11930 11725 11724
f 11930 11931 11726 11725
f 11931 11932 11727 11726
f 11932 11933 11728 11727
f 11933 11934 11729 11728
f 11934 11935 11730 11729
f 11935 11936 11731 11730
f 11731 11936 11947 11732
f 11950 11937 11734 11733
f 11937 11938 11735 11734
f 11938 11939 11736 11735
f 11939 11940 11737 11736
f 11940 11941 11738 11737
f 11941 11942 11739 11738
f 11942 11943 11740 11739
f 11943 11944 11741 11740
f 11944 11945 11721 11741
f 11945 11946 11722 11721
f 11732 11947 11948 11742
f 11742 11948 11951
f 11954 11949 11743
f 11949 11950 11733 11743
f 11951 11952 11745 11744
f 11952 11953 11746 11745
f 11953 11954 11747 11746
f 11748 11749 11754 11753
f 11749 11750 11755 11754
f 11750 11751 11756 11755
f 11752 11753 11759 11758
f 11753 11754 11760 11759
f 11754 11755 11761 11760
f 11755 11756 11762 11761
f 11756 11757 11763 11762
f 11758 11759 11765 11764
f 11765 11759 11760 11955
f 11956 11955 11760 11761
f 11761 11762 11766 11956
f 11762 11763 11767 11766
f 11764 11765 11769 11768
f 11770 11769 11765 11955
f 11955 11956 11771 11770
f 11766 11772 11771 11956
f 11766 11767 11773 11772
f 11769 11770 11775 11774
f 11770 11771 11776 11775
f 11771 11772 11777 11776
f 11958 11957 11778 11779
f 11959 11958 11779 11780
f 11960 11959 11780 11781
f 11961 11960 11781 11782
f 11963 11962 11783 11784
f 11964 11963 11784 11785
f 11965 11964 11785 11786
f 11966 11965 11786 11787
f 11967 11788 11778 11957
f 11789 11968 11961 11782
f 11790 11972 11968 11789
f 11969 11981 11799 11800
f 11969 11800 11783 11962
f 11801 11970 11966 11787
f 11971 11802 11788 11967
f 11973 11972 11790 11791
f 11974 11973 11791 11792
f 11975 11974 11792 11793
f 11976 11975 11793 11794
f 11977 11976 11794 11795
f 11978 11977 11795 11796
f 11979 11978 11796 11797
f 11980 11979 11797 11798
f 11981 11980 11798 11799
f 11803 11982 11970 11801
f 11802 11971 11983 11804
f 11805 11984 11982 11803
f 11806 11988 11984 11805
f 11985 11993 11808 11809
f 11986 11985 11809 11810
f 11987 11986 11810 11804
f 11987 11804 11983
f 11989 11988 11806 11807
f 11811 11990 11989 11807
f 11991 11990 11811 11812
f 11813 11994 11991 11812
f 11992 11997 11815 11816
f 11993 11992 11816 11808
f 11995 11994 11813 11814
f 11817 11998 11995 11814
f 11996 12000 11818 11819
f 11997 11996 11819 11815
f 11820 11999 11998 11817
f 11818 12000 12003 11821
f 12001 11999 11820 11822
f 12002 12006 11823 11824
f 12003 12002 11824 11821
f 12004 12001 11822
f 11825 12005 12004 11822
f 11823 12006 12008 11826
f 12007 12005 11825 11827
f 11826 12008 11828
f 12009 12007 11827 11829
f 12010 12012 11830 11831
f 12010 11831 11828 12008
f 12011 12009 11829 11832
f 11830 12012 11833
f 12013 12011 11832 11834
f 12014 11835 11833 12012
f 11836 12015 12013 11834
f 11835 12014 12016 11837
f 12017 12015 11836 11838
f 11837 12016 12018 11839
f 12019 12017 11838 11840
f 11839 12018 12020 11841
f 12021 12019 11840 11842
f 11841 12020 12022 11843
f 12023 12021 11842 11844
f 11843 12022 12024 11845
f 12025 12023 11844 11846
f 11845 12024 12026 11847
f 12027 12025 11846 11848
f 11847 12026 12028 11849
f 12029 12027 11848 11850
f 11849 12028 12030 11851
f 12031 12029 11850 11852
f 11851 12030 12032 11853
f 12033 12031 11852 11854
f 11853 12032 12034 11855
f 12035 12033 11854 11856
f 11855 12034 12036 11857
f 12037 12035 11856 11858
f 11857 12036 12038 11859
f 12039 12037 11858 11860
f 11859 12038 12040 11861
f 12041 12039 11860 11862
f 11861 12040 12042 11863
f 12043 12041 11862 11864
f 11863 12042 12044 11865
f 12045 12043 11864 11866
f 11865 12044 12046 11867
f 12047 12045 11866 11868
f 11869 11867 12046 12048
f 12049 12047 11868 11870
f 11871 11869 12048 12050
f 12049 11870 11872 12051
f 12050 12052 11873 11871
f 12053 12051 11872 11874
f 11873 12052 12054 11875
f 11876 12055 12053 11874
f 11875 12054 12056 11877
f 12057 12055 11876 11878
f 11879 11877 12056 12058
f 12059 12057 11878 11880
f 11881 11879 12058 12060
f 12061 12059 11880 11882
f 11883 11881 12060 12062
f 12063 12061 11882 11884
f 12062 12064 11885 11883
f 11886 12065 12063 11884
f 11885 12064 12066 11887
f 11888 12069 12065 11886
f 11887 12066 12067 11889
f 11889 12067 12070 11890
f 12073 12068 11894 11893
f 12068 12069 11888 11894
f 12070 12071 11891 11890
f 11891 12071 12074 11895
f 11898 12077 12072 11892
f 12072 12073 11893 11892
f 12074 12075 11896 11895
f 11896 12075 12078 11899
f 11902 12083 12076 11897
f 12076 12077 11898 11897
f 12078 12079 11900 11899
f 11900 12079 12080 11903
f 11903 12080 12084 11904
f 12091 12081 11910 11909
f 12081 12082 11901 11910
f 12082 12083 11902 11901
f 12084 12085 11905 11904
f 12085 12086 11906 11905
f 11906 12086 12087 11911
f 11911 12087 12092 11912
f 12097 12088 11918 11917
f 12088 12089 11907 11918
f 12089 12090 11908 11907
f 12090 12091 11909 11908
f 12092 12093 11913 11912
f 12093 12094 11914 11913
f 11914 12094 12098 11919
f 11920 12099 12095 11915
f 12095 12096 11916 11915
f 12096 12097 11917 11916
f 11919 12098 12100 11921
f 11925 12106 12099 11920
f 12100 12101 11922 11921
f 11922 12101 12102 11926
f 12102 12103 11927 11926
f 11927 12103 12107 11928
f 11946 12127 12104 11923
f 12104 12105 11924 11923
f 12105 12106 11925 11924
f 12107 12108 11929 11928
f 12108 12109 11930 11929
f 12109 12110 11931 11930
f 12110 12111 11932 11931
f 12111 12112 11933 11932
f 12112 12113 11934 11933
f 12113 12114 11935 11934
f 12114 12115 11936 11935
f 11936 12115 12116 11947
f 11947 12116 12128 11948
f 12133 12117 11950 11949
f 12117 12118 11937 11950
f 12118 12119 11938 11937
f 12119 12120 11939 11938
f 12120 12121 11940 11939
f 12121 12122 11941 11940
f 12122 12123 11942 11941
f 12123 12124 11943 11942
f 12124 12125 11944 11943
f 12125 12126 11945 11944
f 12126 12127 11946 11945
f 11948 12128 12129 11951
f 12129 12130 11952 11951
f 12130 12131 11953 11952
f 12131 12132 11954 11953
f 12132 12133 11949 11954
f 12134 12140 11958 11959
f 12135 12134 11959 11960
f 11961 12141 12135 11960
f 12136 12144 11962 11963
f 12137 12136 11963 11964
f 11965 12145 12137 11964
f 12139 12138 11967 11957
f 12140 12139 11957 11958
f 11968 12142 12141 11961
f 12144 12143 11969 11962
f 12146 12145 11965 11966
f 11970 12147 12146 11966
f 11967 12138 12148 11971
f 11972 12149 12142 11968
f 12150 12149 11972 11973
f 12151 12150 11973 11974
f 12152 12151 11974 11975
f 12153 12152 11975 11976
f 12154 12153 11976 11977
f 12155 12154 11977 11978
f 12156 12155 11978 11979
f 12157 12156 11979 11980
f 12158 12157 11980 11981
f 12158 11981 11969 12143
f 12159 12147 11970 11982
f 11971 12148 12160 11983
f 12161 12159 11982 11984
f 12162 12168 11986 11987
f 12162 11987 11983 12160
f 12163 12161 11984
f 11988 12164 12163 11984
f 12165 12164 11988 11989
f 11990 12169 12165 11989
f 12166 12173 11992 11993
f 12167 12166 11993 11985
f 12168 12167 11985 11986
f 12170 12169 11990 11991
f 11994 12171 12170 11991
f 11995 12174 12171 11994
f 12172 12177 11996 11997
f 12173 12172 11997 11992
f 11998 12175 12174 11995
f 11999 12178 12175 11998
f 12177 12176 12000 11996
f 12178 11999 12001
f 12179 12181 12002 12003
f 12179 12003 12000 12176
f 12004 12180 12178 12001
f 12005 12182 12180 12004
f 12002 12181 12183 12006
f 12182 12005 12007
f 12006 12183 12185 12008
f 12009 12184 12182 12007
f 12008 12185 12187 12010
f 12186 12184 12009 12011
f 12010 12187 12189 12012
f 12188 12186 12011 12013
f 12012 12189 12014
f 12190 12188 12013 12015
f 12016 12014 12189 12191
f 12192 12190 12015 12017
f 12194 12193 12018 12016
f 12194 12016 12191
f 12195 12192 12017 12019
f 12018 12193 12196 12020
f 12197 12195 12019 12021
f 12020 12196 12198 12022
f 12199 12197 12021 12023
f 12022 12198 12200 12024
f 12201 12199 12023 12025
f 12024 12200 12202 12026
f 12203 12201 12025 12027
f 12026 12202 12204 12028
f 12205 12203 12027 12029
f 12028 12204 12206 12030
f 12207 12205 12029 12031
f 12030 12206 12208 12032
f 12209 12207 12031 12033
f 12032 12208 12210 12034
f 12211 12209 12033 12035
f 12034 12210 12212 12036
f 12213 12211 12035 12037
f 12036 12212 12214 12038
f 12215 12213 12037 12039
f 12038 12214 12216 12040
f 12217 12215 12039 12041
f 12042 12040 12216 12218
f 12219 12217 12041 12043
f 12044 12042 12218 12220
f 12221 12219 12043 12045
f 12044 12220 12222 12046
f 12223 12221 12045 12047
f 12046 12222 12224 12048
f 12225 12223 12047 12049
f 12048 12224 12226 12050
f 12227 12225 12049 12051
f 12050 12226 12228 12052
f 12229 12227 12051 12053
f 12052 12228 12230 12054
f 12231 12229 12053 12055
f 12054 12230 12232 12056
f 12231 12055 12057 12233
f 12056 12232 12234 12058
f 12233 12057 12059 12235
f 12058 12234 12236 12060
f 12235 12059 12061 12237
f 12060 12236 12238 12062
f 12237 12061 12063 12239
f 12238 12240 12064 12062
f 12241 12239 12063 12065
f 12240 12242 12066 12064
f 12245 12241 12065 12069
f 12066 12242 12067
f 12067 12242 12243 12070
f 12070 12243 12246 12071
f 12247 12244 12073 12072
f 12244 12245 12068 12073
f 12245 12069 12068
f 12071 12246 12248 12074
f 12077 12253 12247 12072
f 12248 12249 12075 12074
f 12075 12249 12250 12078
f 12078 12250 12254 12079
f 12259 12251 12083 12082
f 12251 12252 12076 12083
f 12252 12253 12077 12076
f 12254 12255 12080 12079
f 12080 12255 12256 12084
f 12084 12256 12260 12085
f 12266 12257 12091 12090
f 12257 12258 12081 12091
f 12258 12259 12082 12081
f 12260 12261 12086 12085
f 12261 12262 12087 12086
f 12087 12262 12263 12092
f 12092 12263 12267 12093
f 12097 12271 12264 12088
f 12264 12265 12089 12088
f 12265 12266 12090 12089
f 12267 12268 12094 12093
f 12094 12268 12272 12098
f 12099 12275 12269 12095
f 12269 12270 12096 12095
f 12270 12271 12097 12096
f 12098 12272 12273 12100
f 12100 12273 12276 12101
f 12297 12274 12106 12105
f 12274 12275 12099 12106
f 12276 12277 12102 12101
f 12277 12278 12103 12102
f 12103 12278 12279 12107
f 12279 12280 12108 12107
f 12280 12281 12109 12108
f 12281 12282 12110 12109
f 12282 12283 12111 12110
f 12111 12283 12298 12112
f 12298 12284 12113 12112
f 12284 12285 12114 12113
f 12285 12286 12115 12114
f 12115 12286 12299 12116
f 12302 12287 12118 12117
f 12287 12288 12119 12118
f 12288 12289 12120 12119
f 12120 12289 12303 12121
f 12303 12290 12122 12121
f 12290 12291 12123 12122
f 12291 12292 12124 12123
f 12292 12293 12125 12124
f 12293 12294 12126 12125
f 12294 12295 12127 12126
f 12295 12296 12104 12127
f 12296 12297 12105 12104
f 12116 12299 12300 12128
f 12128 12300 12304 12129
f 12307 12301 12133 12132
f 12301 12302 12117 12133
f 12304 12305 12130 12129
f 12305 12306 12131 12130
f 12306 12307 12132 12131
f 12308 12319 12138 12139
f 12309 12308 12139 12140
f 12310 12309 12140 12134
f 12311 12310 12134 12135
f 12141 12312 12311 12135
f 12313 12312 12141 12142
f 12315 12314 12143 12144
f 12316 12315 12144 12136
f 12317 12316 12136 12137
f 12145 12318 12317 12137
f 12146 12323 12318 12145
f 12138 12319 12148
f 12149 12321 12313 12142
f 12150 12326 12321 12149
f 12143 12314 12322 12158
f 12324 12323 12146 12147
f 12324 12147 12159
f 12325 12160 12148 12319
f 12327 12326 12150 12151
f 12328 12327 12151 12152
f 12329 12328 12152 12153
f 12330 12329 12153 12154
f 12331 12330 12154 12155
f 12332 12331 12155 12156
f 12333 12332 12156 12157
f 12334 12333 12157 12158
f 12334 12158 12322 12507
f 12335 12324 12159 12161
f 12160 12325 12336 12162
f 12337 12335 12161
f 12163 12338 12337 12161
f 12164 12341 12338 12163
f 12339 12346 12167 12168
f 12340 12339 12168 12162
f 12340 12162 12336
f 12342 12341 12164 12165
f 12169 12343 12342 12165
f 12170 12347 12343 12169
f 12344 12350 12172 12173
f 12345 12344 12173 12166
f 12346 12345 12166 12167
f 12348 12347 12170 12171
f 12174 12349 12348 12171
f 12175 12351 12349 12174
f 12172 12350 12353 12177
f 12178 12354 12351 12175
f 12176 12352 12355 12179
f 12353 12352 12176 12177
f 12180 12356 12354 12178
f 12179 12355 12357 12181
f 12182 12358 12356 12180
f 12181 12357 12360 12183
f 12184 12361 12358 12182
f 12360 12359 12185 12183
f 12361 12184 12186
f 12185 12359 12362 12187
f 12363 12361 12186 12188
f 12187 12362 12364 12189
f 12365 12363 12188 12190
f 12189 12364 12366 12191
f 12367 12365 12190 12192
f 12191 12366 12368 12194
f 12369 12367 12192 12195
f 12196 12193 12194 12370
f 12370 12194 12368
f 12371 12369 12195 12197
f 12196 12370 12372 12198
f 12373 12371 12197 12199
f 12198 12372 12374 12200
f 12375 12373 12199 12201
f 12200 12374 12376 12202
f 12377 12375 12201 12203
f 12202 12376 12378 12204
f 12379 12377 12203 12205
f 12204 12378 12380 12206
f 12381 12379 12205 12207
f 12206 12380 12382 12208
f 12383 12381 12207 12209
f 12210 12208 12382 12384
f 12385 12383 12209 12211
f 12210 12384 12386 12212
f 12387 12385 12211 12213
f 12212 12386 12388 12214
f 12389 12387 12213 12215
f 12214 12388 12390 12216
f 12391 12389 12215 12217
f 12216 12390 12392 12218
f 12393 12391 12217 12219
f 12218 12392 12394 12220
f 12395 12393 12219 12221
f 12220 12394 12396 12222
f 12397 12395 12221 12223
f 12224 12222 12396 12398
f 12399 12397 12223 12225
f 12226 12224 12398 12400
f 12401 12399 12225 12227
f 12228 12226 12400 12402
f 12403 12401 12227 12229
f 12230 12228 12402 12404
f 12405 12403 12229 12231
f 12232 12230 12404 12406
f 12407 12405 12231 12233
f 12234 12232 12406 12408
f 12409 12407 12233 12235
f 12234 12408 12410 12236
f 12411 12409 12235 12237
f 12410 12412 12238 12236
f 12413 12411 12237 12239
f 12412 12414 12240 12238
f 12241 12417 12413 12239
f 12240 12414 12415 12242
f 12242 12415 12418 12243
f 12419 12416 12245 12244
f 12416 12417 12241 12245
f 12243 12418 12420 12246
f 12247 12423 12419 12244
f 12246 12420 12421 12248
f 12248 12421 12424 12249
f 12427 12422 12253 12252
f 12422 12423 12247 12253
f 12424 12425 12250 12249
f 12250 12425 12428 12254
f 12259 12435 12426 12251
f 12426 12427 12252 12251
f 12428 12429 12255 12254
f 12429 12430 12256 12255
f 12256 12430 12431 12260
f 12260 12431 12436 12261
f 12441 12432 12266 12265
f 12432 12433 12257 12266
f 12433 12434 12258 12257
f 12434 12435 12259 12258
f 12436 12437 12262 12261
f 12437 12438 12263 12262
f 12263 12438 12442 12267
f 12445 12439 12271 12270
f 12439 12440 12264 12271
f 12440 12441 12265 12264
f 12442 12443 12268 12267
f 12268 12443 12446 12272
f 12275 12451 12444 12269
f 12444 12445 12270 12269
f 12446 12447 12273 12272
f 12273 12447 12448 12276
f 12276 12448 12452 12277
f 12475 12449 12297 12296
f 12449 12450 12274 12297
f 12450 12451 12275 12274
f 12452 12453 12278 12277
f 12453 12454 12279 12278
f 12454 12455 12280 12279
f 12455 12456 12281 12280
f 12456 12457 12282 12281
f 12457 12458 12283 12282
f 12283 12458 12459 12298
f 12459 12460 12284 12298
f 12460 12461 12285 12284
f 12461 12462 12286 12285
f 12286 12462 12463 12299
f 12299 12463 12476 12300
f 12480 12464 12302 12301
f 12464 12465 12287 12302
f 12465 12466 12288 12287
f 12466 12467 12289 12288
f 12289 12467 12468 12303
f 12468 12469 12290 12303
f 12469 12470 12291 12290
f 12470 12471 12292 12291
f 12471 12472 12293 12292
f 12472 12473 12294 12293
f 12473 12474 12295 12294
f 12474 12475 12296 12295
f 12300 12476 12477 12304
f 12304 12477 12481 12305
f 12481 12478 12306 12305
f 12478 12479 12307 12306
f 12479 12480 12301 12307
f 12482 12489 12308 12309
f 12483 12482 12309 12310
f 12484 12483 12310 12311
f 12312 12491 12484 12311
f 12485 12492 12315 12316
f 12486 12485 12316 12317
f 12487 12486 12317 12318
f 12489 12488 12319 12308
f 12312 12313 12320 12491
f 12313 12321 12320
f 12322 12314 12315 12492
f 12323 12494 12487 12318
f 12324 12510 12494 12323
f 12319 12488 12495 12325
f 12498 12497 12491 12320
f 12499 12498 12320 12321
f 12326 12500 12499 12321
f 12501 12500 12326 12327
f 12502 12501 12327 12328
f 12503 12502 12328 12329
f 12504 12503 12329 12330
f 12505 12504 12330 12331
f 12506 12505 12331 12332
f 12333 12513 12506 12332
f 12507 12322 12492 12508
f 12510 12324 12335
f 12336 12325 12495 12511
f 12514 12513 12333 12334
f 12514 12334 12507
f 12515 12510 12335 12337
f 12516 12524 12339 12340
f 12517 12516 12340 12336
f 12517 12336 12511 12689
f 12518 12694 12515 12337
f 12519 12518 12337 12338
f 12341 12520 12519 12338
f 12521 12520 12341 12342
f 12522 12521 12342 12343
f 12523 12527 12345 12346
f 12524 12523 12346 12339
f 12347 12525 12522 12343
f 12348 12528 12525 12347
f 12344 12526 12531 12350
f 12527 12526 12344 12345
f 12529 12528 12348 12349
f 12351 12532 12529 12349
f 12530 12533 12352 12353
f 12531 12530 12353 12350
f 12354 12534 12532 12351
f 12352 12533 12535 12355
f 12356 12536 12534 12354
f 12355 12535 12537 12357
f 12358 12538 12536 12356
f 12357 12537 12539 12360
f 12361 12540 12538 12358
f 12362 12359 12360 12539
f 12540 12361 12363
f 12542 12541 12364 12362
f 12542 12362 12539
f 12365 12543 12540 12363
f 12364 12541 12544 12366
f 12545 12543 12365 12367
f 12366 12544 12546 12368
f 12547 12545 12367 12369
f 12368 12546 12548 12370
f 12549 12547 12369 12371
f 12370 12548 12550 12372
f 12551 12549 12371 12373
f 12372 12550 12552 12374
f 12553 12551 12373 12375
f 12376 12374 12552 12554
f 12555 12553 12375 12377
f 12376 12554 12556 12378
f 12557 12555 12377 12379
f 12378 12556 12558 12380
f 12559 12557 12379 12381
f 12382 12380 12558 12560
f 12561 12559 12381 12383
f 12382 12560 12562 12384
f 12563 12561 12383 12385
f 12384 12562 12564 12386
f 12565 12563 12385 12387
f 12386 12564 12566 12388
f 12567 12565 12387 12389
f 12388 12566 12568 12390
f 12569 12567 12389 12391
f 12392 12390 12568 12570
f 12571 12569 12391 12393
f 12394 12392 12570 12572
f 12573 12571 12393 12395
f 12396 12394 12572 12574
f 12575 12573 12395 12397
f 12396 12574 12576 12398
f 12577 12575 12397 12399
f 12398 12576 12578 12400
f 12579 12577 12399 12401
f 12400 12578 12580 12402
f 12581 12579 12401 12403
f 12402 12580 12582 12404
f 12583 12581 12403 12405
f 12404 12582 12584 12406
f 12585 12583 12405 12407
f 12406 12584 12586 12408
f 12585 12407 12409 12587
f 12408 12586 12588 12410
f 12589 12587 12409 12411
f 12588 12590 12412 12410
f 12413 12591 12589 12411
f 12590 12592 12414 12412
f 12593 12591 12413 12417
f 12414 12592 12415
f 12415 12592 12594 12418
f 12419 12597 12593 12416
f 12593 12417 12416
f 12418 12594 12595 12420
f 12420 12595 12598 12421
f 12599 12596 12423 12422
f 12596 12597 12419 12423
f 12421 12598 12600 12424
f 12427 12605 12599 12422
f 12600 12601 12425 12424
f 12425 12601 12602 12428
f 12428 12602 12606 12429
f 12613 12603 12435 12434
f 12603 12604 12426 12435
f 12604 12605 12427 12426
f 12606 12607 12430 12429
f 12607 12608 12431 12430
f 12431 12608 12609 12436
f 12436 12609 12614 12437
f 12617 12610 12441 12440
f 12610 12611 12432 12441
f 12611 12612 12433 12432
f 12612 12613 12434 12433
f 12614 12615 12438 12437
f 12438 12615 12618 12442
f 12445 12621 12616 12439
f 12616 12617 12440 12439
f 12618 12619 12443 12442
f 12443 12619 12622 12446
f 12451 12627 12620 12444
f 12620 12621 12445 12444
f 12622 12623 12447 12446
f 12623 12624 12448 12447
f 12448 12624 12628 12452
f 12475 12653 12625 12449
f 12625 12626 12450 12449
f 12626 12627 12451 12450
f 12628 12629 12453 12452
f 12629 12630 12454 12453
f 12630 12631 12455 12454
f 12631 12632 12456 12455
f 12632 12633 12457 12456
f 12633 12634 12458 12457
f 12634 12635 12459 12458
f 12635 12636 12460 12459
f 12636 12637 12461 12460
f 12637 12638 12462 12461
f 12638 12639 12463 12462
f 12463 12639 12640 12476
f 12476 12640 12654 12477
f 12657 12641 12480 12479
f 12641 12642 12464 12480
f 12642 12643 12465 12464
f 12643 12644 12466 12465
f 12644 12645 12467 12466
f 12645 12646 12468 12467
f 12646 12647 12469 12468
f 12647 12648 12470 12469
f 12648 12649 12471 12470
f 12649 12650 12472 12471
f 12650 12651 12473 12472
f 12651 12652 12474 12473
f 12652 12653 12475 12474
f 12477 12654 12655 12481
f 12655 12656 12478 12481
f 12656 12657 12479 12478
f 12489 12482 12490
f 12490 12482 12483 12658
f 12659 12658 12483 12484
f 12491 12659 12484
f 12485 12660 12492
f 12661 12660 12485 12486
f 12486 12487 12493 12661
f 12487 12494 12493
f 12488 12489 12496 12495
f 12496 12489 12490 12662
f 12662 12490 12658 12663
f 12664 12659 12491 12497
f 12508 12492 12660 12665
f 12667 12666 12661 12493
f 12493 12494 12509 12667
f 12494 12510 12509
f 12495 12496 12512 12511
f 12512 12496 12662 12668
f 12671 12670 12664 12497
f 12672 12671 12497 12498
f 12673 12672 12498 12499
f 12674 12673 12499 12500
f 12675 12674 12500 12501
f 12676 12675 12501 12502
f 12677 12676 12502 12503
f 12678 12677 12503 12504
f 12679 12678 12504 12505
f 12680 12679 12505 12506
f 12513 12681 12680 12506
f 12682 12681 12513 12514
f 12683 12682 12514 12507
f 12684 12683 12507 12508
f 12684 12508 12665 12685
f 12688 12687 12667 12509
f 12509 12510 12515 12688
f 12690 12689 12511 12512
f 12690 12512 12668 12691
f 12694 12693 12688 12515
f 12516 12695 12704 12524
f 12696 12695 12516 12517
f 12696 12517 12689
f 12697 12694 12518
f 12698 12697 12518 12519
f 12699 12698 12519 12520
f 12700 12699 12520 12521
f 12701 12700 12521 12522
f 12525 12705 12701 12522
f 12702 12707 12526 12527
f 12703 12702 12527 12523
f 12704 12703 12523 12524
f 12528 12706 12705 12525
f 12529 12708 12706 12528
f 12526 12707 12710 12531
f 12532 12711 12708 12529
f 12530 12709 12712 12533
f 12710 12709 12530 12531
f 12534 12713 12711 12532
f 12533 12712 12715 12535
f 12536 12716 12713 12534
f 12715 12714 12537 12535
f 12538 12718 12716 12536
f 12717 12539 12537 12714
f 12540 12720 12718 12538
f 12719 12541 12542
f 12719 12542 12539 12717
f 12543 12722 12720 12540
f 12544 12541 12719 12721
f 12722 12543 12545
f 12544 12721 12723 12546
f 12724 12722 12545 12547
f 12546 12723 12725 12548
f 12726 12724 12547 12549
f 12548 12725 12727 12550
f 12728 12726 12549 12551
f 12550 12727 12729 12552
f 12730 12728 12551 12553
f 12552 12729 12731 12554
f 12732 12730 12553 12555
f 12554 12731 12733 12556
f 12734 12732 12555 12557
f 12556 12733 12735 12558
f 12736 12734 12557 12559
f 12558 12735 12737 12560
f 12738 12736 12559 12561
f 12560 12737 12739 12562
f 12740 12738 12561 12563
f 12562 12739 12741 12564
f 12742 12740 12563 12565
f 12564 12741 12743 12566
f 12744 12742 12565 12567
f 12568 12566 12743 12745
f 12746 12744 12567 12569
f 12568 12745 12747 12570
f 12748 12746 12569 12571
f 12570 12747 12749 12572
f 12750 12748 12571 12573
f 12572 12749 12751 12574
f 12752 12750 12573 12575
f 12574 12751 12753 12576
f 12754 12752 12575 12577
f 12578 12576 12753 12755
f 12756 12754 12577 12579
f 12580 12578 12755 12757
f 12758 12756 12579 12581
f 12582 12580 12757 12759
f 12760 12758 12581 12583
f 12584 12582 12759 12761
f 12762 12760 12583 12585
f 12586 12584 12761 12763
f 12764 12762 12585 12587
f 12588 12586 12763 12765
f 12766 12764 12587 12589
f 12590 12588 12765 12767
f 12768 12766 12589 12591
f 12767 12769 12592 12590
f 12593 12770 12768 12591
f 12592 12769 12771 12594
f 12597 12774 12770 12593
f 12771 12772 12595 12594
f 12595 12772 12775 12598
f 12599 12778 12773 12596
f 12773 12774 12597 12596
f 12598 12775 12776 12600
f 12600 12776 12779 12601
f 12784 12777 12605 12604
f 12777 12778 12599 12605
f 12779 12780 12602 12601
f 12602 12780 12781 12606
f 12606 12781 12785 12607
f 12792 12782 12613 12612
f 12782 12783 12603 12613
f 12783 12784 12604 12603
f 12785 12786 12608 12607
f 12786 12787 12609 12608
f 12609 12787 12788 12614
f 12614 12788 12793 12615
f 12796 12789 12617 12616
f 12789 12790 12610 12617
f 12790 12791 12611 12610
f 12791 12792 12612 12611
f 12615 12793 12794 12618
f 12618 12794 12797 12619
f 12800 12795 12621 12620
f 12795 12796 12616 12621
f 12619 12797 12798 12622
f 12622 12798 12801 12623
f 12814 12799 12627 12626
f 12799 12800 12620 12627
f 12801 12802 12624 12623
f 12624 12802 12803 12628
f 12628 12803 12815 12629
f 12820 12804 12635 12634
f 12804 12805 12636 12635
f 12805 12806 12637 12636
f 12806 12807 12638 12637
f 12638 12807 12821 12639
f 12824 12808 12643 12642
f 12808 12809 12644 12643
f 12809 12810 12645 12644
f 12810 12811 12646 12645
f 12646 12811 12825 12647
f 12830 12812 12653 12652
f 12812 12813 12625 12653
f 12813 12814 12626 12625
f 12815 12816 12630 12629
f 12816 12817 12631 12630
f 12817 12818 12632 12631
f 12818 12819 12633 12632
f 12819 12820 12634 12633
f 12821 12822 12640 12639
f 12640 12822 12831 12654
f 12657 12834 12823 12641
f 12823 12824 12642 12641
f 12825 12826 12648 12647
f 12826 12827 12649 12648
f 12827 12828 12650 12649
f 12828 12829 12651 12650
f 12829 12830 12652 12651
f 12831 12832 12655 12654
f 12832 12833 12656 12655
f 12833 12834 12657 12656
f 12658 12659 12664 12663
f 12660 12661 12666 12665
f 12662 12663 12669 12668
f 12663 12664 12670 12669
f 12835 12841 12673 12674
f 12675 12842 12835 12674
f 12836 12842 12675 12676
f 12677 12844 12836 12676
f 12665 12666 12686 12685
f 12666 12667 12687 12686
f 12691 12668 12669 12837
f 12838 12837 12669 12670
f 12839 12838 12670 12671
f 12840 12839 12671 12672
f 12841 12840 12672 12673
f 12845 12844 12677 12678
f 12846 12845 12678 12679
f 12847 12846 12679 12680
f 12848 12847 12680 12681
f 12849 12848 12681 12682
f 12850 12849 12682 12683
f 12851 12850 12683 12684
f 12852 12851 12684 12685
f 12853 12852 12685 12686
f 12686 12687 12692 12853
f 12687 12688 12693 12692
f 12854 12864 12695 12696
f 12855 12854 12696 12689
f 12856 12855 12689 12690
f 12857 12856 12690 12691
f 12857 12691 12837
f 12858 12853 12692
f 12859 12858 12692 12693
f 12860 12859 12693 12694
f 12697 12861 12860 12694
f 12862 12861 12697 12698
f 12699 12865 12862 12698
f 12863 12870 12703 12704
f 12864 12863 12704 12695
f 12866 12865 12699 12700
f 12867 12866 12700 12701
f 12705 12871 12867 12701
f 12869 12868 12707 12702
f 12870 12869 12702 12703
f 12872 12871 12705 12706
f 12708 12874 12872 12706
f 12873 12875 12709 12710
f 12873 12710 12707 12868
f 12711 12876 12874 12708
f 12709 12875 12878 12712
f 12713 12879 12876 12711
f 12877 12880 12714 12715
f 12878 12877 12715 12712
f 12716 12881 12879 12713
f 12714 12880 12882 12717
f 12718 12883 12881 12716
f 12717 12882 12884 12719
f 12720 12885 12883 12718
f 12719 12884 12721
f 12722 12887 12885 12720
f 12886 12723 12721 12884
f 12887 12722 12724
f 12723 12886 12888 12725
f 12889 12887 12724 12726
f 12725 12888 12890 12727
f 12891 12889 12726 12728
f 12727 12890 12892 12729
f 12893 12891 12728 12730
f 12729 12892 12894 12731
f 12895 12893 12730 12732
f 12733 12731 12894 12896
f 12897 12895 12732 12734
f 12733 12896 12898 12735
f 12899 12897 12734 12736
f 12735 12898 12900 12737
f 12901 12899 12736 12738
f 12739 12737 12900 12902
f 12903 12901 12738 12740
f 12739 12902 12904 12741
f 12905 12903 12740 12742
f 12743 12741 12904 12906
f 12907 12905 12742 12744
f 12743 12906 12908 12745
f 12909 12907 12744 12746
f 12745 12908 12910 12747
f 12911 12909 12746 12748
f 12749 12747 12910 12912
f 12913 12911 12748 12750
f 12751 12749 12912 12914
f 12915 12913 12750 12752
f 12753 12751 12914 12916
f 12917 12915 12752 12754
f 12755 12753 12916 12918
f 12919 12917 12754 12756
f 12757 12755 12918 12920
f 12921 12919 12756 12758
f 12759 12757 12920 12922
f 12923 12921 12758 12760
f 12759 12922 12924 12761
f 12925 12923 12760 12762
f 12761 12924 12926 12763
f 12927 12925 12762 12764
f 12763 12926 12928 12765
f 12927 12764 12766 12929
f 12765 12928 12930 12767
f 12929 12766 12768 12931
f 12930 12932 12769 12767
f 12933 12931 12768 12770
f 12932 12934 12771 12769
f 12937 12933 12770 12774
f 12771 12934 12772
f 12772 12934 12935 12775
f 12775 12935 12938 12776
f 12939 12936 12778 12777
f 12936 12937 12773 12778
f 12937 12774 12773
f 12776 12938 12940 12779
f 12784 12947 12939 12777
f 12940 12941 12780 12779
f 12941 12942 12781 12780
f 12781 12942 12943 12785
f 12785 12943 12948 12786
f 12953 12944 12792 12791
f 12944 12945 12782 12792
f 12945 12946 12783 12782
f 12946 12947 12784 12783
f 12948 12949 12787 12786
f 12949 12950 12788 12787
f 12788 12950 12954 12793
f 12796 12957 12951 12789
f 12951 12952 12790 12789
f 12952 12953 12791 12790
f 12954 12955 12794 12793
f 12794 12955 12958 12797
f 12800 12963 12956 12795
f 12956 12957 12796 12795
f 12958 12959 12798 12797
f 12798 12959 12960 12801
f 12801 12960 12964 12802
f 12989 12961 12814 12813
f 12961 12962 12799 12814
f 12962 12963 12800 12799
f 12964 12965 12803 12802
f 12803 12965 12966 12815
f 12966 12967 12816 12815
f 12967 12968 12817 12816
f 12968 12969 12818 12817
f 12969 12970 12819 12818
f 12970 12971 12820 12819
f 12971 12972 12804 12820
f 12972 12973 12805 12804
f 12973 12974 12806 12805
f 12974 12975 12807 12806
f 12807 12975 12976 12821
f 12821 12976 12990 12822
f 12993 12977 12824 12823
f 12977 12978 12808 12824
f 12978 12979 12809 12808
f 12979 12980 12810 12809
f 12980 12981 12811 12810
f 12811 12981 12982 12825
f 12982 12983 12826 12825
f 12983 12984 12827 12826
f 12984 12985 12828 12827
f 12985 12986 12829 12828
f 12986 12987 12830 12829
f 12987 12988 12812 12830
f 12988 12989 12813 12812
f 12822 12990 12991 12831
f 12831 12991 12994 12832
f 12995 12992 12834 12833
f 12992 12993 12823 12834
f 12994 12995 12833 12832
f 12996 13004 12837 12838
f 12997 12996 12838 12839
f 12998 12997 12839 12840
f 12999 12998 12840 12841
f 13000 12999 12841 12835
f 12842 13001 13000 12835
f 13001 12842 12836 12843
f 12836 12844 12843
f 13002 13018 12855 12856
f 13003 13002 12856 12857
f 13004 13003 12857 12837
f 13005 13001 12843
f 13006 13005 12843 12844
f 13007 13006 12844 12845
f 13008 13007 12845 12846
f 13009 13008 12846 12847
f 13010 13009 12847 12848
f 13011 13010 12848 12849
f 13012 13011 12849 12850
f 13013 13012 12850 12851
f 13014 13013 12851 12852
f 13015 13014 12852 12853
f 12858 13016 13015 12853
f 12859 13019 13016 12858
f 12854 13017 13026 12864
f 13018 13017 12854 12855
f 13020 13019 12859 12860
f 13021 13020 12860 12861
f 13022 13021 12861 12862
f 12865 13023 13022 12862
f 12866 13027 13023 12865
f 13024 13031 12869 12870
f 13025 13024 12870 12863
f 13026 13025 12863 12864
f 13028 13027 12866 12867
f 12871 13029 13028 12867
f 12872 13033 13029 12871
f 12868 13030 13034 12873
f 13031 13030 12868 12869
f 12874 13035 13033 12872
f 12873 13034 13036 12875
f 12876 13037 13035 12874
f 12875 13036 13039 12878
f 12879 13040 13037 12876
f 12877 13038 13046 12880
f 13039 13038 12877 12878
f 12881 13041 13040 12879
f 13044 12884 12882 13045
f 13046 13045 12882 12880
f 12883 13047 13041 12881
f 13042 13206 13048 13049
f 13043 13042 13049 13050
f 13044 13043 13050 12884
f 12885 13051 13047 12883
f 13048 13222 13052 13049
f 13050 13049 13052 12886
f 12886 12884 13050
f 13053 13051 12885 12887
f 13054 12888 12886 13052
f 13055 13053 12887 12889
f 12888 13054 13056 12890
f 13057 13055 12889 12891
f 12892 12890 13056 13058
f 13059 13057 12891 12893
f 12892 13058 13060 12894
f 13061 13059 12893 12895
f 12894 13060 13062 12896
f 13063 13061 12895 12897
f 12896 13062 13064 12898
f 13065 13063 12897 12899
f 12898 13064 13066 12900
f 13067 13065 12899 12901
f 12900 13066 13068 12902
f 13069 13067 12901 12903
f 12902 13068 13070 12904
f 13071 13069 12903 12905
f 12906 12904 13070 13072
f 13073 13071 12905 12907
f 12906 13072 13074 12908
f 13075 13073 12907 12909
f 12910 12908 13074 13076
f 13077 13075 12909 12911
f 12912 12910 13076 13078
f 13079 13077 12911 12913
f 12912 13078 13080 12914
f 13081 13079 12913 12915
f 12914 13080 13082 12916
f 13083 13081 12915 12917
f 12916 13082 13084 12918
f 13085 13083 12917 12919
f 12918 13084 13086 12920
f 13085 12919 12921 13087
f 12920 13086 13088 12922
f 13089 13087 12921 12923
f 12922 13088 13090 12924
f 13091 13089 12923 12925
f 12926 12924 13090 13092
f 13093 13091 12925 12927
f 12928 12926 13092 13094
f 13095 13093 12927 12929
f 12930 12928 13094 13096
f 13097 13095 12929 12931
f 13096 13098 12932 12930
f 13099 13097 12931 12933
f 13098 13100 12934 12932
f 12937 13102 13099 12933
f 12934 13100 12935
f 12935 13100 13103 12938
f 12939 13108 13101 12936
f 13101 13102 12937 12936
f 12938 13103 13104 12940
f 13104 13105 12941 12940
f 12941 13105 13109 12942
f 13114 13106 12946 12945
f 13106 13107 12947 12946
f 13107 13108 12939 12947
f 13109 13110 12943 12942
f 12943 13110 13111 12948
f 12948 13111 13115 12949
f 13118 13112 12953 12952
f 13112 13113 12944 12953
f 13113 13114 12945 12944
f 13115 13116 12950 12949
f 12950 13116 13119 12954
f 12957 13124 13117 12951
f 13117 13118 12952 12951
f 13119 13120 12955 12954
f 12955 13120 13121 12958
f 12958 13121 13125 12959
f 13130 13122 12963 12962
f 13122 13123 12956 12963
f 13123 13124 12957 12956
f 13125 13126 12960 12959
f 12960 13126 13127 12964
f 12964 13127 13131 12965
f 13156 13128 12989 12988
f 13128 13129 12961 12989
f 13129 13130 12962 12961
f 13131 13132 12966 12965
f 13132 13133 12967 12966
f 13133 13134 12968 12967
f 13134 13135 12969 12968
f 13135 13136 12970 12969
f 13136 13137 12971 12970
f 13137 13138 12972 12971
f 13138 13139 12973 12972
f 13139 13140 12974 12973
f 13140 13141 12975 12974
f 13141 13142 12976 12975
f 12976 13142 13143 12990
f 12990 13143 13157 12991
f 13160 13144 12993 12992
f 13144 13145 12977 12993
f 13145 13146 12978 12977
f 13146 13147 12979 12978
f 13147 13148 12980 12979
f 13148 13149 12981 12980
f 13149 13150 12982 12981
f 13150 13151 12983 12982
f 13151 13152 12984 12983
f 13152 13153 12985 12984
f 13153 13154 12986 12985
f 13154 13155 12987 12986
f 13155 13156 12988 12987
f 12991 13157 13158 12994
f 13158 13159 12995 12994
f 13159 13160 12992 12995
f 13161 13170 13003 13004
f 13162 13161 13004 12996
f 13163 13162 12996 12997
f 13164 13163 12997 12998
f 13165 13164 12998 12999
f 13166 13165 12999 13000
f 13167 13166 13000 13001
f 13005 13168 13167 13001
f 13006 13171 13168 13005
f 13002 13169 13184 13018
f 13170 13169 13002 13003
f 13172 13171 13006 13007
f 13173 13172 13007 13008
f 13174 13173 13008 13009
f 13175 13174 13009 13010
f 13176 13175 13010 13011
f 13177 13176 13011 13012
f 13178 13177 13012 13013
f 13179 13178 13013 13014
f 13180 13179 13014 13015
f 13181 13180 13015 13016
f 13019 13186 13181 13016
f 13182 13192 13025 13026
f 13183 13182 13026 13017
f 13184 13183 13017 13018
f 13187 13186 13019 13020
f 13188 13187 13020 13021
f 13189 13188 13021 13022
f 13190 13189 13022 13023
f 13027 13193 13190 13023
f 13024 13191 13196 13031
f 13192 13191 13024 13025
f 13194 13193 13027 13028
f 13028 13029 13032 13194
f 13029 13033 13032
f 13030 13195 13199 13034
f 13196 13195 13030 13031
f 13197 13374 13194 13032
f 13198 13197 13032 13033
f 13035 13201 13198 13033
f 13034 13199 13203 13036
f 13037 13205 13201 13035
f 13202 13212 13038 13039
f 13203 13202 13039 13036
f 13040 13213 13205 13037
f 13206 13042 13207
f 13208 13207 13042 13043
f 13209 13208 13043 13044
f 13210 13209 13044 13045
f 13211 13210 13045 13046
f 13212 13211 13046 13038
f 13214 13213 13040 13041
f 13047 13217 13214 13041
f 13048 13206 13216
f 13051 13223 13217 13047
f 13215 13219 13220
f 13216 13215 13220 13221
f 13216 13221 13222 13048
f 13223 13051 13053
f 13219 13218 13224 13225
f 13220 13219 13225 13226
f 13221 13220 13226 13227
f 13222 13221 13227 13228
f 13222 13228 13229 13052
f 13054 13052 13229
f 13230 13223 13053 13055
f 13231 13056 13054 13229
f 13232 13230 13055 13057
f 13056 13231 13233 13058
f 13234 13232 13057 13059
f 13058 13233 13235 13060
f 13236 13234 13059 13061
f 13060 13235 13237 13062
f 13238 13236 13061 13063
f 13064 13062 13237 13239
f 13240 13238 13063 13065
f 13064 13239 13241 13066
f 13242 13240 13065 13067
f 13066 13241 13243 13068
f 13245 13242 13067 13069
f 13070 13068 13243 13246
f 13247 13245 13069 13071
f 13070 13246 13248 13072
f 13249 13247 13071 13073
f 13072 13248 13250 13074
f 13251 13249 13073 13075
f 13076 13074 13250 13252
f 13253 13251 13075 13077
f 13076 13252 13254 13078
f 13255 13253 13077 13079
f 13078 13254 13256 13080
f 13257 13255 13079 13081
f 13082 13080 13256 13258
f 13259 13257 13081 13083
f 13084 13082 13258 13260
f 13261 13259 13083 13085
f 13086 13084 13260 13262
f 13263 13261 13085 13087
f 13088 13086 13262 13264
f 13265 13263 13087 13089
f 13090 13088 13264 13266
f 13267 13265 13089 13091
f 13092 13090 13266 13268
f 13269 13267 13091 13093
f 13094 13092 13268 13270
f 13271 13269 13093 13095
f 13096 13094 13270 13272
f 13273 13271 13095 13097
f 13272 13274 13098 13096
f 13099 13275 13273 13097
f 13098 13274 13276 13100
f 13279 13275 13099 13102
f 13100 13276 13277 13103
f 13103 13277 13280 13104
f 13285 13278 13108 13107
f 13278 13279 13101 13108
f 13279 13102 13101
f 13280 13281 13105 13104
f 13105 13281 13282 13109
f 13109 13282 13286 13110
f 13289 13283 13114 13113
f 13283 13284 13106 13114
f 13284 13285 13107 13106
f 13286 13287 13111 13110
f 13111 13287 13290 13115
f 13118 13297 13288 13112
f 13288 13289 13113 13112
f 13290 13291 13116 13115
f 13116 13291 13292 13119
f 13292 13293 13120 13119
f 13120 13293 13298 13121
f 13301 13294 13123 13122
f 13294 13295 13124 13123
f 13295 13296 13117 13124
f 13296 13297 13118 13117
f 13121 13298 13299 13125
f 13125 13299 13302 13126
f 13315 13300 13130 13129
f 13300 13301 13122 13130
f 13302 13303 13127 13126
f 13127 13303 13304 13131
f 13131 13304 13316 13132
f 13320 13305 13137 13136
f 13305 13306 13138 13137
f 13306 13307 13139 13138
f 13307 13308 13140 13139
f 13140 13308 13321 13141
f 13327 13309 13147 13146
f 13309 13310 13148 13147
f 13310 13311 13149 13148
f 13311 13312 13150 13149
f 13150 13312 13328 13151
f 13332 13313 13156 13155
f 13313 13314 13128 13156
f 13314 13315 13129 13128
f 13316 13317 13133 13132
f 13317 13318 13134 13133
f 13318 13319 13135 13134
f 13319 13320 13136 13135
f 13321 13322 13142 13141
f 13322 13323 13143 13142
f 13143 13323 13333 13157
f 13335 13324 13160 13159
f 13324 13325 13144 13160
f 13325 13326 13145 13144
f 13326 13327 13146 13145
f 13328 13329 13152 13151
f 13329 13330 13153 13152
f 13330 13331 13154 13153
f 13331 13332 13155 13154
f 13333 13334 13158 13157
f 13334 13335 13159 13158
f 13161 13336 13346 13170
f 13337 13336 13161 13162
f 13338 13337 13162 13163
f 13339 13338 13163 13164
f 13340 13339 13164 13165
f 13341 13340 13165 13166
f 13342 13341 13166 13167
f 13343 13342 13167 13168
f 13171 13348 13343 13168
f 13344 13362 13183 13184
f 13345 13344 13184 13169
f 13346 13345 13169 13170
f 13349 13348 13171 13172
f 13350 13349 13172 13173
f 13351 13350 13173 13174
f 13352 13351 13174 13175
f 13353 13352 13175 13176
f 13176 13177 13185 13353
f 13185 13177 13178 13354
f 13355 13354 13178 13179
f 13356 13355 13179 13180
f 13357 13356 13180 13181
f 13186 13358 13357 13181
f 13359 13358 13186 13187
f 13188 13369 13359 13187
f 13360 13372 13191 13192
f 13361 13360 13192 13182
f 13362 13361 13182 13183
f 13365 13353 13185 13354
f 13370 13369 13188 13189
f 13371 13370 13189 13190
f 13193 13373 13371 13190
f 13191 13372 13376 13196
f 13374 13373 13193 13194
f 13195 13375 13378 13199
f 13376 13375 13195 13196
f 13377 13553 13374 13197
f 13197 13198 13200 13377
f 13198 13201 13200
f 13199 13378 13381 13203
f 13379 13557 13377 13200
f 13200 13201 13204 13379
f 13201 13205 13204
f 13202 13380 13393 13212
f 13381 13380 13202 13203
f 13382 13561 13379 13204
f 13383 13382 13204 13205
f 13213 13384 13383 13205
f 13214 13395 13384 13213
f 13386 13385 13215 13216
f 13387 13386 13216 13206
f 13388 13387 13206 13207
f 13389 13388 13207 13208
f 13390 13389 13208 13209
f 13391 13390 13209 13210
f 13392 13391 13210 13211
f 13393 13392 13211 13212
f 13217 13396 13395 13214
f 13398 13397 13218 13219
f 13398 13219 13215 13385
f 13400 13396 13217 13223
f 13224 13218 13397 13401
f 13405 13400 13223 13230
f 13401 13407 13415 13408
f 13401 13408 13409 13224
f 13225 13224 13409 13410
f 13402 13226 13225 13410
f 13402 13403 13227 13226
f 13403 13404 13228 13227
f 13229 13228 13404 13411
f 13231 13229 13411
f 13405 13230 13232 13413
f 13407 13406 13414 13415
f 13233 13231 13411 13412
f 13233 13412 13416
f 13417 13413 13232 13234
f 13235 13233 13416 13418
f 13419 13417 13234 13236
f 13235 13418 13420 13237
f 13421 13419 13236 13238
f 13239 13237 13420 13422
f 13423 13421 13238 13240
f 13239 13422 13424 13241
f 13425 13423 13240 13242
f 13243 13241 13244
f 13244 13241 13424 13426
f 13427 13425 13242 13245
f 13246 13243 13244 13428
f 13428 13244 13426
f 13429 13427 13245 13247
f 13246 13428 13430 13248
f 13432 13429 13247 13249
f 13250 13248 13430 13433
f 13434 13432 13249 13251
f 13250 13433 13435 13252
f 13436 13434 13251 13253
f 13252 13435 13437 13254
f 13438 13436 13253 13255
f 13256 13254 13437 13439
f 13440 13438 13255 13257
f 13258 13256 13439 13441
f 13442 13440 13257 13259
f 13260 13258 13441 13443
f 13444 13442 13259 13261
f 13262 13260 13443 13445
f 13446 13444 13261 13263
f 13264 13262 13445 13447
f 13448 13446 13263 13265
f 13264 13447 13449 13266
f 13450 13448 13265 13267
f 13266 13449 13451 13268
f 13452 13450 13267 13269
f 13268 13451 13453 13270
f 13452 13269 13271 13454
f 13270 13453 13455 13272
f 13456 13454 13271 13273
f 13455 13457 13274 13272
f 13458 13456 13273 13275
f 13457 13459 13276 13274
f 13462 13458 13275 13279
f 13276 13459 13277
f 13277 13459 13460 13280
f 13280 13460 13463 13281
f 13466 13461 13285 13284
f 13461 13462 13278 13285
f 13462 13279 13278
f 13463 13464 13282 13281
f 13282 13464 13467 13286
f 13289 13474 13465 13283
f 13465 13466 13284 13283
f 13467 13468 13287 13286
f 13287 13468 13469 13290
f 13469 13470 13291 13290
f 13291 13470 13475 13292
f 13480 13471 13296 13295
f 13471 13472 13297 13296
f 13472 13473 13288 13297
f 13473 13474 13289 13288
f 13475 13476 13293 13292
f 13293 13476 13477 13298
f 13298 13477 13481 13299
f 13484 13478 13301 13300
f 13478 13479 13294 13301
f 13479 13480 13295 13294
f 13299 13481 13482 13302
f 13302 13482 13485 13303
f 13502 13483 13315 13314
f 13483 13484 13300 13315
f 13485 13486 13304 13303
f 13304 13486 13503 13316
f 13505 13487 13319 13318
f 13487 13488 13320 13319
f 13488 13489 13305 13320
f 13489 13490 13306 13305
f 13490 13491 13307 13306
f 13491 13492 13308 13307
f 13308 13492 13493 13321
f 13321 13493 13506 13322
f 13513 13494 13327 13326
f 13494 13495 13309 13327
f 13495 13496 13310 13309
f 13496 13497 13311 13310
f 13497 13498 13312 13311
f 13312 13498 13499 13328
f 13499 13500 13329 13328
f 13329 13500 13514 13330
f 13332 13516 13501 13313
f 13501 13502 13314 13313
f 13503 13504 13317 13316
f 13504 13505 13318 13317
f 13506 13507 13323 13322
f 13323 13507 13508 13333
f 13508 13509 13334 13333
f 13509 13510 13335 13334
f 13510 13511 13324 13335
f 13511 13512 13325 13324
f 13512 13513 13326 13325
f 13514 13515 13331 13330
f 13515 13516 13332 13331
f 13336 13517 13526 13346
f 13518 13517 13336 13337
f 13519 13518 13337 13338
f 13520 13519 13338 13339
f 13521 13520 13339 13340
f 13522 13521 13340 13341
f 13523 13522 13341 13342
f 13342 13343 13347 13523
f 13343 13348 13347
f 13344 13524 13537 13362
f 13525 13524 13344 13345
f 13526 13525 13345 13346
f 13527 13718 13523 13347
f 13528 13527 13347 13348
f 13529 13528 13348 13349
f 13530 13529 13349 13350
f 13531 13530 13350 13351
f 13351 13352 13363 13531
f 13352 13353 13364 13363
f 13353 13365 13364
f 13365 13354 13366
f 13354 13355 13367 13366
f 13367 13355 13356 13532
f 13533 13532 13356 13357
f 13534 13533 13357 13358
f 13358 13359 13368 13534
f 13359 13369 13368
f 13360 13535 13550 13372
f 13536 13535 13360 13361
f 13537 13536 13361 13362
f 13539 13538 13531 13363
f 13540 13539 13363 13364
f 13541 13540 13364 13365
f 13542 13541 13365 13366
f 13543 13542 13366 13367
f 13543 13367 13532 13544
f 13546 13534 13368
f 13547 13546 13368 13369
f 13548 13547 13369 13370
f 13549 13548 13370 13371
f 13373 13552 13549 13371
f 13372 13550 13555 13376
f 13553 13552 13373 13374
f 13375 13554 13558 13378
f 13555 13554 13375 13376
f 13557 13556 13553 13377
f 13378 13558 13563 13381
f 13561 13560 13557 13379
f 13380 13562 13575 13393
f 13563 13562 13380 13381
f 13565 13564 13561 13382
f 13566 13565 13382 13383
f 13383 13384 13394 13566
f 13384 13395 13394
f 13385 13567 13581 13398
f 13568 13567 13385 13386
f 13569 13568 13386 13387
f 13570 13569 13387 13388
f 13571 13570 13388 13389
f 13572 13571 13389 13390
f 13573 13572 13390 13391
f 13574 13573 13391 13392
f 13575 13574 13392 13393
f 13578 13577 13566 13394
f 13394 13395 13399 13578
f 13395 13396 13400 13399
f 13580 13579 13401 13397
f 13581 13580 13397 13398
f 13591 13590 13578 13399
f 13592 13591 13399 13400
f 13405 13592 13400
f 13594 13593 13406 13407
f 13594 13407 13401 13579
f 13402 13410 13597 13598
f 13583 13403 13402 13598
f 13583 13584 13404 13403
f 13404 13584 13585 13411
f 13411 13585 13599 13412
f 13604 13592 13405 13413
f 13414 13406 13593 13605
f 13408 13415 13606 13607
f 13596 13409 13408 13607
f 13596 13597 13410 13409
f 13412 13599 13600 13416
f 13416 13600 13601 13608
f 13609 13604 13413 13417
f 13605 13610 13615 13611
f 13605 13611 13612 13414
f 13606 13415 13414 13612
f 13418 13416 13608 13613
f 13614 13609 13417 13419
f 13418 13613 13616 13420
f 13617 13614 13419 13421
f 13420 13616 13618 13422
f 13619 13617 13421 13423
f 13422 13618 13620 13424
f 13621 13619 13423 13425
f 13424 13620 13622 13426
f 13623 13621 13425 13427
f 13426 13622 13624 13428
f 13625 13623 13427 13429
f 13430 13428 13431
f 13431 13428 13624 13626
f 13628 13625 13429 13432
f 13433 13430 13431 13629
f 13629 13431 13626
f 13630 13628 13432 13434
f 13433 13629 13631 13435
f 13632 13630 13434 13436
f 13437 13435 13631 13633
f 13634 13632 13436 13438
f 13439 13437 13633 13635
f 13636 13634 13438 13440
f 13441 13439 13635 13637
f 13638 13636 13440 13442
f 13441 13637 13639 13443
f 13640 13638 13442 13444
f 13443 13639 13641 13445
f 13642 13640 13444 13446
f 13445 13641 13643 13447
f 13644 13642 13446 13448
f 13447 13643 13645 13449
f 13646 13644 13448 13450
f 13451 13449 13645 13647
f 13648 13646 13450 13452
f 13453 13451 13647 13649
f 13650 13648 13452 13454
f 13455 13453 13649 13651
f 13456 13652 13650 13454
f 13651 13653 13457 13455
f 13654 13652 13456 13458
f 13653 13655 13459 13457
f 13658 13654 13458 13462
f 13459 13655 13460
f 13460 13655 13656 13463
f 13463 13656 13659 13464
f 13662 13657 13466 13465
f 13657 13658 13461 13466
f 13658 13462 13461
f 13464 13659 13660 13467
f 13467 13660 13663 13468
f 13671 13661 13474 13473
f 13661 13662 13465 13474
f 13663 13664 13469 13468
f 13664 13665 13470 13469
f 13470 13665 13666 13475
f 13666 13667 13476 13475
f 13476 13667 13672 13477
f 13676 13668 13480 13479
f 13668 13669 13471 13480
f 13669 13670 13472 13471
f 13670 13671 13473 13472
f 13477 13672 13673 13481
f 13481 13673 13677 13482
f 13680 13674 13484 13483
f 13674 13675 13478 13484
f 13675 13676 13479 13478
f 13482 13677 13678 13485
f 13485 13678 13681 13486
f 13706 13679 13502 13501
f 13679 13680 13483 13502
f 13486 13681 13682 13503
f 13682 13683 13504 13503
f 13683 13684 13505 13504
f 13684 13685 13487 13505
f 13685 13686 13488 13487
f 13686 13687 13489 13488
f 13687 13688 13490 13489
f 13688 13689 13491 13490
f 13689 13690 13492 13491
f 13690 13691 13493 13492
f 13493 13691 13692 13506
f 13692 13693 13507 13506
f 13507 13693 13707 13508
f 13710 13694 13512 13511
f 13694 13695 13513 13512
f 13695 13696 13494 13513
f 13696 13697 13495 13494
f 13697 13698 13496 13495
f 13698 13699 13497 13496
f 13699 13700 13498 13497
f 13700 13701 13499 13498
f 13701 13702 13500 13499
f 13500 13702 13703 13514
f 13703 13704 13515 13514
f 13704 13705 13516 13515
f 13705 13706 13501 13516
f 13707 13708 13509 13508
f 13708 13709 13510 13509
f 13709 13710 13511 13510
f 13711 13721 13525 13526
f 13712 13711 13526 13517
f 13713 13712 13517 13518
f 13714 13713 13518 13519
f 13715 13714 13519 13520
f 13716 13715 13520 13521
f 13717 13716 13521 13522
f 13718 13717 13522 13523
f 13719 13731 13536 13537
f 13720 13719 13537 13524
f 13721 13720 13524 13525
f 13724 13723 13718 13527
f 13725 13724 13527 13528
f 13726 13725 13528 13529
f 13727 13726 13529 13530
f 13530 13531 13538 13727
f 13532 13533 13545 13544
f 13545 13533 13534 13728
f 13546 13729 13728 13534
f 13547 13745 13729 13546
f 13535 13730 13747 13550
f 13731 13730 13535 13536
f 13735 13734 13727 13538
f 13736 13735 13538 13539
f 13737 13736 13539 13540
f 13738 13737 13540 13541
f 13739 13738 13541 13542
f 13740 13739 13542 13543
f 13741 13740 13543 13544
f 13742 13741 13544 13545
f 13742 13545 13728 13743
f 13746 13745 13547 13548
f 13548 13549 13551 13746
f 13549 13552 13551
f 13550 13747 13751 13555
f 13749 13903 13746 13551
f 13750 13749 13551 13552
f 13552 13553 13556 13750
f 13558 13554 13559
f 13559 13554 13555 13751
f 13752 13908 13750 13556
f 13556 13557 13560 13752
f 13558 13753 13756 13563
f 13754 13753 13558 13559
f 13754 13559 13751
f 13755 13913 13752 13560
f 13560 13561 13564 13755
f 13575 13562 13576
f 13576 13562 13563 13756
f 13757 13916 13755 13564
f 13758 13757 13564 13565
f 13565 13566 13577 13758
f 13581 13567 13582
f 13567 13568 13583 13582
f 13568 13569 13584 13583
f 13569 13570 13585 13584
f 13570 13571 13586 13585
f 13571 13572 13587 13586
f 13572 13573 13588 13587
f 13573 13574 13589 13588
f 13589 13574 13575 13759
f 13760 13759 13575 13576
f 13760 13576 13756 13917
f 13762 13761 13758 13577
f 13577 13578 13590 13762
f 13594 13579 13595
f 13579 13580 13596 13595
f 13580 13581 13597 13596
f 13581 13582 13598 13597
f 13583 13598 13582
f 13599 13585 13586
f 13586 13587 13600 13599
f 13587 13588 13601 13600
f 13588 13589 13602 13601
f 13602 13589 13759 13763
f 13765 13764 13762 13590
f 13590 13591 13603 13765
f 13591 13592 13604 13603
f 13767 13766 13605 13593
f 13768 13767 13593 13594
f 13594 13595 13607 13768
f 13596 13607 13595
f 13608 13601 13602 13769
f 13769 13602 13763 13921
f 13771 13770 13765 13603
f 13603 13604 13609 13771
f 13772 13610 13605 13766
f 13612 13773 13768 13606
f 13768 13607 13606
f 13613 13608 13769 13774
f 13775 13771 13609 13614
f 13615 13610 13772 13776
f 13611 13615 13777
f 13773 13612 13611 13777
f 13613 13774 13778 13616
f 13779 13775 13614 13617
f 13776 13780 13781 13615
f 13781 13782 13777 13615
f 13616 13778 13783 13618
f 13784 13779 13617 13619
f 13785 13939 13781 13780
f 13620 13618 13783 13786
f 13787 13784 13619 13621
f 13620 13786 13788 13622
f 13789 13787 13621 13623
f 13624 13622 13788 13790
f 13791 13789 13623 13625
f 13624 13790 13792 13626
f 13793 13791 13625 13627
f 13625 13628 13627
f 13626 13792 13794 13629
f 13795 13793 13627
f 13627 13628 13630 13795
f 13629 13794 13796 13631
f 13797 13795 13630 13632
f 13633 13631 13796 13798
f 13799 13797 13632 13634
f 13633 13798 13800 13635
f 13801 13799 13634 13636
f 13635 13800 13802 13637
f 13803 13801 13636 13638
f 13637 13802 13804 13639
f 13803 13638 13640 13805
f 13641 13639 13804 13806
f 13807 13805 13640 13642
f 13643 13641 13806 13808
f 13809 13807 13642 13644
f 13645 13643 13808 13810
f 13811 13809 13644 13646
f 13647 13645 13810 13812
f 13813 13811 13646 13648
f 13649 13647 13812 13814
f 13815 13813 13648 13650
f 13651 13649 13814 13816
f 13817 13815 13650 13652
f 13816 13818 13653 13651
f 13819 13817 13652 13654
f 13818 13820 13655 13653
f 13823 13819 13654 13658
f 13655 13820 13656
f 13656 13820 13821 13659
f 13659 13821 13824 13660
f 13829 13822 13662 13661
f 13822 13823 13657 13662
f 13823 13658 13657
f 13660 13824 13825 13663
f 13825 13826 13664 13663
f 13664 13826 13830 13665
f 13836 13827 13670 13669
f 13827 13828 13671 13670
f 13828 13829 13661 13671
f 13830 13831 13666 13665
f 13831 13832 13667 13666
f 13667 13832 13837 13672
f 13841 13833 13675 13674
f 13833 13834 13676 13675
f 13834 13835 13668 13676
f 13835 13836 13669 13668
f 13837 13838 13673 13672
f 13673 13838 13839 13677
f 13677 13839 13842 13678
f 13855 13840 13680 13679
f 13840 13841 13674 13680
f 13678 13842 13843 13681
f 13681 13843 13856 13682
f 13859 13844 13686 13685
f 13844 13845 13687 13686
f 13845 13846 13688 13687
f 13846 13847 13689 13688
f 13847 13848 13690 13689
f 13690 13848 13860 13691
f 13865 13849 13697 13696
f 13849 13850 13698 13697
f 13850 13851 13699 13698
f 13851 13852 13700 13699
f 13852 13853 13701 13700
f 13701 13853 13866 13702
f 13869 13854 13706 13705
f 13854 13855 13679 13706
f 13856 13857 13683 13682
f 13857 13858 13684 13683
f 13858 13859 13685 13684
f 13860 13861 13692 13691
f 13861 13862 13693 13692
f 13693 13862 13870 13707
f 13710 13873 13863 13694
f 13863 13864 13695 13694
f 13864 13865 13696 13695
f 13866 13867 13703 13702
f 13867 13868 13704 13703
f 13868 13869 13705 13704
f 13870 13871 13708 13707
f 13871 13872 13709 13708
f 13872 13873 13710 13709
f 13721 13711 13722
f 13722 13711 13712 13874
f 13875 13874 13712 13713
f 13876 13875 13713 13714
f 13877 13876 13714 13715
f 13878 13877 13715 13716
f 13879 13878 13716 13717
f 13717 13718 13723 13879
f 13731 13719 13732
f 13732 13719 13720 13880
f 13881 13880 13720 13721
f 13882 13881 13721 13722
f 13882 13722 13874 13883
f 13884 14035 13879 13723
f 13885 13884 13723 13724
f 13886 13885 13724 13725
f 13725 13726 13733 13886
f 13726 13727 13734 13733
f 13728 13729 13744 13743
f 13729 13745 13744
f 13747 13730 13748
f 13748 13730 13731 13887
f 13888 13887 13731 13732
f 13888 13732 13880 13889
f 13890 13886 13733
f 13891 13890 13733 13734
f 13892 13891 13734 13735
f 13893 13892 13735 13736
f 13894 13893 13736 13737
f 13895 13894 13737 13738
f 13896 13895 13738 13739
f 13897 13896 13739 13740
f 13898 13897 13740 13741
f 13899 13898 13741 13742
f 13900 13899 13742 13743
f 13901 13900 13743 13744
f 13902 13901 13744 13745
f 13903 13902 13745 13746
f 13747 13904 13910 13751
f 13905 13904 13747 13748
f 13905 13748 13887 13906
f 13907 14058 13903 13749
f 13908 13907 13749 13750
f 13909 13914 13753 13754
f 13910 13909 13754 13751
f 13913 13912 13908 13752
f 13753 13914 13917 13756
f 13916 14067 13913 13755
f 13918 14071 13916 13757
f 13757 13758 13761 13918
f 13763 13759 13760 13919
f 13919 13760 13917 14072
f 13920 14074 13918 13761
f 13761 13762 13764 13920
f 13921 13763 13919 14075
f 13922 14077 13920 13764
f 13764 13765 13770 13922
f 13924 13923 13772 13766
f 13766 13767 13773 13924
f 13768 13773 13767
f 13769 13921 13925 13774
f 13927 13926 13922 13770
f 13770 13771 13775 13927
f 13928 13776 13772 13923
f 13777 13930 13924 13773
f 13774 13925 13931 13778
f 13933 13927 13775 13779
f 13776 13928 13934 13780
f 13935 13930 13777 13782
f 13778 13931 13936 13783
f 13937 13933 13779 13784
f 13785 13780 13934 13938
f 13939 13935 13782 13781
f 13786 13783 13936 13940
f 13941 13937 13784 13787
f 13938 13942 13943 13785
f 13785 13943 13939
f 13786 13940 13944 13788
f 13945 13941 13787 13789
f 13943 13942 13946 13947
f 13790 13788 13944 13948
f 13950 13945 13789 13791
f 13790 13948 13951 13792
f 13950 13791 13793 13952
f 13794 13792 13951 13953
f 13954 13952 13793 13795
f 13794 13953 13955 13796
f 13956 13954 13795 13797
f 13798 13796 13955 13957
f 13958 13956 13797 13799
f 13798 13957 13959 13800
f 13960 13958 13799 13801
f 13802 13800 13959 13961
f 13962 13960 13801 13803
f 13804 13802 13961 13963
f 13964 13962 13803 13805
f 13806 13804 13963 13965
f 13966 13964 13805 13807
f 13808 13806 13965 13967
f 13968 13966 13807 13809
f 13810 13808 13967 13969
f 13970 13968 13809 13811
f 13812 13810 13969 13971
f 13972 13970 13811 13813
f 13814 13812 13971 13973
f 13974 13972 13813 13815
f 13816 13814 13973 13975
f 13976 13974 13815 13817
f 13975 13977 13818 13816
f 13978 13976 13817 13819
f 13977 13979 13820 13818
f 13982 13978 13819 13823
f 13820 13979 13821
f 13821 13979 13980 13824
f 13824 13980 13983 13825
f 13988 13981 13829 13828
f 13981 13982 13822 13829
f 13982 13823 13822
f 13983 13984 13826 13825
f 13826 13984 13985 13830
f 13830 13985 13989 13831
f 13995 13986 13836 13835
f 13986 13987 13827 13836
f 13987 13988 13828 13827
f 13989 13990 13832 13831
f 13832 13990 13991 13837
f 13991 13992 13838 13837
f 13838 13992 13996 13839
f 13841 14000 13993 13833
f 13993 13994 13834 13833
f 13994 13995 13835 13834
f 13839 13996 13997 13842
f 13842 13997 14001 13843
f 14026 13998 13855 13854
f 13998 13999 13840 13855
f 13999 14000 13841 13840
f 13843 14001 14002 13856
f 14002 14003 13857 13856
f 14003 14004 13858 13857
f 14004 14005 13859 13858
f 14005 14006 13844 13859
f 14006 14007 13845 13844
f 14007 14008 13846 13845
f 14008 14009 13847 13846
f 14009 14010 13848 13847
f 13848 14010 14011 13860
f 14011 14012 13861 13860
f 14012 14013 13862 13861
f 13862 14013 14027 13870
f 14030 14014 13863 13873
f 14014 14015 13864 13863
f 14015 14016 13865 13864
f 14016 14017 13849 13865
f 14017 14018 13850 13849
f 14018 14019 13851 13850
f 14019 14020 13852 13851
f 14020 14021 13853 13852
f 13853 14021 14022 13866
f 14022 14023 13867 13866
f 14023 14024 13868 13867
f 14024 14025 13869 13868
f 14025 14026 13854 13869
f 14027 14028 13871 13870
f 14028 14029 13872 13871
f 14029 14030 13873 13872
f 13883 13874 13875 14031
f 14032 14031 13875 13876
f 14033 14032 13876 13877
f 14034 14033 13877 13878
f 14035 14034 13878 13879
f 13889 13880 13881 14036
f 14037 14036 13881 13882
f 14038 14037 13882 13883
f 14038 13883 14031 14180
f 14040 14039 14035 13884
f 14041 14040 13884 13885
f 14042 14041 13885 13886
f 13890 14043 14042 13886
f 13891 14046 14043 13890
f 13906 13887 13888 14044
f 14045 14044 13888 13889
f 14045 13889 14036 14184
f 14047 14046 13891 13892
f 14048 14047 13892 13893
f 14049 14048 13893 13894
f 14050 14049 13894 13895
f 14051 14050 13895 13896
f 14052 14051 13896 13897
f 14053 14052 13897 13898
f 14054 14053 13898 13899
f 14055 14054 13899 13900
f 14056 14055 13900 13901
f 14057 14056 13901 13902
f 14058 14057 13902 13903
f 13910 13904 13911
f 13911 13904 13905 14059
f 14060 14059 13905 13906
f 14060 13906 14044 14195
f 14062 14061 14058 13907
f 13907 13908 13912 14062
f 13914 13909 13915
f 13915 13909 13910 14063
f 14064 14063 13910 13911
f 14064 13911 14059 14211
f 14066 14065 14062 13912
f 14067 14066 13912 13913
f 13914 14068 14072 13917
f 14069 14068 13914 13915
f 14069 13915 14063 14215
f 14071 14070 14067 13916
f 14074 14073 14071 13918
f 14075 13919 14072 14223
f 14077 14076 14074 13920
f 13921 14075 14078 13925
f 14079 14077 13922 13926
f 13928 13923 13929
f 13923 13924 13930 13929
f 13925 14078 14080 13931
f 14081 14232 14079 13926
f 13926 13927 13932 14081
f 13927 13933 13932
f 13928 13929 13935 13934
f 13930 13935 13929
f 13931 14080 14082 13936
f 14083 14235 14081 13932
f 13932 13933 13937 14083
f 13934 14084 14087 13938
f 13934 13935 13939 14084
f 13936 14082 14085 13940
f 14086 14083 13937 13941
f 13938 14087 13942
f 13943 14088 14084 13939
f 13940 14085 14089 13944
f 14090 14086 13941 13945
f 13942 14087 14091 13946
f 14088 13943 13947 14092
f 13948 13944 14089 14093
f 14094 14090 13945 13949
f 13945 13950 13949
f 13946 14091 14095 14096
f 13947 13946 14096 14097
f 13947 14097 14245 14092
f 13948 14093 14098 13951
f 14099 14094 13949
f 13949 13950 13952 14099
f 14096 14095 14100 14101
f 14101 14097 14096
f 13953 13951 14098 14102
f 14103 14099 13952 13954
f 13953 14102 14104 13955
f 14105 14103 13954 13956
f 13957 13955 14104 14106
f 14107 14105 13956 13958
f 13957 14106 14108 13959
f 14110 14107 13958 13960
f 13961 13959 14108 14111
f 14112 14110 13960 13962
f 13963 13961 14111 14113
f 14114 14112 13962 13964
f 13965 13963 14113 14115
f 14116 14114 13964 13966
f 13967 13965 14115 14117
f 14118 14116 13966 13968
f 13969 13967 14117 14119
f 14120 14118 13968 13970
f 13969 14119 14121 13971
f 14123 14120 13970 13972
f 14121 14124 13973 13971
f 14125 14123 13972 13974
f 13975 13973 14124 14126
f 14127 14125 13974 13976
f 14126 14128 13977 13975
f 14129 14127 13976 13978
f 14128 14130 13979 13977
f 14135 14129 13978 13982
f 13979 14130 13980
f 13980 14130 14131 13983
f 14131 14132 13984 13983
f 13984 14132 14136 13985
f 14140 14133 13987 13986
f 14133 14134 13988 13987
f 14134 14135 13981 13988
f 14135 13982 13981
f 13985 14136 14137 13989
f 14137 14138 13990 13989
f 13990 14138 14141 13991
f 14146 14139 13995 13994
f 14139 14140 13986 13995
f 14141 14142 13992 13991
f 13992 14142 14143 13996
f 13996 14143 14147 13997
f 14151 14144 14000 13999
f 14144 14145 13993 14000
f 14145 14146 13994 13993
f 13997 14147 14148 14001
f 14001 14148 14152 14002
f 14179 14149 14026 14025
f 14149 14150 13998 14026
f 14150 14151 13999 13998
f 14152 14153 14003 14002
f 14153 14154 14004 14003
f 14154 14155 14005 14004
f 14155 14156 14006 14005
f 14156 14157 14007 14006
f 14157 14158 14008 14007
f 14158 14159 14009 14008
f 14159 14160 14010 14009
f 14160 14161 14011 14010
f 14161 14162 14012 14011
f 14162 14163 14013 14012
f 14013 14163 14164 14027
f 14164 14165 14028 14027
f 14165 14166 14029 14028
f 14166 14167 14030 14029
f 14167 14168 14014 14030
f 14168 14169 14015 14014
f 14169 14170 14016 14015
f 14170 14171 14017 14016
f 14171 14172 14018 14017
f 14172 14173 14019 14018
f 14173 14174 14020 14019
f 14174 14175 14021 14020
f 14175 14176 14022 14021
f 14176 14177 14023 14022
f 14177 14178 14024 14023
f 14178 14179 14025 14024
f 14181 14180 14031 14032
f 14182 14181 14032 14033
f 14183 14182 14033 14034
f 14034 14035 14039 14183
f 14185 14184 14036 14037
f 14186 14185 14037 14038
f 14186 14038 14180 14187
f 14190 14189 14183 14039
f 14191 14190 14039 14040
f 14192 14191 14040 14041
f 14193 14192 14041 14042
f 14194 14193 14042 14043
f 14046 14199 14194 14043
f 14196 14195 14044 14045
f 14196 14045 14184 14197
f 14200 14199 14046 14047
f 14201 14200 14047 14048
f 14202 14201 14048 14049
f 14203 14202 14049 14050
f 14204 14203 14050 14051
f 14205 14204 14051 14052
f 14206 14205 14052 14053
f 14207 14206 14053 14054
f 14208 14207 14054 14055
f 14209 14208 14055 14056
f 14210 14209 14056 14057
f 14057 14058 14061 14210
f 14212 14211 14059 14060
f 14212 14060 14195 14343
f 14214 14213 14210 14061
f 14061 14062 14065 14214
f 14216 14215 14063 14064
f 14216 14064 14211 14359
f 14217 14364 14214 14065
f 14218 14217 14065 14066
f 14066 14067 14070 14218
f 14068 14219 14223 14072
f 14220 14219 14068 14069
f 14220 14069 14215 14365
f 14222 14221 14218 14070
f 14070 14071 14073 14222
f 14226 14225 14222 14073
f 14073 14074 14076 14226
f 14075 14223 14227 14078
f 14229 14228 14226 14076
f 14076 14077 14079 14229
f 14078 14227 14230 14080
f 14232 14231 14229 14079
f 14082 14080 14230 14233
f 14235 14234 14232 14081
f 14082 14233 14236 14085
f 14238 14235 14083 14086
f 14087 14084 14088
f 14089 14085 14236 14239
f 14240 14238 14086 14090
f 14087 14241 14091
f 14087 14088 14092 14241
f 14089 14239 14242 14093
f 14243 14240 14090 14094
f 14091 14241 14244 14095
f 14245 14244 14241 14092
f 14093 14242 14246 14098
f 14247 14243 14094 14099
f 14095 14244 14248 14100
f 14101 14249 14245 14097
f 14102 14098 14246 14250
f 14251 14247 14099 14103
f 14100 14248 14252 14253
f 14249 14101 14100 14253
f 14102 14250 14254 14104
f 14255 14251 14103 14105
f 14252 14256 14257
f 14253 14252 14257 14258
f 14106 14104 14254 14259
f 14260 14255 14105 14107
f 14108 14106 14109
f 14109 14106 14259 14261
f 14262 14260 14107 14110
f 14111 14108 14109 14263
f 14263 14109 14261 14264
f 14265 14262 14110 14112
f 14113 14111 14263 14266
f 14267 14265 14112 14114
f 14115 14113 14266 14268
f 14269 14267 14114 14116
f 14117 14115 14268 14270
f 14271 14269 14116 14118
f 14119 14117 14270 14272
f 14273 14271 14118 14120
f 14121 14119 14122 14124
f 14122 14119 14272 14274
f 14275 14273 14120 14123
f 14124 14122 14274 14276
f 14277 14275 14123 14125
f 14126 14124 14276 14278
f 14281 14277 14125 14127
f 14278 14282 14128 14126
f 14285 14281 14127 14129
f 14282 14130 14128
f 14282 14283 14131 14130
f 14131 14283 14286 14132
f 14289 14284 14134 14133
f 14284 14285 14135 14134
f 14135 14285 14129
f 14132 14286 14287 14136
f 14136 14287 14290 14137
f 14295 14288 14140 14139
f 14288 14289 14133 14140
f 14290 14291 14138 14137
f 14138 14291 14292 14141
f 14141 14292 14296 14142
f 14301 14293 14145 14144
f 14293 14294 14146 14145
f 14294 14295 14139 14146
f 14296 14297 14143 14142
f 14143 14297 14298 14147
f 14147 14298 14302 14148
f 14327 14299 14150 14149
f 14299 14300 14151 14150
f 14300 14301 14144 14151
f 14148 14302 14303 14152
f 14303 14304 14153 14152
f 14304 14305 14154 14153
f 14305 14306 14155 14154
f 14306 14307 14156 14155
f 14307 14308 14157 14156
f 14308 14309 14158 14157
f 14309 14310 14159 14158
f 14310 14311 14160 14159
f 14311 14312 14161 14160
f 14312 14313 14162 14161
f 14313 14314 14163 14162
f 14163 14314 14328 14164
f 14331 14315 14168 14167
f 14315 14316 14169 14168
f 14316 14317 14170 14169
f 14317 14318 14171 14170
f 14318 14319 14172 14171
f 14319 14320 14173 14172
f 14320 14321 14174 14173
f 14321 14322 14175 14174
f 14322 14323 14176 14175
f 14323 14324 14177 14176
f 14324 14325 14178 14177
f 14325 14326 14179 14178
f 14326 14327 14149 14179
f 14328 14329 14165 14164
f 14329 14330 14166 14165
f 14330 14331 14167 14166
f 14187 14180 14181 14332
f 14181 14182 14188 14332
f 14182 14183 14189 14188
f 14197 14184 14185 14333
f 14334 14333 14185 14186
f 14335 14334 14186 14187
f 14335 14187 14332 14336
f 14337 14336 14332 14188
f 14338 14337 14188 14189
f 14339 14338 14189 14190
f 14340 14339 14190 14191
f 14341 14340 14191 14192
f 14342 14341 14192 14193
f 14193 14194 14198 14342
f 14194 14199 14198
f 14344 14343 14195 14196
f 14345 14344 14196 14197
f 14345 14197 14333 14346
f 14347 14487 14342 14198
f 14348 14347 14198 14199
f 14349 14348 14199 14200
f 14350 14349 14200 14201
f 14351 14350 14201 14202
f 14352 14351 14202 14203
f 14353 14352 14203 14204
f 14354 14353 14204 14205
f 14355 14354 14205 14206
f 14356 14355 14206 14207
f 14357 14356 14207 14208
f 14358 14357 14208 14209
f 14209 14210 14213 14358
f 14360 14359 14211 14212
f 14360 14212 14343 14361
f 14363 14362 14358 14213
f 14364 14363 14213 14214
f 14366 14365 14215 14216
f 14366 14216 14359 14367
f 14369 14368 14364 14217
f 14217 14218 14221 14369
f 14223 14219 14224
f 14224 14219 14220 14370
f 14370 14220 14365 14371
f 14373 14372 14369 14221
f 14221 14222 14225 14373
f 14223 14374 14378 14227
f 14375 14374 14223 14224
f 14375 14224 14370 14515
f 14377 14376 14373 14225
f 14225 14226 14228 14377
f 14227 14378 14230
f 14381 14380 14377 14228
f 14228 14229 14231 14381
f 14233 14230 14378 14382
f 14384 14383 14381 14231
f 14231 14232 14234 14384
f 14233 14382 14385 14236
f 14387 14386 14384 14234
f 14234 14235 14237 14387
f 14235 14238 14237
f 14239 14236 14385 14388
f 14390 14389 14387 14237
f 14237 14238 14240 14390
f 14239 14388 14391 14242
f 14393 14390 14240 14243
f 14246 14242 14391 14394
f 14395 14393 14243 14247
f 14248 14244 14245 14249
f 14250 14246 14394 14396
f 14398 14395 14247 14251
f 14400 14399 14252 14248
f 14400 14248 14249 14253
f 14250 14396 14401 14254
f 14402 14398 14251 14255
f 14403 14256 14252 14399
f 14400 14253 14258 14405
f 14259 14254 14401 14406
f 14408 14402 14255 14260
f 14256 14403 14409 14410
f 14257 14256 14410 14411
f 14405 14258 14257 14411
f 14261 14259 14406 14412
f 14413 14408 14260 14262
f 14264 14261 14412 14414
f 14415 14413 14262 14265
f 14266 14263 14264 14416
f 14416 14264 14414 14417
f 14418 14415 14265 14267
f 14268 14266 14416 14419
f 14420 14418 14267 14269
f 14270 14268 14419 14421
f 14422 14420 14269 14271
f 14272 14270 14421 14423
f 14424 14422 14271 14273
f 14274 14272 14423 14425
f 14426 14424 14273 14275
f 14276 14274 14425 14427
f 14430 14426 14275 14277
f 14279 14278 14276 14427
f 14279 14427 14428 14431
f 14432 14429 14430 14280
f 14277 14281 14280 14430
f 14282 14278 14279
f 14283 14282 14279 14431
f 14283 14431 14433 14286
f 14434 14432 14284 14289
f 14280 14285 14284 14432
f 14281 14285 14280
f 14286 14433 14435 14287
f 14440 14434 14289 14288
f 14287 14435 14436 14290
f 14436 14437 14291 14290
f 14291 14437 14441 14292
f 14446 14438 14294 14293
f 14438 14439 14295 14294
f 14439 14440 14288 14295
f 14292 14441 14442 14296
f 14442 14443 14297 14296
f 14297 14443 14447 14298
f 14452 14444 14300 14299
f 14444 14445 14301 14300
f 14445 14446 14293 14301
f 14298 14447 14448 14302
f 14448 14449 14303 14302
f 14303 14449 14453 14304
f 14478 14450 14326 14325
f 14450 14451 14327 14326
f 14451 14452 14299 14327
f 14453 14454 14305 14304
f 14454 14455 14306 14305
f 14455 14456 14307 14306
f 14456 14457 14308 14307
f 14457 14458 14309 14308
f 14458 14459 14310 14309
f 14459 14460 14311 14310
f 14460 14461 14312 14311
f 14461 14462 14313 14312
f 14462 14463 14314 14313
f 14314 14463 14464 14328
f 14464 14465 14329 14328
f 14465 14466 14330 14329
f 14466 14467 14331 14330
f 14467 14468 14315 14331
f 14468 14469 14316 14315
f 14469 14470 14317 14316
f 14470 14471 14318 14317
f 14471 14472 14319 14318
f 14472 14473 14320 14319
f 14473 14474 14321 14320
f 14474 14475 14322 14321
f 14475 14476 14323 14322
f 14476 14477 14324 14323
f 14477 14478 14325 14324
f 14346 14333 14334 14479
f 14480 14479 14334 14335
f 14481 14480 14335 14336
f 14482 14481 14336 14337
f 14483 14482 14337 14338
f 14484 14483 14338 14339
f 14485 14484 14339 14340
f 14486 14485 14340 14341
f 14487 14486 14341 14342
f 14361 14343 14344 14488
f 14489 14488 14344 14345
f 14490 14489 14345 14346
f 14490 14346 14479 14491
f 14493 14487 14347
f 14494 14493 14347 14348
f 14495 14494 14348 14349
f 14496 14495 14349 14350
f 14497 14496 14350 14351
f 14498 14497 14351 14352
f 14499 14498 14352 14353
f 14500 14499 14353 14354
f 14501 14500 14354 14355
f 14502 14501 14355 14356
f 14503 14502 14356 14357
f 14357 14358 14362 14503
f 14367 14359 14360 14504
f 14505 14504 14360 14361
f 14505 14361 14488 14506
f 14508 14507 14503 14362
f 14509 14508 14362 14363
f 14363 14364 14368 14509
f 14371 14365 14366 14510
f 14511 14510 14366 14367
f 14511 14367 14504 14512
f 14514 14513 14509 14368
f 14368 14369 14372 14514
f 14516 14515 14370 14371
f 14516 14371 14510 14654
f 14518 14517 14514 14372
f 14372 14373 14376 14518
f 14378 14374 14379
f 14379 14374 14375 14519
f 14519 14375 14515 14520
f 14522 14521 14518 14376
f 14376 14377 14380 14522
f 14382 14378 14379 14523
f 14523 14379 14519 14524
f 14526 14525 14522 14380
f 14380 14381 14383 14526
f 14382 14523 14527 14385
f 14530 14529 14526 14383
f 14383 14384 14386 14530
f 14385 14527 14531 14388
f 14534 14533 14530 14386
f 14386 14387 14389 14534
f 14388 14531 14535 14391
f 14537 14536 14534 14389
f 14389 14390 14392 14537
f 14390 14393 14392
f 14394 14391 14535 14538
f 14540 14539 14537 14392
f 14392 14393 14395 14540
f 14396 14394 14538 14541
f 14542 14540 14395 14397
f 14395 14398 14397
f 14396 14541 14543 14401
f 14545 14544 14542 14397
f 14397 14398 14402 14545
f 14403 14399 14404
f 14399 14400 14405 14404
f 14406 14401 14543 14546
f 14547 14545 14402 14407
f 14402 14408 14407
f 14409 14403 14410
f 14403 14404 14411 14410
f 14405 14411 14404
f 14412 14406 14546 14548
f 14550 14549 14547 14407
f 14407 14408 14413 14550
f 14414 14412 14548 14551
f 14552 14550 14413 14415
f 14417 14414 14551 14553
f 14555 14552 14415 14418
f 14419 14416 14417 14556
f 14556 14417 14553 14557
f 14559 14555 14418 14420
f 14421 14419 14556 14560
f 14563 14559 14420 14422
f 14423 14421 14560 14564
f 14567 14563 14422 14424
f 14425 14423 14564 14568
f 14571 14567 14424 14426
f 14428 14427 14425 14568
f 14428 14568 14569 14572
f 14573 14570 14571 14429
f 14426 14430 14429 14571
f 14431 14428 14572 14574
f 14577 14573 14429 14432
f 14574 14578 14433 14431
f 14581 14577 14432 14434
f 14578 14435 14433
f 14578 14579 14436 14435
f 14436 14579 14582 14437
f 14587 14580 14439 14438
f 14580 14581 14440 14439
f 14440 14581 14434
f 14437 14582 14583 14441
f 14583 14584 14442 14441
f 14442 14584 14588 14443
f 14591 14585 14445 14444
f 14585 14586 14446 14445
f 14586 14587 14438 14446
f 14443 14588 14589 14447
f 14447 14589 14592 14448
f 14621 14590 14452 14451
f 14590 14591 14444 14452
f 14592 14593 14449 14448
f 14449 14593 14594 14453
f 14594 14595 14454 14453
f 14595 14596 14455 14454
f 14596 14597 14456 14455
f 14597 14598 14457 14456
f 14598 14599 14458 14457
f 14599 14600 14459 14458
f 14600 14601 14460 14459
f 14601 14602 14461 14460
f 14602 14603 14462 14461
f 14603 14604 14463 14462
f 14604 14605 14464 14463
f 14605 14606 14465 14464
f 14606 14607 14466 14465
f 14607 14608 14467 14466
f 14608 14609 14468 14467
f 14609 14610 14469 14468
f 14610 14611 14470 14469
f 14611 14612 14471 14470
f 14612 14613 14472 14471
f 14613 14614 14473 14472
f 14614 14615 14474 14473
f 14615 14616 14475 14474
f 14616 14617 14476 14475
f 14617 14618 14477 14476
f 14618 14619 14478 14477
f 14619 14620 14450 14478
f 14620 14621 14451 14450
f 14479 14480 14492 14491
f 14492 14480 14481 14622
f 14623 14622 14481 14482
f 14624 14623 14482 14483
f 14625 14624 14483 14484
f 14626 14625 14484 14485
f 14627 14626 14485 14486
f 14628 14627 14486 14487
f 14493 14629 14628 14487
f 14630 14629 14493 14494
f 14495 14642 14630 14494
f 14506 14488 14489 14631
f 14632 14631 14489 14490
f 14633 14632 14490 14491
f 14634 14633 14491 14492
f 14634 14492 14622 14635
f 14643 14642 14495 14496
f 14644 14643 14496 14497
f 14645 14644 14497 14498
f 14646 14645 14498 14499
f 14647 14646 14499 14500
f 14648 14647 14500 14501
f 14649 14648 14501 14502
f 14502 14503 14507 14649
f 14512 14504 14505 14650
f 14651 14650 14505 14506
f 14651 14506 14631 14764
f 14652 14649 14507
f 14653 14652 14507 14508
f 14508 14509 14513 14653
f 14655 14654 14510 14511
f 14656 14655 14511 14512
f 14656 14512 14650 14786
f 14657 14788 14653 14513
f 14513 14514 14517 14657
f 14520 14515 14516 14658
f 14658 14516 14654 14659
f 14660 14791 14657 14517
f 14517 14518 14521 14660
f 14524 14519 14520 14661
f 14661 14520 14658 14662
f 14665 14664 14660 14521
f 14521 14522 14525 14665
f 14527 14523 14528
f 14528 14523 14524 14666
f 14666 14524 14661 14667
f 14669 14668 14665 14525
f 14525 14526 14529 14669
f 14531 14527 14532
f 14532 14527 14528 14670
f 14670 14528 14666 14671
f 14673 14672 14669 14529
f 14529 14530 14533 14673
f 14535 14531 14532 14674
f 14674 14532 14670 14675
f 14677 14676 14673 14533
f 14533 14534 14536 14677
f 14538 14535 14674 14678
f 14681 14680 14677 14536
f 14536 14537 14539 14681
f 14541 14538 14678 14682
f 14684 14683 14681 14539
f 14539 14540 14542 14684
f 14541 14682 14685 14543
f 14688 14684 14542 14544
f 14546 14543 14685 14689
f 14692 14691 14688 14544
f 14544 14545 14547 14692
f 14548 14546 14689 14693
f 14696 14692 14547 14549
f 14551 14548 14693 14697
f 14699 14698 14696 14549
f 14549 14550 14552 14699
f 14553 14551 14697 14700
f 14702 14699 14552 14554
f 14552 14555 14554
f 14557 14553 14700 14703
f 14705 14702 14554 14558
f 14554 14555 14559 14558
f 14556 14557 14561 14560
f 14561 14557 14703 14706
f 14707 14705 14558 14562
f 14558 14559 14563 14562
f 14560 14561 14565 14564
f 14565 14561 14706 14708
f 14709 14707 14562 14566
f 14562 14563 14567 14566
f 14564 14565 14569 14568
f 14569 14565 14708 14710
f 14713 14709 14566 14570
f 14566 14567 14571 14570
f 14572 14569 14710 14714
f 14717 14713 14570 14573
f 14575 14574 14572 14714
f 14575 14714 14715 14718
f 14721 14716 14717 14576
f 14573 14577 14576 14717
f 14578 14574 14575
f 14579 14578 14575 14718
f 14579 14718 14722 14582
f 14725 14721 14580 14587
f 14576 14581 14580 14721
f 14577 14581 14576
f 14722 14723 14583 14582
f 14583 14723 14726 14584
f 14730 14724 14586 14585
f 14724 14725 14587 14586
f 14584 14726 14727 14588
f 14588 14727 14731 14589
f 14735 14728 14590 14621
f 14728 14729 14591 14590
f 14729 14730 14585 14591
f 14589 14731 14732 14592
f 14732 14733 14593 14592
f 14593 14733 14736 14594
f 14761 14734 14620 14619
f 14734 14735 14621 14620
f 14736 14737 14595 14594
f 14737 14738 14596 14595
f 14738 14739 14597 14596
f 14739 14740 14598 14597
f 14740 14741 14599 14598
f 14741 14742 14600 14599
f 14742 14743 14601 14600
f 14743 14744 14602 14601
f 14744 14745 14603 14602
f 14745 14746 14604 14603
f 14746 14747 14605 14604
f 14747 14748 14606 14605
f 14748 14749 14607 14606
f 14749 14750 14608 14607
f 14750 14751 14609 14608
f 14751 14752 14610 14609
f 14752 14753 14611 14610
f 14753 14754 14612 14611
f 14754 14755 14613 14612
f 14755 14756 14614 14613
f 14756 14757 14615 14614
f 14757 14758 14616 14615
f 14758 14759 14617 14616
f 14759 14760 14618 14617
f 14760 14761 14619 14618
f 14622 14623 14636 14635
f 14623 14624 14637 14636
f 14637 14624 14625 14762
f 14763 14762 14625 14626
f 14626 14627 14638 14763
f 14627 14628 14639 14638
f 14628 14629 14640 14639
f 14629 14630 14641 14640
f 14630 14642 14641
f 14765 14764 14631 14632
f 14766 14765 14632 14633
f 14767 14766 14633 14634
f 14768 14767 14634 14635
f 14769 14768 14635 14636
f 14770 14769 14636 14637
f 14770 14637 14762 14771
f 14773 14772 14763 14638
f 14774 14773 14638 14639
f 14775 14774 14639 14640
f 14776 14775 14640 14641
f 14777 14776 14641 14642
f 14778 14777 14642 14643
f 14779 14778 14643 14644
f 14780 14779 14644 14645
f 14781 14780 14645 14646
f 14782 14781 14646 14647
f 14783 14782 14647 14648
f 14784 14783 14648 14649
f 14652 14785 14784 14649
f 14653 14788 14785 14652
f 14787 14786 14650 14651
f 14787 14651 14764
f 14659 14654 14655 14789
f 14790 14789 14655 14656
f 14790 14656 14786 14925
f 14791 14941 14788 14657
f 14658 14659 14663 14662
f 14663 14659 14789 14792
f 14794 14791 14660 14664
f 14667 14661 14662 14795
f 14796 14795 14662 14663
f 14796 14663 14792 14797
f 14798 14958 14794 14664
f 14664 14665 14668 14798
f 14671 14666 14667 14799
f 14799 14667 14795 14800
f 14803 14802 14798 14668
f 14668 14669 14672 14803
f 14675 14670 14671 14804
f 14804 14671 14799 14805
f 14808 14807 14803 14672
f 14672 14673 14676 14808
f 14674 14675 14679 14678
f 14679 14675 14804 14809
f 14812 14811 14808 14676
f 14676 14677 14680 14812
f 14682 14678 14679 14813
f 14813 14679 14809 14814
f 14816 14815 14812 14680
f 14680 14681 14683 14816
f 14685 14682 14686
f 14686 14682 14813 14817
f 14820 14816 14683 14687
f 14683 14684 14688 14687
f 14685 14686 14690 14689
f 14690 14686 14817 14821
f 14824 14823 14820 14687
f 14687 14688 14691 14824
f 14689 14690 14694 14693
f 14694 14690 14821 14825
f 14826 14824 14691 14695
f 14691 14692 14696 14695
f 14697 14693 14694 14827
f 14827 14694 14825 14828
f 14830 14829 14826 14695
f 14695 14696 14698 14830
f 14700 14697 14827 14831
f 14834 14830 14698 14701
f 14698 14699 14702 14701
f 14703 14700 14831 14835
f 14837 14834 14701 14704
f 14701 14702 14705 14704
f 14706 14703 14835 14838
f 14841 14840 14837 14704
f 14704 14705 14707 14841
f 14708 14706 14838 14842
f 14845 14841 14707 14709
f 14711 14710 14708 14842
f 14711 14842 14843 14846
f 14849 14844 14845 14712
f 14709 14713 14712 14845
f 14710 14711 14715 14714
f 14715 14711 14846 14850
f 14853 14849 14712 14716
f 14712 14713 14717 14716
f 14719 14718 14715 14850
f 14719 14850 14851 14854
f 14859 14852 14853 14720
f 14716 14721 14720 14853
f 14722 14718 14719
f 14723 14722 14719 14854
f 14723 14854 14860 14726
f 14867 14859 14724 14730
f 14720 14725 14724 14859
f 14721 14725 14720
f 14860 14861 14727 14726
f 14727 14861 14868 14731
f 14873 14866 14729 14728
f 14866 14867 14730 14729
f 14868 14869 14732 14731
f 14732 14869 14874 14733
f 14901 14872 14735 14734
f 14872 14873 14728 14735
f 14733 14874 14875 14736
f 14875 14876 14737 14736
f 14876 14877 14738 14737
f 14877 14878 14739 14738
f 14878 14879 14740 14739
f 14879 14880 14741 14740
f 14880 14881 14742 14741
f 14881 14882 14743 14742
f 14882 14883 14744 14743
f 14883 14884 14745 14744
f 14884 14885 14746 14745
f 14885 14886 14747 14746
f 14886 14887 14748 14747
f 14887 14888 14749 14748
f 14888 14889 14750 14749
f 14889 14890 14751 14750
f 14890 14891 14752 14751
f 14891 14892 14753 14752
f 14892 14893 14754 14753
f 14893 14894 14755 14754
f 14894 14895 14756 14755
f 14895 14896 14757 14756
f 14896 14897 14758 14757
f 14897 14898 14759 14758
f 14898 14899 14760 14759
f 14899 14900 14761 14760
f 14900 14901 14734 14761
f 14762 14763 14772 14771
f 14902 14925 14786 14787
f 14903 14902 14787 14764
f 14904 14903 14764 14765
f 14905 14904 14765 14766
f 14906 14905 14766 14767
f 14907 14906 14767 14768
f 14908 14907 14768 14769
f 14909 14908 14769 14770
f 14910 14909 14770 14771
f 14911 14910 14771 14772
f 14912 14911 14772 14773
f 14913 14912 14773 14774
f 14914 14913 14774 14775
f 14915 14914 14775 14776
f 14916 14915 14776 14777
f 14917 14916 14777 14778
f 14918 14917 14778 14779
f 14919 14918 14779 14780
f 14920 14919 14780 14781
f 14921 14920 14781 14782
f 14922 14921 14782 14783
f 14923 14922 14783 14784
f 14924 14923 14784 14785
f 14788 14941 14924 14785
f 14789 14790 14793 14792
f 14793 14790 14925 14942
f 14955 14941 14791 14794
f 14797 14792 14793 14956
f 14956 14793 14942 14957
f 14958 14955 14794
f 14795 14796 14801 14800
f 14801 14796 14797 14959
f 14959 14797 14956 14960
f 14962 14958 14798 14802
f 14799 14800 14806 14805
f 14806 14800 14801 14963
f 14963 14801 14959 14964
f 14967 14966 14962 14802
f 14802 14803 14807 14967
f 14804 14805 14810 14809
f 14810 14805 14806 14968
f 14968 14806 14963 14969
f 14972 14971 14967 14807
f 14807 14808 14811 14972
f 14814 14809 14810 14973
f 14973 14810 14968 14974
f 14978 14977 14972 14811
f 14811 14812 14815 14978
f 14813 14814 14818 14817
f 14818 14814 14973 14979
f 14983 14978 14815 14819
f 14815 14816 14820 14819
f 14817 14818 14822 14821
f 14822 14818 14979 14984
f 14987 14986 14983 14819
f 14819 14820 14823 14987
f 14825 14821 14822 14988
f 14988 14822 14984 14989
f 14993 14992 14987 14823
f 14823 14824 14826 14993
f 14828 14825 14988 14994
f 14997 14993 14826 14829
f 14827 14828 14832 14831
f 14832 14828 14994 14998
f 15000 14997 14829 14833
f 14829 14830 14834 14833
f 14831 14832 14836 14835
f 14836 14832 14998 15001
f 15004 15003 15000 14833
f 14833 14834 14837 15004
f 14835 14836 14839 14838
f 14839 14836 15001 15005
f 15008 15004 14837 14840
f 14838 14839 14843 14842
f 14843 14839 15005 15009
f 15013 15008 14840 14844
f 14840 14841 14845 14844
f 14847 14846 14843 15009
f 14847 15009 15010 15014
f 15017 15012 15013 14848
f 14844 14849 14848 15013
f 14846 14847 14851 14850
f 14851 14847 15014 15018
f 15023 15017 14848 14852
f 14848 14849 14853 14852
f 14855 14854 14851 15018
f 15018 15019 14856 14855
f 14856 15019 15020 15024
f 15029 15021 15022 14857
f 15022 15023 14858 14857
f 14852 14859 14858 15023
f 14860 14854 14855
f 14855 14856 14861 14860
f 14862 14861 14856 15024
f 15024 15025 14863 14862
f 14863 15025 15026 15030
f 15035 15027 15028 14864
f 15028 15029 14865 14864
f 14857 14866 14865 15029
f 14857 14858 14867 14866
f 14859 14867 14858
f 14868 14861 14862
f 14862 14863 14869 14868
f 14870 14869 14863 15030
f 14870 15030 15031 15036
f 15047 15034 15035 14871
f 14864 14872 14871 15035
f 14864 14865 14873 14872
f 14866 14873 14865
f 14874 14869 14870
f 14875 14874 14870 15036
f 15036 15037 14876 14875
f 15037 15038 14877 14876
f 15038 15039 14878 14877
f 15039 15040 14879 14878
f 15040 15041 14880 14879
f 14880 15041 15048 14881
f 15061 15042 14895 14894
f 15042 15043 14896 14895
f 15043 15044 14897 14896
f 15044 15045 14898 14897
f 15045 15046 14899 14898
f 15046 15047 14900 14899
f 14871 14901 14900 15047
f 14872 14901 14871
f 15048 15049 14882 14881
f 15049 15050 14883 14882
f 15050 15051 14884 14883
f 15051 15052 14885 14884
f 15052 15053 14886 14885
f 15053 15054 14887 14886
f 15054 15055 14888 14887
f 15055 15056 14889 14888
f 15056 15057 14890 14889
f 15057 15058 14891 14890
f 15058 15059 14892 14891
f 15059 15060 14893 14892
f 15060 15061 14894 14893
f 15062 15069 14920 14921
f 15063 15062 14921 14922
f 15064 15063 14922 14923
f 15065 15064 14923 14924
f 14925 14902 14926
f 14926 14902 14903 15066
f 15067 15066 14903 14904
f 15068 15067 14904 14905
f 14905 14906 14927 15068
f 14906 14907 14928 14927
f 14907 14908 14929 14928
f 14908 14909 14930 14929
f 14909 14910 14931 14930
f 14910 14911 14932 14931
f 14911 14912 14933 14932
f 14912 14913 14934 14933
f 14913 14914 14935 14934
f 14914 14915 14936 14935
f 14915 14916 14937 14936
f 14916 14917 14938 14937
f 14917 14918 14939 14938
f 14918 14919 14940 14939
f 14940 14919 14920 15069
f 14941 15070 15065 14924
f 14942 14925 14926 15071
f 15071 14926 15066 15072
f 15075 15074 15068 14927
f 15076 15075 14927 14928
f 14928 14929 14943 15076
f 14929 14930 14944 14943
f 14930 14931 14945 14944
f 14931 14932 14946 14945
f 14932 14933 14947 14946
f 14933 14934 14948 14947
f 14934 14935 14949 14948
f 14935 14936 14950 14949
f 14936 14937 14951 14950
f 14937 14938 14952 14951
f 14938 14939 14953 14952
f 14939 14940 14954 14953
f 14954 14940 15069 15077
f 15070 14941 14955 15078
f 14957 14942 15071 15079
f 15085 15084 15076 14943
f 15086 15085 14943 14944
f 15087 15086 14944 14945
f 15088 15087 14945 14946
f 15089 15088 14946 14947
f 15090 15089 14947 14948
f 15091 15090 14948 14949
f 15092 15091 14949 14950
f 15093 15092 14950 14951
f 15094 15093 14951 14952
f 15095 15094 14952 14953
f 15096 15095 14953 14954
f 15096 14954 15077 15097
f 15098 15078 14955 14958
f 14956 14957 14961 14960
f 14961 14957 15079 15099
f 15118 15098 14958 14962
f 14959 14960 14965 14964
f 14965 14960 14961 15119
f 15119 14961 15099 15120
f 15140 15118 14962 14966
f 14963 14964 14970 14969
f 14970 14964 14965 15141
f 15141 14965 15119 15142
f 15156 15155 15140 14966
f 14966 14967 14971 15156
f 14968 14969 14975 14974
f 14975 14969 14970 15157
f 15157 14970 15141 15158
f 15164 15156 14971 14976
f 14971 14972 14977 14976
f 14973 14974 14980 14979
f 14974 14975 14981 14980
f 14981 14975 15157 15165
f 15169 15168 15164 14976
f 14976 14977 14982 15169
f 14977 14978 14983 14982
f 14979 14980 14985 14984
f 14985 14980 14981 15170
f 15170 14981 15165 15171
f 15175 15174 15169 14982
f 14982 14983 14986 15175
f 14984 14985 14990 14989
f 14990 14985 15170 15176
f 15180 15175 14986 14991
f 14986 14987 14992 14991
f 14988 14989 14995 14994
f 14995 14989 14990 15181
f 15181 14990 15176 15182
f 15185 15184 15180 14991
f 14991 14992 14996 15185
f 14992 14993 14997 14996
f 14994 14995 14999 14998
f 14999 14995 15181 15186
f 15191 15190 15185 14996
f 14996 14997 15000 15191
f 14998 14999 15002 15001
f 15002 14999 15186 15192
f 15197 15191 15000 15003
f 15001 15002 15006 15005
f 15006 15002 15192 15198
f 15203 15197 15003 15007
f 15003 15004 15008 15007
f 15005 15006 15010 15009
f 15010 15006 15198 15204
f 15210 15202 15203 15011
f 15007 15012 15011 15203
f 15007 15008 15013 15012
f 15015 15014 15010 15204
f 15015 15204 15205 15211
f 15218 15210 15011 15016
f 15011 15012 15017 15016
f 15014 15015 15019 15018
f 15020 15019 15015 15211
f 15020 15211 15212 15219
f 15230 15217 15218 15021
f 15016 15022 15021 15218
f 15016 15017 15023 15022
f 15025 15024 15020 15219
f 15219 15220 15026 15025
f 15026 15220 15221 15231
f 15240 15228 15229 15027
f 15229 15230 15028 15027
f 15021 15029 15028 15230
f 15031 15030 15026 15231
f 15231 15232 15032 15031
f 15032 15232 15233 15241
f 15252 15238 15239 15033
f 15239 15240 15034 15033
f 15027 15035 15034 15240
f 15031 15032 15037 15036
f 15038 15037 15032 15241
f 15241 15242 15039 15038
f 15242 15243 15040 15039
f 15040 15243 15253 15041
f 15268 15250 15043 15042
f 15250 15251 15044 15043
f 15251 15252 15045 15044
f 15033 15046 15045 15252
f 15033 15034 15047 15046
f 15041 15253 15254 15048
f 15254 15255 15049 15048
f 15255 15256 15050 15049
f 15256 15257 15051 15050
f 15257 15258 15052 15051
f 15258 15259 15053 15052
f 15259 15260 15054 15053
f 15260 15261 15055 15054
f 15261 15262 15056 15055
f 15262 15263 15057 15056
f 15263 15264 15058 15057
f 15264 15265 15059 15058
f 15265 15266 15060 15059
f 15266 15267 15061 15060
f 15267 15268 15042 15061
f 15269 15271 15062 15063
f 15270 15269 15063 15064
f 15065 15272 15270 15064
f 15062 15271 15069
f 15070 15274 15272 15065
f 15066 15067 15073 15072
f 15067 15068 15074 15073
f 15077 15069 15271 15273
f 15274 15070 15078
f 15071 15072 15080 15079
f 15072 15073 15081 15080
f 15073 15074 15082 15081
f 15074 15075 15083 15082
f 15075 15076 15084 15083
f 15097 15077 15273 15275
f 15274 15078 15098 15276
f 15079 15080 15100 15099
f 15080 15081 15101 15100
f 15081 15082 15102 15101
f 15082 15083 15103 15102
f 15083 15084 15104 15103
f 15084 15085 15105 15104
f 15085 15086 15106 15105
f 15086 15087 15107 15106
f 15087 15088 15108 15107
f 15088 15089 15109 15108
f 15089 15090 15110 15109
f 15090 15091 15111 15110
f 15091 15092 15112 15111
f 15092 15093 15113 15112
f 15093 15094 15114 15113
f 15094 15095 15115 15114
f 15095 15096 15116 15115
f 15096 15097 15117 15116
f 15117 15097 15275 15277
f 15278 15276 15098 15118
f 15099 15100 15121 15120
f 15100 15101 15122 15121
f 15101 15102 15123 15122
f 15102 15103 15124 15123
f 15103 15104 15125 15124
f 15104 15105 15126 15125
f 15105 15106 15127 15126
f 15106 15107 15128 15127
f 15107 15108 15129 15128
f 15108 15109 15130 15129
f 15109 15110 15131 15130
f 15110 15111 15132 15131
f 15111 15112 15133 15132
f 15112 15113 15134 15133
f 15113 15114 15135 15134
f 15114 15115 15136 15135
f 15115 15116 15137 15136
f 15116 15117 15138 15137
f 15138 15117 15277 15279
f 15281 15278 15139
f 15118 15140 15139 15278
f 15119 15120 15143 15142
f 15120 15121 15144 15143
f 15121 15122 15145 15144
f 15122 15123 15146 15145
f 15146 15123 15124 15282
f 15283 15282 15124 15125
f 15284 15283 15125 15126
f 15285 15284 15126 15127
f 15286 15285 15127 15128
f 15128 15129 15147 15286
f 15129 15130 15148 15147
f 15130 15131 15149 15148
f 15131 15132 15150 15149
f 15132 15133 15151 15150
f 15133 15134 15152 15151
f 15152 15134 15135 15287
f 15288 15287 15135 15136
f 15289 15288 15136 15137
f 15290 15289 15137 15138
f 15290 15138 15279 15291
f 15292 15281 15153 15312
f 15139 15154 15153 15281
f 15139 15140 15155 15154
f 15141 15142 15159 15158
f 15142 15143 15160 15159
f 15143 15144 15161 15160
f 15161 15144 15145 15293
f 15294 15293 15145 15146
f 15294 15146 15282 15295
f 15300 15299 15286 15147
f 15301 15300 15147 15148
f 15302 15301 15148 15149
f 15303 15302 15149 15150
f 15304 15303 15150 15151
f 15305 15304 15151 15152
f 15305 15152 15287 15306
f 15153 15154 15162 15312
f 15154 15155 15163 15162
f 15155 15156 15164 15163
f 15157 15158 15166 15165
f 15158 15159 15167 15166
f 15167 15159 15160 15313
f 15314 15313 15160 15161
f 15314 15161 15293 15315
f 15335 15334 15312 15162
f 15336 15335 15162 15163
f 15163 15164 15168 15336
f 15165 15166 15172 15171
f 15172 15166 15167 15337
f 15337 15167 15313 15338
f 15361 15336 15168 15173
f 15168 15169 15174 15173
f 15170 15171 15177 15176
f 15171 15172 15178 15177
f 15178 15172 15337 15362
f 15387 15386 15361 15173
f 15173 15174 15179 15387
f 15174 15175 15180 15179
f 15176 15177 15183 15182
f 15183 15177 15178 15388
f 15388 15178 15362 15389
f 15415 15414 15387 15179
f 15179 15180 15184 15415
f 15181 15182 15187 15186
f 15182 15183 15188 15187
f 15188 15183 15388 15416
f 15443 15415 15184 15189
f 15184 15185 15190 15189
f 15186 15187 15193 15192
f 15187 15188 15194 15193
f 15194 15188 15416 15444
f 15471 15443 15189 15195
f 15189 15190 15196 15195
f 15190 15191 15197 15196
f 15192 15193 15199 15198
f 15193 15194 15200 15199
f 15200 15194 15444 15472
f 15499 15471 15195 15201
f 15195 15196 15202 15201
f 15196 15197 15203 15202
f 15198 15199 15205 15204
f 15199 15200 15206 15205
f 15207 15206 15200 15472
f 15207 15472 15473 15500
f 15525 15498 15499 15208
f 15201 15209 15208 15499
f 15201 15202 15210 15209
f 15205 15206 15212 15211
f 15206 15207 15213 15212
f 15214 15213 15207 15500
f 15214 15500 15501 15526
f 15549 15524 15525 15215
f 15208 15216 15215 15525
f 15208 15209 15217 15216
f 15209 15210 15218 15217
f 15212 15213 15220 15219
f 15213 15214 15221 15220
f 15222 15221 15214 15526
f 15526 15527 15223 15222
f 15527 15528 15224 15223
f 15224 15528 15529 15550
f 15567 15546 15547 15225
f 15547 15548 15226 15225
f 15548 15549 15227 15226
f 15215 15228 15227 15549
f 15215 15216 15229 15228
f 15216 15217 15230 15229
f 15221 15222 15232 15231
f 15222 15223 15233 15232
f 15223 15224 15234 15233
f 15235 15234 15224 15550
f 15235 15550 15551 15568
f 15583 15566 15567 15236
f 15225 15237 15236 15567
f 15225 15226 15238 15237
f 15226 15227 15239 15238
f 15227 15228 15240 15239
f 15233 15234 15242 15241
f 15234 15235 15243 15242
f 15244 15243 15235 15568
f 15568 15569 15245 15244
f 15569 15570 15246 15245
f 15246 15570 15571 15584
f 15593 15580 15581 15247
f 15581 15582 15248 15247
f 15582 15583 15249 15248
f 15236 15250 15249 15583
f 15236 15237 15251 15250
f 15237 15238 15252 15251
f 15253 15243 15244
f 15244 15245 15254 15253
f 15245 15246 15255 15254
f 15256 15255 15246 15584
f 15584 15585 15257 15256
f 15585 15586 15258 15257
f 15586 15587 15259 15258
f 15587 15588 15260 15259
f 15588 15589 15261 15260
f 15589 15590 15262 15261
f 15590 15591 15263 15262
f 15591 15592 15264 15263
f 15592 15593 15265 15264
f 15247 15266 15265 15593
f 15247 15248 15267 15266
f 15248 15249 15268 15267
f 15250 15268 15249
f 15269 15594 15597 15271
f 15595 15594 15269 15270
f 15272 15596 15595 15270
f 15271 15597 15273
f 15274 15598 15596 15272
f 15273 15597 15599 15275
f 15598 15274 15276 15600
f 15275 15599 15601 15277
f 15278 15604 15600 15276
f 15601 15279 15277
f 15601 15602 15280 15279
f 15602 15603 15281 15280
f 15603 15604 15278 15281
f 15279 15280 15292 15291
f 15281 15292 15280
f 15282 15283 15296 15295
f 15283 15284 15297 15296
f 15284 15285 15298 15297
f 15285 15286 15299 15298
f 15287 15288 15307 15306
f 15288 15289 15308 15307
f 15289 15290 15309 15308
f 15290 15291 15310 15309
f 15291 15292 15311 15310
f 15292 15312 15311
f 15293 15294 15316 15315
f 15294 15295 15317 15316
f 15295 15296 15318 15317
f 15296 15297 15319 15318
f 15297 15298 15320 15319
f 15298 15299 15321 15320
f 15299 15300 15322 15321
f 15300 15301 15323 15322
f 15301 15302 15324 15323
f 15302 15303 15325 15324
f 15303 15304 15326 15325
f 15304 15305 15327 15326
f 15305 15306 15328 15327
f 15306 15307 15329 15328
f 15307 15308 15330 15329
f 15308 15309 15331 15330
f 15309 15310 15332 15331
f 15310 15311 15333 15332
f 15311 15312 15334 15333
f 15313 15314 15339 15338
f 15314 15315 15340 15339
f 15315 15316 15341 15340
f 15316 15317 15342 15341
f 15317 15318 15343 15342
f 15318 15319 15344 15343
f 15319 15320 15345 15344
f 15320 15321 15346 15345
f 15321 15322 15347 15346
f 15322 15323 15348 15347
f 15323 15324 15349 15348
f 15324 15325 15350 15349
f 15325 15326 15351 15350
f 15326 15327 15352 15351
f 15327 15328 15353 15352
f 15328 15329 15354 15353
f 15329 15330 15355 15354
f 15330 15331 15356 15355
f 15331 15332 15357 15356
f 15332 15333 15358 15357
f 15333 15334 15359 15358
f 15334 15335 15360 15359
f 15335 15336 15361 15360
f 15337 15338 15363 15362
f 15338 15339 15364 15363
f 15339 15340 15365 15364
f 15340 15341 15366 15365
f 15341 15342 15367 15366
f 15342 15343 15368 15367
f 15343 15344 15369 15368
f 15344 15345 15370 15369
f 15345 15346 15371 15370
f 15346 15347 15372 15371
f 15347 15348 15373 15372
f 15348 15349 15374 15373
f 15349 15350 15375 15374
f 15350 15351 15376 15375
f 15351 15352 15377 15376
f 15352 15353 15378 15377
f 15353 15354 15379 15378
f 15354 15355 15380 15379
f 15355 15356 15381 15380
f 15356 15357 15382 15381
f 15357 15358 15383 15382
f 15358 15359 15384 15383
f 15359 15360 15385 15384
f 15360 15361 15386 15385
f 15362 15363 15390 15389
f 15363 15364 15391 15390
f 15364 15365 15392 15391
f 15365 15366 15393 15392
f 15366 15367 15394 15393
f 15367 15368 15395 15394
f 15368 15369 15396 15395
f 15369 15370 15397 15396
f 15370 15371 15398 15397
f 15371 15372 15399 15398
f 15372 15373 15400 15399
f 15373 15374 15401 15400
f 15374 15375 15402 15401
f 15375 15376 15403 15402
f 15376 15377 15404 15403
f 15377 15378 15405 15404
f 15378 15379 15406 15405
f 15379 15380 15407 15406
f 15380 15381 15408 15407
f 15381 15382 15409 15408
f 15382 15383 15410 15409
f 15383 15384 15411 15410
f 15384 15385 15412 15411
f 15385 15386 15413 15412
f 15386 15387 15414 15413
f 15388 15389 15417 15416
f 15389 15390 15418 15417
f 15390 15391 15419 15418
f 15391 15392 15420 15419
f 15392 15393 15421 15420
f 15393 15394 15422 15421
f 15394 15395 15423 15422
f 15395 15396 15424 15423
f 15396 15397 15425 15424
f 15397 15398 15426 15425
f 15398 15399 15427 15426
f 15399 15400 15428 15427
f 15400 15401 15429 15428
f 15401 15402 15430 15429
f 15402 15403 15431 15430
f 15403 15404 15432 15431
f 15404 15405 15433 15432
f 15405 15406 15434 15433
f 15406 15407 15435 15434
f 15407 15408 15436 15435
f 15408 15409 15437 15436
f 15409 15410 15438 15437
f 15410 15411 15439 15438
f 15411 15412 15440 15439
f 15412 15413 15441 15440
f 15413 15414 15442 15441
f 15414 15415 15443 15442
f 15416 15417 15445 15444
f 15417 15418 15446 15445
f 15418 15419 15447 15446
f 15419 15420 15448 15447
f 15420 15421 15449 15448
f 15421 15422 15450 15449
f 15422 15423 15451 15450
f 15423 15424 15452 15451
f 15424 15425 15453 15452
f 15425 15426 15454 15453
f 15426 15427 15455 15454
f 15427 15428 15456 15455
f 15428 15429 15457 15456
f 15429 15430 15458 15457
f 15430 15431 15459 15458
f 15431 15432 15460 15459
f 15432 15433 15461 15460
f 15433 15434 15462 15461
f 15434 15435 15463 15462
f 15435 15436 15464 15463
f 15436 15437 15465 15464
f 15437 15438 15466 15465
f 15438 15439 15467 15466
f 15439 15440 15468 15467
f 15440 15441 15469 15468
f 15441 15442 15470 15469
f 15442 15443 15471 15470
f 15444 15445 15473 15472
f 15445 15446 15474 15473
f 15446 15447 15475 15474
f 15447 15448 15476 15475
f 15448 15449 15477 15476
f 15449 15450 15478 15477
f 15450 15451 15479 15478
f 15451 15452 15480 15479
f 15452 15453 15481 15480
f 15453 15454 15482 15481
f 15454 15455 15483 15482
f 15455 15456 15484 15483
f 15456 15457 15485 15484
f 15457 15458 15486 15485
f 15458 15459 15487 15486
f 15459 15460 15488 15487
f 15460 15461 15489 15488
f 15461 15462 15490 15489
f 15462 15463 15491 15490
f 15463 15464 15492 15491
f 15464 15465 15493 15492
f 15465 15466 15494 15493
f 15466 15467 15495 15494
f 15467 15468 15496 15495
f 15468 15469 15497 15496
f 15469 15470 15498 15497
f 15470 15471 15499 15498
f 15473 15474 15501 15500
f 15474 15475 15502 15501
f 15475 15476 15503 15502
f 15476 15477 15504 15503
f 15477 15478 15505 15504
f 15478 15479 15506 15505
f 15479 15480 15507 15506
f 15480 15481 15508 15507
f 15481 15482 15509 15508
f 15482 15483 15510 15509
f 15483 15484 15511 15510
f 15484 15485 15512 15511
f 15485 15486 15513 15512
f 15486 15487 15514 15513
f 15487 15488 15515 15514
f 15488 15489 15516 15515
f 15489 15490 15517 15516
f 15490 15491 15518 15517
f 15491 15492 15519 15518
f 15492 15493 15520 15519
f 15493 15494 15521 15520
f 15494 15495 15522 15521
f 15495 15496 15523 15522
f 15496 15497 15524 15523
f 15497 15498 15525 15524
f 15501 15502 15527 15526
f 15502 15503 15528 15527
f 15503 15504 15529 15528
f 15504 15505 15530 15529
f 15505 15506 15531 15530
f 15506 15507 15532 15531
f 15507 15508 15533 15532
f 15508 15509 15534 15533
f 15509 15510 15535 15534
f 15510 15511 15536 15535
f 15511 15512 15537 15536
f 15512 15513 15538 15537
f 15513 15514 15539 15538
f 15514 15515 15540 15539
f 15515 15516 15541 15540
f 15516 15517 15542 15541
f 15517 15518 15543 15542
f 15518 15519 15544 15543
f 15519 15520 15545 15544
f 15520 15521 15546 15545
f 15521 15522 15547 15546
f 15522 15523 15548 15547
f 15523 15524 15549 15548
f 15529 15530 15551 15550
f 15530 15531 15552 15551
f 15531 15532 15553 15552
f 15532 15533 15554 15553
f 15533 15534 15555 15554
f 15534 15535 15556 15555
f 15535 15536 15557 15556
f 15536 15537 15558 15557
f 15537 15538 15559 15558
f 15538 15539 15560 15559
f 15539 15540 15561 15560
f 15540 15541 15562 15561
f 15541 15542 15563 15562
f 15542 15543 15564 15563
f 15543 15544 15565 15564
f 15544 15545 15566 15565
f 15545 15546 15567 15566
f 15551 15552 15569 15568
f 15552 15553 15570 15569
f 15553 15554 15571 15570
f 15554 15555 15572 15571
f 15555 15556 15573 15572
f 15556 15557 15574 15573
f 15557 15558 15575 15574
f 15558 15559 15576 15575
f 15559 15560 15577 15576
f 15560 15561 15578 15577
f 15561 15562 15579 15578
f 15562 15563 15580 15579
f 15563 15564 15581 15580
f 15564 15565 15582 15581
f 15565 15566 15583 15582
f 15571 15572 15585 15584
f 15572 15573 15586 15585
f 15573 15574 15587 15586
f 15574 15575 15588 15587
f 15575 15576 15589 15588
f 15576 15577 15590 15589
f 15577 15578 15591 15590
f 15578 15579 15592 15591
f 15579 15580 15593 15592
f 15594 15605 15597
f 15606 15605 15594 15595
f 15607 15606 15595 15596
f 15598 15608 15607 15596
f 15599 15597 15605 15609
f 15608 15598 15600 15610
f 15601 15599 15609 15611
f 15600 15604 15612 15610
f 15601 15611 15602
f 15603 15602 15611 15613
f 15604 15603 15613 15614
f 15604 15614 15624 15612
f 15616 15615 15605 15606
f 15607 15618 15616 15606
f 15605 15615 15617 15609
f 15619 15618 15607 15608
f 15619 15608 15610
f 15609 15617 15620 15611
f 15619 15610 15612 15621
f 15622 15613 15611 15620
f 15612 15624 15621
f 15613 15622 15623
f 15614 15613 15623 15625
f 15614 15625 15634 15624
f 15617 15615 15616 15626
f 15618 15627 15626 15616
f 15619 15629 15627 15618
f 15620 15617 15626 15628
f 15629 15619 15621
f 15622 15620 15628 15630
f 15629 15621 15624 15631
f 15622 15630 15632 15623
f 15625 15623 15632 15633
f 15624 15634 15631
f 15634 15625 15633
f 15628 15626 15627 15635
f 15629 15636 15635 15627
f 15628 15635 15637 15630
f 15636 15629 15631 15638
f 15630 15637 15639 15632
f 15638 15631 15634 15640
f 15641 15632 15639
f 15633 15632 15641 15642
f 15634 15633 15642 15643
f 15634 15643 15649 15640
f 15635 15644 15637
f 15645 15644 15635 15636
f 15645 15636 15638
f 15639 15637 15644 15646
f 15640 15647 15645 15638
f 15641 15639 15646 15648
f 15640 15649 15647
f 15641 15648 15650 15642
f 15643 15642 15650 15651
f 15651 15652 15649 15643
f 15644 15653 15646
f 15654 15653 15644 15645
f 15647 15655 15654 15645
f 15646 15653 15656 15648
f 15655 15647 15649 15657
f 15648 15656 15658 15650
f 15657 15649 15652 15660
f 15658 15659 15651 15650
f 15659 15660 15652 15651
f 15653 15661 15656
f 15662 15661 15653 15654
f 15663 15662 15654 15655
f 15663 15655 15657
f 15656 15661 15664 15658
f 15663 15657 15660 15665
f 15666 15658 15664
f 15659 15658 15666 15667
f 15660 15659 15667 15668
f 15660 15668 15665
f 15669 15670 15661 15662
f 15663 15671 15669 15662
f 15661 15670 15664
f 15671 15663 15665
f 15664 15670 15672 15666
f 15671 15665 15668 15673
f 15667 15666 15672 15674
f 15668 15667 15674 15675
f 15668 15675 15681 15673
f 15669 15676 15670
f 15671 15677 15676 15669
f 15672 15670 15676 15678
f 15673 15679 15677 15671
f 15678 15680 15674 15672
f 15673 15681 15679
f 15675 15674 15680 15682
f 15682 15683 15681 15675
f 15678 15676 15677 15684
f 15679 15685 15684 15677
f 15678 15684 15686 15680
f 15685 15679 15681 15688
f 15689 15682 15680 15686
f 15688 15681 15683 15690
f 15689 15691 15692 15682
f 15683 15682 15692 15693
f 15683 15693 15690
f 15692 15691 15694 15695
f 15693 15692 15695 15696
f 15695 15694 15697 15698
f 15696 15695 15698 15699
f 15698 15697 15700 15701
f 15699 15698 15701 15702
f 15701 15700 15703 15704
f 15702 15701 15704 15705
f 15703 15706 15704
f 15705 15704 15706 15707
f 15707 15706 15708 15709
f 15686 15684 15687
f 15684 15685 15688 15687
f 15689 15686 15687 15710
f 15711 15710 15687 15688
f 15711 15688 15690
f 15691 15689 15710 15712
f 15711 15690 15693 15713
f 15694 15691 15712 15714
f 15713 15693 15696 15715
f 15697 15694 15714 15716
f 15715 15696 15699 15717
f 15697 15716 15718 15700
f 15717 15699 15702 15720
f 15700 15718 15721 15703
f 15720 15702 15705 15723
f 15703 15721 15724 15706
f 15724 15723 15705 15707
f 15706 15724 15725 15708
f 15726 15724 15707
f 15707 15709 15727 15726
f 15728 15708 15725 15733
f 15709 15708 15728 15729
f 15729 15730 15727 15709
f 15728 15731 15730 15729
f 15710 15711 15713 15712
f 15712 15713 15715 15714
f 15714 15715 15717 15716
f 15718 15716 15719
f 15716 15717 15720 15719
f 15718 15719 15722 15721
f 15719 15720 15723 15722
f 15724 15721 15722 15723
f 15732 15725 15724 15726
f 15727 15735 15732 15726
f 15733 15725 15732 15734
f 15735 15727 15730 15737
f 15728 15733 15736 15731
f 15730 15731 15736 15737
f 15732 15735 15734
f 15736 15733 15734
f 15734 15735 15737 15736

 